date,gem_location_id,plant_name,province,latitude,longitude,treated,pilot,cohort_year,product,version,value_mean,n_valid_pixels
2026-07-24,L100000100200,Anhui Bengbu power station,Anhui,32.78444,117.11472,0,,,OMSO2e,4,0.0359999947249889,5
2026-07-24,L100000100201,Anhui Huainan Panji power station,Anhui,32.76917,116.759595,0,,,OMSO2e,4,0.0324999988079071,4
2026-07-24,L100000100205,Chizhou Jiuhua power station,Anhui,30.7531097,117.5906618,0,,,OMSO2e,4,,0
2026-07-24,L100000100206,Pingwei power station,Anhui,32.68417,116.901389,0,,,OMSO2e,4,0.0333333313465118,6
2026-07-24,L100000100211,Fuyang power station,Anhui,33.00444,115.845278,0,,,OMSO2e,4,0.0299999993294477,2
2026-07-24,L100000100218,Wuhu power station,Anhui,31.2372348,118.1497184,0,,,OMSO2e,4,,0
2026-07-24,L100000100222,Huaibei Pingshan power station,Anhui,33.83392,116.831102,0,,,OMSO2e,4,0.0240000002086162,5
2026-07-24,L100000100223,Huainan Fengtai power station,Anhui,32.758,116.65,0,,,OMSO2e,4,0.0316666662693023,6
2026-07-24,L100000100225,Huainan Luohe power station,Anhui,32.68455,117.07511,0,,,OMSO2e,4,0.0349999964237213,4
2026-07-24,L100000100226,Huainan Tianji power station,Anhui,32.7465,116.8127,0,,,OMSO2e,4,0.0333333313465118,6
2026-07-24,L100000100233,Lixin Banji power station,Anhui,32.897245,116.242561,0,,,OMSO2e,4,0.0299999974668025,5
2026-07-24,L100000100237,Anqing power station,Anhui,30.541,117.1717,0,,,OMSO2e,4,,0
2026-07-24,L100000100240,Suzhou Qianyingzi power station,Anhui,33.5107954,116.9261351,0,,,OMSO2e,4,-0.1383333206176757,6
2026-07-24,L100000100242,Tongling Wanneng power station,Anhui,30.88181,117.76439,0,,,OMSO2e,4,,0
2026-07-24,L100000100245,Ma'anshan power station,Anhui,31.750737,118.4796925,0,,,OMSO2e,4,,0
2026-07-24,L100000100269,Chongqing Shuanghuai power station,Chongqing,30.1611074,106.5480599,1,CQ_pilot,2013.0,OMSO2e,4,,0
2026-07-24,L100000100272,Luohuang power station,Chongqing,29.347364,106.433182,1,CQ_pilot,2013.0,OMSO2e,4,,0
2026-07-24,L100000100276,Chongqing Wanzhou power station,Chongqing,30.677938,108.398976,1,CQ_pilot,2013.0,OMSO2e,4,,0
2026-07-24,L100000100283,Ningde power station,Fujian,26.7574469,119.7353942,1,FJ_pilot,2016.0,OMSO2e,4,-0.1399999856948852,4
2026-07-24,L100000100285,Fujian Hongshan power station,Fujian,24.7272766,118.7496944,1,FJ_pilot,2016.0,OMSO2e,4,,0
2026-07-24,L100000100287,Fuzhou Kemen power station,Fujian,26.3734254,119.7622418,1,FJ_pilot,2016.0,OMSO2e,4,0.1833333224058151,6
2026-07-24,L100000100288,Fuzhou Jiangyin power station,Fujian,25.438464,119.3396226,1,FJ_pilot,2016.0,OMSO2e,4,,0
2026-07-24,L100000100291,Houshi power station,Fujian,24.3030594,118.1259157,1,FJ_pilot,2016.0,OMSO2e,4,,0
2026-07-24,L100000100293,Huaneng Fuzhou power station,Fujian,25.99083,119.4816,1,FJ_pilot,2016.0,OMSO2e,4,0.1600000113248825,3
2026-07-24,L100000100298,Luoyuan Bay power station,Fujian,26.385334,119.789459,1,FJ_pilot,2016.0,OMSO2e,4,0.2128571271896362,7
2026-07-24,L100000100299,Meizhouwan power station,Fujian,25.1608278,119.0333354,1,FJ_pilot,2016.0,OMSO2e,4,,0
2026-07-24,L100000100300,Nanpu Quanzhou power station,Fujian,25.2044,118.94385,1,FJ_pilot,2016.0,OMSO2e,4,,0
2026-07-24,L100000100303,Xiamen Songyu power station,Fujian,24.4460582,118.0267975,1,FJ_pilot,2016.0,OMSO2e,4,,0
2026-07-24,L100000100318,Guazhou Changle power station,Gansu,40.6599,96.513,0,,,OMSO2e,4,-0.1299999952316284,1
2026-07-24,L100000100320,Zhangye power station,Gansu,39.071222,100.462929,0,,,OMSO2e,4,,0
2026-07-24,L100000100326,Pingliang power station,Gansu,35.5017,106.7861,0,,,OMSO2e,4,,0
2026-07-24,L100000100328,Gansu Zhengning power station,Gansu,35.268403,107.975564,0,,,OMSO2e,4,,0
2026-07-24,L100000100339,Lingtai power station,Gansu,35.0858218,107.7152829,0,,,OMSO2e,4,,0
2026-07-24,L100000100347,Chaozhou Sanbaimen power station,Guangdong,23.56645,117.0972,1,GD_pilot,2013.0,OMSO2e,4,,0
2026-07-24,L100000100354,Leizhou power station,Guangdong,20.51161,109.82803,1,GD_pilot,2013.0,OMSO2e,4,,0
2026-07-24,L100000100358,Guangdong Huilai power station,Guangdong,23.0047771,116.5472388,1,GD_pilot,2013.0,OMSO2e,4,0.0700000002980232,4
2026-07-24,L100000100359,Guangdong Huizhou Pinghai power station,Guangdong,22.6064638,114.741919,1,GD_pilot,2013.0,OMSO2e,4,0.006666665431112,6
2026-07-24,L100000100361,Guangdong Shaoguan power station,Guangdong,24.682,113.605,1,GD_pilot,2013.0,OMSO2e,4,0.106666661798954,3
2026-07-24,L100000100372,Taishan power station,Guangdong,21.8667,112.9228,1,GD_pilot,2013.0,OMSO2e,4,,0
2026-07-24,L100000100377,Heyuan power station,Guangdong,23.567222,114.640278,1,GD_pilot,2013.0,OMSO2e,4,0.011428571306169,7
2026-07-24,L100000100381,Haimen power station,Guangdong,23.1899,116.6548,1,GD_pilot,2013.0,OMSO2e,4,0.1400000005960464,3
2026-07-24,L100000100390,Lufeng Jiahuwan power station,Guangdong,22.832499,115.985482,1,GD_pilot,2013.0,OMSO2e,4,0.2039999961853027,5
2026-07-24,L100000100392,Maoming Bohe power station,Guangdong,21.441033,111.289628,1,GD_pilot,2013.0,OMSO2e,4,,0
2026-07-24,L100000100402,Shenhua Qingyuan power station,Guangdong,24.417008,113.540884,1,GD_pilot,2013.0,OMSO2e,4,-0.1400000005960464,1
2026-07-24,L100000100407,Shanwei Haifeng CCS power station,Guangdong,22.7545453,115.0419938,1,GD_pilot,2013.0,OMSO2e,4,0.0,4
2026-07-24,L100000100408,Shanwei Honghaiwan power station,Guangdong,22.70695,115.55529,1,GD_pilot,2013.0,OMSO2e,4,0.3019999861717224,5
2026-07-24,L100000100417,Yangxi Zhujiang power station,Guangdong,21.54264,111.67033,1,GD_pilot,2013.0,OMSO2e,4,,0
2026-07-24,L100000100418,Dabu power station,Guangdong,24.4057171,116.5877945,1,GD_pilot,2013.0,OMSO2e,4,0.0499999970197677,3
2026-07-24,L100000100430,Beihai Bebuwan power station,Guangxi,21.5821851,109.5816259,0,,,OMSO2e,4,,0
2026-07-24,L100000100436,Fangchenggang Qisha power station,Guangxi,21.5914,108.3946,0,,,OMSO2e,4,,0
2026-07-24,L100000100437,Beihai power station,Guangxi,21.535871,109.590176,0,,,OMSO2e,4,,0
2026-07-24,L100000100444,Hezhou power station,Guangxi,24.73609,111.34667,0,,,OMSO2e,4,,0
2026-07-24,L100000100452,Qinzhou power station,Guangxi,21.7004655,108.6243063,0,,,OMSO2e,4,,0
2026-07-24,L100000100477,Guizhou Fa'er power station,Guizhou,26.3259319,104.7705622,0,,,OMSO2e,4,,0
2026-07-24,L100000100498,Panxian-2 power station,Guizhou,25.4686039,104.5924059,0,,,OMSO2e,4,,0
2026-07-24,L100000100502,Qianxi power station,Guizhou,27.0516899,106.1252456,0,,,OMSO2e,4,,0
2026-07-24,L100000100542,China Resources Caofeidian power station,Hebei,38.9960653,118.4875488,0,,,OMSO2e,4,,0
2026-07-24,L100000100551,Dingzhou power station,Hebei,38.5122064,114.8433969,0,,,OMSO2e,4,,0
2026-07-24,L100000100568,Shang'an power station,Hebei,38.05729,114.19627,0,,,OMSO2e,4,,0
2026-07-24,L100000100569,Hebei Cangdong power station,Hebei,38.31,117.8786111,0,,,OMSO2e,4,,0
2026-07-24,L100000100591,Xibaipo power station,Hebei,38.245068,114.2149428,0,,,OMSO2e,4,,0
2026-07-24,L100000100598,Zhangjiakou power station,Hebei,40.6595781,114.9438143,0,,,OMSO2e,4,,0
2026-07-24,L100000100610,Qitaihe power station,Heilongjiang,45.7604176,131.0533476,0,,,OMSO2e,4,,0
2026-07-24,L100000100647,Datang Sanmenxia power station,Henan,34.6855176,111.0274363,0,,,OMSO2e,4,,0
2026-07-24,L100000100648,Xinyang power station,Henan,32.109018,114.140877,0,,,OMSO2e,4,,0
2026-07-24,L100000100650,Dengfeng-2 power station,Henan,34.39274,113.19878,0,,,OMSO2e,4,,0
2026-07-24,L100000100657,Hebi power station,Henan,35.851366,114.1798126,0,,,OMSO2e,4,,0
2026-07-24,L100000100664,Henan Xin'an power station,Henan,34.7413202,112.0634119,0,,,OMSO2e,4,,0
2026-07-24,L100000100665,Henan Xinmi power station,Henan,34.50003,113.59801,0,,,OMSO2e,4,,0
2026-07-24,L100000100677,Qinbei power station,Henan,35.1676,112.71654,0,,,OMSO2e,4,,0
2026-07-24,L100000100680,Jiaozuo Danhe power station,Henan,35.188487,112.887561,0,,,OMSO2e,4,,0
2026-07-24,L100000100696,Nanyang Yahekou power station,Henan,33.3086427,112.644474,0,,,OMSO2e,4,,0
2026-07-24,L100000100697,Pingdingshan Luyang power station,Henan,33.82189,113.01438,0,,,OMSO2e,4,,0
2026-07-24,L100000100707,Nanyang Neixiang power station,Henan,33.086416,111.90004,0,,,OMSO2e,4,,0
2026-07-24,L100000100716,Xuchang Yulong power station,Henan,34.1751132,113.3581446,0,,,OMSO2e,4,,0
2026-07-24,L100000100717,Yaomeng power station,Henan,33.7379928,113.2418822,0,,,OMSO2e,4,,0
2026-07-24,L100000100730,Dabieshan power station,Hubei,31.1420662,114.8921871,1,HB_pilot,2014.0,OMSO2e,4,,0
2026-07-24,L100000100737,Hanchuan power station,Hubei,30.6566087,113.9172741,1,HB_pilot,2014.0,OMSO2e,4,-0.0350000038743019,4
2026-07-24,L100000100740,Huadian Xisaishan power station,Hubei,30.203056,115.180278,1,HB_pilot,2014.0,OMSO2e,4,,0
2026-07-24,L100000100742,Yangluo power station,Hubei,30.6938889,114.5430556,1,HB_pilot,2014.0,OMSO2e,4,0.0399999991059303,2
2026-07-24,L100000100745,Hubei Ezhou power station,Hubei,30.5517656,114.6420121,1,HB_pilot,2014.0,OMSO2e,4,-0.1099999994039535,4
2026-07-24,L100000100751,Puqi Xianning power station,Hubei,29.66523,113.87296,1,HB_pilot,2014.0,OMSO2e,4,-0.036666665226221,6
2026-07-24,L100000100760,Huadian Xiangyang power station,Hubei,31.9118256,112.16692,1,HB_pilot,2014.0,OMSO2e,4,,0
2026-07-24,L100000100771,Pingjiang power station,Hunan,28.808542,113.54144,0,,,OMSO2e,4,,0
2026-07-24,L100000100773,Huaneng Yueyang power station,Hunan,29.4497908,113.1623018,0,,,OMSO2e,4,0.1449999958276748,6
2026-07-24,L100000100779,Jinzhushan power station,Hunan,27.6252776,111.4823651,0,,,OMSO2e,4,,0
2026-07-24,L100000100782,Liyujiang power station,Hunan,25.940443,113.192476,0,,,OMSO2e,4,,0
2026-07-24,L100000100785,Shenhua Yongzhou power station,Hunan,26.56672,111.492692,0,,,OMSO2e,4,,0
2026-07-24,L100000100786,Guoneng Yueyang power station,Hunan,29.6129835,112.754572,0,,,OMSO2e,4,0.2833333313465118,3
2026-07-24,L100000100788,Xiangtan power station,Hunan,27.8282792,112.9968045,0,,,OMSO2e,4,,0
2026-07-24,L100000100789,Yiyang power station,Hunan,28.5966667,112.2686111,0,,,OMSO2e,4,,0
2026-07-24,L100000100795,Baotou Aluminum power station,Inner Mongolia,40.557202,110.148382,1,IM_voluntary,2015.0,OMSO2e,4,,0
2026-07-24,L100000100811,Chifeng Yuanbaoshan power station,Inner Mongolia,42.303333,119.324167,1,IM_voluntary,2015.0,OMSO2e,4,,0
2026-07-24,L100000100813,Chuangyuan Smelter power station,Inner Mongolia,45.437275,119.427496,1,IM_voluntary,2015.0,OMSO2e,4,0.209999993443489,2
2026-07-24,L100000100822,Daihai power station,Inner Mongolia,40.519675,112.667725,1,IM_voluntary,2015.0,OMSO2e,4,0.6850000023841858,6
2026-07-24,L100000100823,Dalate power station,Inner Mongolia,40.36695,109.99604,1,IM_voluntary,2015.0,OMSO2e,4,,0
2026-07-24,L100000100830,Togtoh power station,Inner Mongolia,40.1952329,111.358881,1,IM_voluntary,2015.0,OMSO2e,4,0.2150000184774398,6
2026-07-24,L100000100845,Guoneng Shanghaimiao power station,Inner Mongolia,38.309587,106.679378,1,IM_voluntary,2015.0,OMSO2e,4,,0
2026-07-24,L100000100847,Jiangsu Energy Group Wulagai power station,Inner Mongolia,45.955947,119.106454,1,IM_voluntary,2015.0,OMSO2e,4,-0.3100000023841858,4
2026-07-24,L100000100861,Hohhot Jinshan cogen power station,Inner Mongolia,40.7072133,111.4600879,1,IM_voluntary,2015.0,OMSO2e,4,-0.1099999919533729,6
2026-07-24,L100000100863,Hongjun Aluminum power station,Inner Mongolia,45.5128784,119.6504373,1,IM_voluntary,2015.0,OMSO2e,4,,0
2026-07-24,L100000100887,Shangdu power station,Inner Mongolia,42.22369,116.029256,1,IM_voluntary,2015.0,OMSO2e,4,0.1383333653211593,6
2026-07-24,L100000100888,Inner Mongolia Changcheng power station,Inner Mongolia,38.249688,106.657876,1,IM_voluntary,2015.0,OMSO2e,4,,0
2026-07-24,L100000100894,Yimin power station,Inner Mongolia,48.549722,119.773889,1,IM_voluntary,2015.0,OMSO2e,4,-0.5,3
2026-07-24,L100000100899,Huolinhe Zhanute power station,Inner Mongolia,45.409847,119.596739,1,IM_voluntary,2015.0,OMSO2e,4,,0
2026-07-24,L100000100910,Jining power station,Inner Mongolia,41.053294,113.153289,1,IM_voluntary,2015.0,OMSO2e,4,0.0049999952316284,6
2026-07-24,L100000100913,Junggar Suancigou power station,Inner Mongolia,39.711744,111.200548,1,IM_voluntary,2015.0,OMSO2e,4,0.0150000005960464,4
2026-07-24,L100000100933,Mengtai Beijiao power station,Inner Mongolia,39.846004,109.984888,1,IM_voluntary,2015.0,OMSO2e,4,,0
2026-07-24,L100000100937,Ordos Power Qipanjing power station,Inner Mongolia,39.385235,106.965664,1,IM_voluntary,2015.0,OMSO2e,4,,0
2026-07-24,L100000100948,Inner Mongolia Shenglu power station,Inner Mongolia,38.373756,106.782583,1,IM_voluntary,2015.0,OMSO2e,4,,0
2026-07-24,L100000100954,Tongliao power station,Inner Mongolia,43.6713737,122.1535206,1,IM_voluntary,2015.0,OMSO2e,4,0.6100000143051147,1
2026-07-24,L100000100969,Changshu-1 power station,Jiangsu,31.753204,120.9634852,0,,,OMSO2e,4,-0.0700000002980232,3
2026-07-24,L100000100970,Changshu-2 power station,Jiangsu,31.757764,120.97813,0,,,OMSO2e,4,-0.0700000002980232,3
2026-07-24,L100000100973,Yancheng Binhai power station,Jiangsu,34.307421,120.246943,0,,,OMSO2e,4,-0.1700000017881393,4
2026-07-24,L100000100974,Changzhou power station,Jiangsu,31.9583333,119.9925,0,,,OMSO2e,4,-0.1299999952316284,3
2026-07-24,L100000100982,Taizhou power station,Jiangsu,32.187206,119.914444,0,,,OMSO2e,4,-0.1299999952316284,3
2026-07-24,L100000100984,Guohua Xuzhou power station,Jiangsu,34.395144,117.259705,0,,,OMSO2e,4,-0.0399999991059303,3
2026-07-24,L100000100988,Jurong power station,Jiangsu,32.19575,119.2497,0,,,OMSO2e,4,-0.1299999952316284,2
2026-07-24,L100000100993,Jinling power station,Jiangsu,32.17178,119.01977,0,,,OMSO2e,4,-0.1299999952316284,3
2026-07-24,L100000100997,Huaneng Taicang power station,Jiangsu,31.656908,121.17932,0,,,OMSO2e,4,-0.1366666555404663,6
2026-07-24,L100000100998,Jianbi power station,Jiangsu,32.17693,119.57554,0,,,OMSO2e,4,-0.1299999952316284,4
2026-07-24,L100000101000,Guoxin Jingjiang power station,Jiangsu,32.030487,120.383144,0,,,OMSO2e,4,-0.1299999952316284,1
2026-07-24,L100000101005,Jiangsu Nantong power station,Jiangsu,32.03214,120.76956,0,,,OMSO2e,4,0.1299999952316284,1
2026-07-24,L100000101008,Jiangsu Sheyanggang power station,Jiangsu,33.8185009,120.4633498,0,,,OMSO2e,4,,0
2026-07-24,L100000101018,Ligang power station,Jiangsu,31.940813,120.0766476,0,,,OMSO2e,4,-0.1299999952316284,3
2026-07-24,L100000101020,Lusigang power station,Jiangsu,32.05858,121.72669,0,,,OMSO2e,4,0.1979999840259552,5
2026-07-24,L100000101039,Xinhai power station,Jiangsu,34.57789,119.12671,0,,,OMSO2e,4,,0
2026-07-24,L100000101044,Xuzhou Pengcheng power station,Jiangsu,34.3779,117.17591,0,,,OMSO2e,4,-0.0049999989569187,2
2026-07-24,L100000101047,Guoxin Yangzhou power station,Jiangsu,32.267778,119.419444,0,,,OMSO2e,4,-0.1299999952316284,3
2026-07-24,L100000101053,Zhangjiagang Shazhou power station,Jiangsu,31.989733,120.6879258,0,,,OMSO2e,4,0.1299999952316284,1
2026-07-24,L100000101057,Fuzhou power station,Jiangxi,27.7844943,116.5644289,0,,,OMSO2e,4,,0
2026-07-24,L100000101058,Datang Xinyu power station,Jiangxi,27.679755,114.956506,0,,,OMSO2e,4,0.0116666676476597,6
2026-07-24,L100000101060,Fengcheng power station,Jiangxi,28.1943602,115.7088424,0,,,OMSO2e,4,-0.116000011563301,5
2026-07-24,L100000101063,Guixi power station,Jiangxi,28.28914,117.2235,0,,,OMSO2e,4,,0
2026-07-24,L100000101068,Jinggangshan power station,Jiangxi,27.0474697,115.0203859,0,,,OMSO2e,4,0.0799999982118606,4
2026-07-24,L100000101069,Ruijin power station,Jiangxi,25.9244055,115.1028219,0,,,OMSO2e,4,0.125,6
2026-07-24,L100000101074,Shenhua Jiujiang power station,Jiangxi,29.826619,116.375973,0,,,OMSO2e,4,,0
2026-07-24,L100000101114,Shuangliao power station,Jilin,43.5282178,123.4633255,0,,,OMSO2e,4,,0
2026-07-24,L100000101160,Yingkou power station,Liaoning,40.303837,122.105968,0,,,OMSO2e,4,-0.1500000059604644,3
2026-07-24,L100000101178,Suizhong power station,Liaoning,40.07962,120.00959,0,,,OMSO2e,4,,0
2026-07-24,L100000101181,Tieling power station,Liaoning,42.3450141,123.8030455,0,,,OMSO2e,4,,0
2026-07-24,L100000101187,Daba power station,Ningxia,37.9916691,105.9247833,0,,,OMSO2e,4,,0
2026-07-24,L100000101190,Ningdong Fangjiazhuang power station,Ningxia,37.837649,106.666501,0,,,OMSO2e,4,,0
2026-07-24,L100000101191,Shizuishan power station,Ningxia,39.2848224,106.7890371,0,,,OMSO2e,4,,0
2026-07-24,L100000101192,Ningdong power station,Ningxia,37.844757,106.786777,0,,,OMSO2e,4,,0
2026-07-24,L100000101203,Ningxia Lingwu power station,Ningxia,38.148333,106.345833,0,,,OMSO2e,4,,0
2026-07-24,L100000101219,Yuanyang Lake power station,Ningxia,38.0575,106.691389,0,,,OMSO2e,4,,0
2026-07-24,L100000101244,Fugu Qingshuichuan power station,Shaanxi,39.2048853,111.1190328,0,,,OMSO2e,4,-0.0249999985098838,4
2026-07-24,L100000101246,Guodian Baoji-2 power station,Shaanxi,34.4980333,107.2181511,0,,,OMSO2e,4,,0
2026-07-24,L100000101252,Hancheng power station,Shaanxi,35.6007189,110.5557051,0,,,OMSO2e,4,,0
2026-07-24,L100000101265,Leilongwan power station,Shaanxi,37.925376,109.101678,0,,,OMSO2e,4,,0
2026-07-24,L100000101269,Pucheng power station,Shaanxi,34.9779314,109.7999759,0,,,OMSO2e,4,,0
2026-07-24,L100000101277,Fugu Miaogoumen power station,Shaanxi,39.208319,110.784956,0,,,OMSO2e,4,-0.0599999986588954,2
2026-07-24,L100000101278,Jinjie power station,Shaanxi,38.7368389,110.1661297,0,,,OMSO2e,4,,0
2026-07-24,L100000101297,Yulin Hengshan power station,Shaanxi,38.03372,109.415067,0,,,OMSO2e,4,,0
2026-07-24,L100000101307,Binzhou Boxing power station,Shandong,37.27629,118.330855,0,,,OMSO2e,4,,0
2026-07-24,L100000101316,Datang Dongying power station,Shandong,38.113151,118.910229,0,,,OMSO2e,4,,0
2026-07-24,L100000101332,Guohua Shouguang power station,Shandong,37.269686,118.906738,0,,,OMSO2e,4,,0
2026-07-24,L100000101339,Huadian Laizhou power station,Shandong,37.432222,120.018056,0,,,OMSO2e,4,,0
2026-07-24,L100000101341,Shiliquan power station,Shandong,34.814444,117.573056,0,,,OMSO2e,4,,0
2026-07-24,L100000101342,Huadian Weifang power station,Shandong,36.6656392,119.2632115,0,,,OMSO2e,4,,0
2026-07-24,L100000101344,Huaneng Dezhou power station,Shandong,37.449349,116.2415516,0,,,OMSO2e,4,,0
2026-07-24,L100000101348,Huaneng Laiwu power station,Shandong,36.1342702,117.6849675,0,,,OMSO2e,4,,0
2026-07-24,L100000101383,Rizhao power station,Shandong,35.3454727,119.5104761,0,,,OMSO2e,4,-0.0766666606068611,3
2026-07-24,L100000101399,Shiheng-2 power station,Shandong,36.2123187,116.5136301,0,,,OMSO2e,4,,0
2026-07-24,L100000101409,Weihai power station,Shandong,37.44899,122.20724,0,,,OMSO2e,4,,0
2026-07-24,L100000101415,Weiqiao Huji power station,Shandong,37.347901,117.781587,0,,,OMSO2e,4,,0
2026-07-24,L100000101420,Weiqiao Zouping-1 power station,Shandong,36.9106725,117.7853572,0,,,OMSO2e,4,,0
2026-07-24,L100000101425,Weiqiao Zouping-7 power station,Shandong,36.896297,117.860459,0,,,OMSO2e,4,,0
2026-07-24,L100000101429,Shandong Xinfa Xinyuan power station,Shandong,36.615766,116.225215,0,,,OMSO2e,4,,0
2026-07-24,L100000101442,Zouxian power station,Shandong,35.3255698,116.9260912,0,,,OMSO2e,4,,0
2026-07-24,L100000101444,Shanghai Caojing power station,Shanghai,30.76073,121.4008,1,SH_pilot,2013.0,OMSO2e,4,0.0283333361148834,6
2026-07-24,L100000101447,Shanghai Shidongkou power station,Shanghai,31.4650719,121.4048433,1,SH_pilot,2013.0,OMSO2e,4,-0.3133333325386047,6
2026-07-24,L100000101448,Waigaoqiao power station,Shanghai,31.3536333,121.6002746,1,SH_pilot,2013.0,OMSO2e,4,-0.213333323597908,6
2026-07-24,L100000101515,Shanxi Zhaoguang power station,Shanxi,36.5537987,111.6917736,0,,,OMSO2e,4,,0
2026-07-24,L100000101518,Shenhua Hequ power station,Shanxi,39.3830746,111.1843014,0,,,OMSO2e,4,-0.0299999956041574,6
2026-07-24,L100000101519,Shentou power station,Shanxi,39.550981,112.488736,0,,,OMSO2e,4,-0.3840000033378601,5
2026-07-24,L100000101529,Tongmei Tashan power station,Shanxi,39.9249917,113.0839199,0,,,OMSO2e,4,-0.3299999833106994,7
2026-07-24,L100000101542,Xishan Gujiao power station,Shanxi,37.8952266,112.0930982,0,,,OMSO2e,4,0.2800000011920929,5
2026-07-24,L100000101543,Yangcheng power station,Shanxi,35.466123,112.5742039,0,,,OMSO2e,4,,0
2026-07-24,L100000101551,Yuguang Coal power station,Shanxi,38.078135,113.482791,0,,,OMSO2e,4,,0
2026-07-24,L100000101554,Zhangshan power station,Shanxi,36.326115,113.081402,0,,,OMSO2e,4,,0
2026-07-24,L100000101555,Changzhi power station,Shanxi,36.3226498,113.0816012,0,,,OMSO2e,4,,0
2026-07-24,L100000101567,Guang'an power station,Sichuan,30.5288201,106.8264802,0,,,OMSO2e,4,,0
2026-07-24,L100000101580,Tianming power station,Sichuan,31.869616,104.910148,0,,,OMSO2e,4,,0
2026-07-24,L100000101588,Panshan power station,Tianjin,39.9801382,117.4630704,1,TJ_pilot,2013.0,OMSO2e,4,,0
2026-07-24,L100000101589,Tianjin Beijiang power station,Tianjin,39.2193209,117.9298639,1,TJ_pilot,2013.0,OMSO2e,4,,0
2026-07-24,L100000101617,East Hope Metals Wucaiwan power station,Xinjiang,44.6829461,89.1158667,0,,,OMSO2e,4,-0.0799999982118606,7
2026-07-24,L100000101668,Xinjiang Qiya Smelter power station,Xinjiang,44.8955881,89.049629,0,,,OMSO2e,4,-0.098750002682209,8
2026-07-24,L100000101675,Shenhua Guoneng Hami power station,Xinjiang,42.411226,93.009166,0,,,OMSO2e,4,0.067500002682209,8
2026-07-24,L100000101677,Shenhua Zhundong Wucaiwan power station,Xinjiang,44.795533,89.149825,0,,,OMSO2e,4,-0.1516666710376739,6
2026-07-24,L100000101681,Tianchi Changji cogen power station,Xinjiang,44.004362,87.171961,0,,,OMSO2e,4,0.3250000178813934,6
2026-07-24,L100000101682,Tianchi Energy Zhundong Wucaiwan power station,Xinjiang,44.8524482,89.1959171,0,,,OMSO2e,4,-0.1525000035762787,8
2026-07-24,L100000101696,Wucaiwan Bei'er power station,Xinjiang,44.8388927,89.1908616,0,,,OMSO2e,4,-0.1366666555404663,9
2026-07-24,L100000101697,Wujiaqu power station,Xinjiang,44.26892,87.687877,0,,,OMSO2e,4,0.0816666558384895,6
2026-07-24,L100000101709,XPCC Shihezi Cogen power station,Xinjiang,44.428094,86.093609,0,,,OMSO2e,4,-0.2000000029802322,6
2026-07-24,L100000101716,Diandong power station,Yunnan,25.19943,104.6819,0,,,OMSO2e,4,,0
2026-07-24,L100000101730,Wushashan power station,Zhejiang,29.505411,121.662934,0,,,OMSO2e,4,-0.1700000017881393,6
2026-07-24,L100000101731,Beilun power station,Zhejiang,29.9427256,121.8131207,0,,,OMSO2e,4,0.1960000097751617,5
2026-07-24,L100000101732,Guohua Zhoushan power station,Zhejiang,30.103996,122.184817,0,,,OMSO2e,4,-0.0416666716337204,6
2026-07-24,L100000101736,Yuhuan power station,Zhejiang,28.1151529,121.1391369,0,,,OMSO2e,4,-0.007999999448657,5
2026-07-24,L100000101737,China Resources Wenzhou power station,Zhejiang,27.4974228,120.6631851,0,,,OMSO2e,4,0.3583333194255829,6
2026-07-24,L100000101739,Jiaxing power station,Zhejiang,30.62804,121.14422,0,,,OMSO2e,4,-0.0759999901056289,5
2026-07-24,L100000101742,Lanxi power station,Zhejiang,29.1866175,119.5068449,0,,,OMSO2e,4,0.0399999991059303,2
2026-07-24,L100000101747,Ninghai power station,Zhejiang,29.4817622,121.5114792,0,,,OMSO2e,4,-0.1700000017881393,4
2026-07-24,L100000101750,Zhejiang Taizhou-2 power station,Zhejiang,29.012395,121.695507,0,,,OMSO2e,4,0.1299999952316284,6
2026-07-24,L100000101761,Zheneng Liuheng power station,Zhejiang,29.7593387,122.1266091,0,,,OMSO2e,4,0.1749999970197677,6
2026-07-24,L100000101762,Zheneng Wenzhou power station,Zhejiang,27.9957103,120.8358582,0,,,OMSO2e,4,-0.0233333334326744,6
2026-07-24,L100000101763,Zheneng Yueqing power station,Zhejiang,28.1704074,121.0889375,0,,,OMSO2e,4,0.0100000007078051,6
2026-07-24,L100000104506,Fu County power station,Shaanxi,35.858656,109.2167,0,,,OMSO2e,4,,0
2026-07-24,L100000104758,Hubei Yicheng power station,Hubei,31.781843,112.129461,1,HB_pilot,2014.0,OMSO2e,4,,0
2026-07-24,L100000104917,Shanggao power station,Jiangxi,28.185566,114.825697,0,,,OMSO2e,4,-0.1016666665673255,6
2026-07-24,L100000104944,Hami-Chongqing UHV Transmission Line power station,Xinjiang,44.53792,92.926001,0,,,OMSO2e,4,-0.2079999893903732,5
2026-07-24,L100000104970,Jiangsu Guoxin Shazhou power station,Jiangsu,31.985654,120.684419,0,,,OMSO2e,4,0.1299999952316284,1
2026-07-24,L100000105025,Datong-2 power station,Shanxi,40.0279118,113.2933181,0,,,OMSO2e,4,-0.2916666865348816,6
2026-07-23,L100000100200,Anhui Bengbu power station,Anhui,32.78444,117.11472,0,,,OMSO2e,4,,0
2026-07-23,L100000100201,Anhui Huainan Panji power station,Anhui,32.76917,116.759595,0,,,OMSO2e,4,,0
2026-07-23,L100000100205,Chizhou Jiuhua power station,Anhui,30.7531097,117.5906618,0,,,OMSO2e,4,,0
2026-07-23,L100000100206,Pingwei power station,Anhui,32.68417,116.901389,0,,,OMSO2e,4,,0
2026-07-23,L100000100211,Fuyang power station,Anhui,33.00444,115.845278,0,,,OMSO2e,4,,0
2026-07-23,L100000100218,Wuhu power station,Anhui,31.2372348,118.1497184,0,,,OMSO2e,4,,0
2026-07-23,L100000100222,Huaibei Pingshan power station,Anhui,33.83392,116.831102,0,,,OMSO2e,4,,0
2026-07-23,L100000100223,Huainan Fengtai power station,Anhui,32.758,116.65,0,,,OMSO2e,4,,0
2026-07-23,L100000100225,Huainan Luohe power station,Anhui,32.68455,117.07511,0,,,OMSO2e,4,,0
2026-07-23,L100000100226,Huainan Tianji power station,Anhui,32.7465,116.8127,0,,,OMSO2e,4,,0
2026-07-23,L100000100233,Lixin Banji power station,Anhui,32.897245,116.242561,0,,,OMSO2e,4,,0
2026-07-23,L100000100237,Anqing power station,Anhui,30.541,117.1717,0,,,OMSO2e,4,,0
2026-07-23,L100000100240,Suzhou Qianyingzi power station,Anhui,33.5107954,116.9261351,0,,,OMSO2e,4,,0
2026-07-23,L100000100242,Tongling Wanneng power station,Anhui,30.88181,117.76439,0,,,OMSO2e,4,,0
2026-07-23,L100000100245,Ma'anshan power station,Anhui,31.750737,118.4796925,0,,,OMSO2e,4,,0
2026-07-23,L100000100269,Chongqing Shuanghuai power station,Chongqing,30.1611074,106.5480599,1,CQ_pilot,2013.0,OMSO2e,4,0.3866666555404663,6
2026-07-23,L100000100272,Luohuang power station,Chongqing,29.347364,106.433182,1,CQ_pilot,2013.0,OMSO2e,4,-0.055000003427267,6
2026-07-23,L100000100276,Chongqing Wanzhou power station,Chongqing,30.677938,108.398976,1,CQ_pilot,2013.0,OMSO2e,4,0.1014285758137703,7
2026-07-23,L100000100283,Ningde power station,Fujian,26.7574469,119.7353942,1,FJ_pilot,2016.0,OMSO2e,4,,0
2026-07-23,L100000100285,Fujian Hongshan power station,Fujian,24.7272766,118.7496944,1,FJ_pilot,2016.0,OMSO2e,4,,0
2026-07-23,L100000100287,Fuzhou Kemen power station,Fujian,26.3734254,119.7622418,1,FJ_pilot,2016.0,OMSO2e,4,,0
2026-07-23,L100000100288,Fuzhou Jiangyin power station,Fujian,25.438464,119.3396226,1,FJ_pilot,2016.0,OMSO2e,4,,0
2026-07-23,L100000100291,Houshi power station,Fujian,24.3030594,118.1259157,1,FJ_pilot,2016.0,OMSO2e,4,,0
2026-07-23,L100000100293,Huaneng Fuzhou power station,Fujian,25.99083,119.4816,1,FJ_pilot,2016.0,OMSO2e,4,,0
2026-07-23,L100000100298,Luoyuan Bay power station,Fujian,26.385334,119.789459,1,FJ_pilot,2016.0,OMSO2e,4,,0
2026-07-23,L100000100299,Meizhouwan power station,Fujian,25.1608278,119.0333354,1,FJ_pilot,2016.0,OMSO2e,4,,0
2026-07-23,L100000100300,Nanpu Quanzhou power station,Fujian,25.2044,118.94385,1,FJ_pilot,2016.0,OMSO2e,4,,0
2026-07-23,L100000100303,Xiamen Songyu power station,Fujian,24.4460582,118.0267975,1,FJ_pilot,2016.0,OMSO2e,4,,0
2026-07-23,L100000100318,Guazhou Changle power station,Gansu,40.6599,96.513,0,,,OMSO2e,4,0.1550000011920929,8
2026-07-23,L100000100320,Zhangye power station,Gansu,39.071222,100.462929,0,,,OMSO2e,4,-0.3600000143051147,6
2026-07-23,L100000100326,Pingliang power station,Gansu,35.5017,106.7861,0,,,OMSO2e,4,-0.1116666719317436,6
2026-07-23,L100000100328,Gansu Zhengning power station,Gansu,35.268403,107.975564,0,,,OMSO2e,4,0.004000000655651,5
2026-07-23,L100000100339,Lingtai power station,Gansu,35.0858218,107.7152829,0,,,OMSO2e,4,-0.0350000038743019,6
2026-07-23,L100000100347,Chaozhou Sanbaimen power station,Guangdong,23.56645,117.0972,1,GD_pilot,2013.0,OMSO2e,4,,0
2026-07-23,L100000100354,Leizhou power station,Guangdong,20.51161,109.82803,1,GD_pilot,2013.0,OMSO2e,4,0.0099999997764825,2
2026-07-23,L100000100358,Guangdong Huilai power station,Guangdong,23.0047771,116.5472388,1,GD_pilot,2013.0,OMSO2e,4,,0
2026-07-23,L100000100359,Guangdong Huizhou Pinghai power station,Guangdong,22.6064638,114.741919,1,GD_pilot,2013.0,OMSO2e,4,,0
2026-07-23,L100000100361,Guangdong Shaoguan power station,Guangdong,24.682,113.605,1,GD_pilot,2013.0,OMSO2e,4,,0
2026-07-23,L100000100372,Taishan power station,Guangdong,21.8667,112.9228,1,GD_pilot,2013.0,OMSO2e,4,0.0599999912083148,6
2026-07-23,L100000100377,Heyuan power station,Guangdong,23.567222,114.640278,1,GD_pilot,2013.0,OMSO2e,4,,0
2026-07-23,L100000100381,Haimen power station,Guangdong,23.1899,116.6548,1,GD_pilot,2013.0,OMSO2e,4,,0
2026-07-23,L100000100390,Lufeng Jiahuwan power station,Guangdong,22.832499,115.985482,1,GD_pilot,2013.0,OMSO2e,4,,0
2026-07-23,L100000100392,Maoming Bohe power station,Guangdong,21.441033,111.289628,1,GD_pilot,2013.0,OMSO2e,4,-0.4600000083446502,4
2026-07-23,L100000100402,Shenhua Qingyuan power station,Guangdong,24.417008,113.540884,1,GD_pilot,2013.0,OMSO2e,4,,0
2026-07-23,L100000100407,Shanwei Haifeng CCS power station,Guangdong,22.7545453,115.0419938,1,GD_pilot,2013.0,OMSO2e,4,,0
2026-07-23,L100000100408,Shanwei Honghaiwan power station,Guangdong,22.70695,115.55529,1,GD_pilot,2013.0,OMSO2e,4,,0
2026-07-23,L100000100417,Yangxi Zhujiang power station,Guangdong,21.54264,111.67033,1,GD_pilot,2013.0,OMSO2e,4,-0.1679999977350235,5
2026-07-23,L100000100418,Dabu power station,Guangdong,24.4057171,116.5877945,1,GD_pilot,2013.0,OMSO2e,4,,0
2026-07-23,L100000100430,Beihai Bebuwan power station,Guangxi,21.5821851,109.5816259,0,,,OMSO2e,4,,0
2026-07-23,L100000100436,Fangchenggang Qisha power station,Guangxi,21.5914,108.3946,0,,,OMSO2e,4,,0
2026-07-23,L100000100437,Beihai power station,Guangxi,21.535871,109.590176,0,,,OMSO2e,4,,0
2026-07-23,L100000100444,Hezhou power station,Guangxi,24.73609,111.34667,0,,,OMSO2e,4,,0
2026-07-23,L100000100452,Qinzhou power station,Guangxi,21.7004655,108.6243063,0,,,OMSO2e,4,,0
2026-07-23,L100000100477,Guizhou Fa'er power station,Guizhou,26.3259319,104.7705622,0,,,OMSO2e,4,,0
2026-07-23,L100000100498,Panxian-2 power station,Guizhou,25.4686039,104.5924059,0,,,OMSO2e,4,,0
2026-07-23,L100000100502,Qianxi power station,Guizhou,27.0516899,106.1252456,0,,,OMSO2e,4,,0
2026-07-23,L100000100542,China Resources Caofeidian power station,Hebei,38.9960653,118.4875488,0,,,OMSO2e,4,,0
2026-07-23,L100000100551,Dingzhou power station,Hebei,38.5122064,114.8433969,0,,,OMSO2e,4,,0
2026-07-23,L100000100568,Shang'an power station,Hebei,38.05729,114.19627,0,,,OMSO2e,4,,0
2026-07-23,L100000100569,Hebei Cangdong power station,Hebei,38.31,117.8786111,0,,,OMSO2e,4,,0
2026-07-23,L100000100591,Xibaipo power station,Hebei,38.245068,114.2149428,0,,,OMSO2e,4,,0
2026-07-23,L100000100598,Zhangjiakou power station,Hebei,40.6595781,114.9438143,0,,,OMSO2e,4,,0
2026-07-23,L100000100610,Qitaihe power station,Heilongjiang,45.7604176,131.0533476,0,,,OMSO2e,4,,0
2026-07-23,L100000100647,Datang Sanmenxia power station,Henan,34.6855176,111.0274363,0,,,OMSO2e,4,,0
2026-07-23,L100000100648,Xinyang power station,Henan,32.109018,114.140877,0,,,OMSO2e,4,,0
2026-07-23,L100000100650,Dengfeng-2 power station,Henan,34.39274,113.19878,0,,,OMSO2e,4,,0
2026-07-23,L100000100657,Hebi power station,Henan,35.851366,114.1798126,0,,,OMSO2e,4,,0
2026-07-23,L100000100664,Henan Xin'an power station,Henan,34.7413202,112.0634119,0,,,OMSO2e,4,,0
2026-07-23,L100000100665,Henan Xinmi power station,Henan,34.50003,113.59801,0,,,OMSO2e,4,,0
2026-07-23,L100000100677,Qinbei power station,Henan,35.1676,112.71654,0,,,OMSO2e,4,,0
2026-07-23,L100000100680,Jiaozuo Danhe power station,Henan,35.188487,112.887561,0,,,OMSO2e,4,,0
2026-07-23,L100000100696,Nanyang Yahekou power station,Henan,33.3086427,112.644474,0,,,OMSO2e,4,,0
2026-07-23,L100000100697,Pingdingshan Luyang power station,Henan,33.82189,113.01438,0,,,OMSO2e,4,,0
2026-07-23,L100000100707,Nanyang Neixiang power station,Henan,33.086416,111.90004,0,,,OMSO2e,4,,0
2026-07-23,L100000100716,Xuchang Yulong power station,Henan,34.1751132,113.3581446,0,,,OMSO2e,4,,0
2026-07-23,L100000100717,Yaomeng power station,Henan,33.7379928,113.2418822,0,,,OMSO2e,4,,0
2026-07-23,L100000100730,Dabieshan power station,Hubei,31.1420662,114.8921871,1,HB_pilot,2014.0,OMSO2e,4,,0
2026-07-23,L100000100737,Hanchuan power station,Hubei,30.6566087,113.9172741,1,HB_pilot,2014.0,OMSO2e,4,,0
2026-07-23,L100000100740,Huadian Xisaishan power station,Hubei,30.203056,115.180278,1,HB_pilot,2014.0,OMSO2e,4,,0
2026-07-23,L100000100742,Yangluo power station,Hubei,30.6938889,114.5430556,1,HB_pilot,2014.0,OMSO2e,4,,0
2026-07-23,L100000100745,Hubei Ezhou power station,Hubei,30.5517656,114.6420121,1,HB_pilot,2014.0,OMSO2e,4,,0
2026-07-23,L100000100751,Puqi Xianning power station,Hubei,29.66523,113.87296,1,HB_pilot,2014.0,OMSO2e,4,,0
2026-07-23,L100000100760,Huadian Xiangyang power station,Hubei,31.9118256,112.16692,1,HB_pilot,2014.0,OMSO2e,4,,0
2026-07-23,L100000100771,Pingjiang power station,Hunan,28.808542,113.54144,0,,,OMSO2e,4,,0
2026-07-23,L100000100773,Huaneng Yueyang power station,Hunan,29.4497908,113.1623018,0,,,OMSO2e,4,,0
2026-07-23,L100000100779,Jinzhushan power station,Hunan,27.6252776,111.4823651,0,,,OMSO2e,4,0.0133333345875144,6
2026-07-23,L100000100782,Liyujiang power station,Hunan,25.940443,113.192476,0,,,OMSO2e,4,,0
2026-07-23,L100000100785,Shenhua Yongzhou power station,Hunan,26.56672,111.492692,0,,,OMSO2e,4,,0
2026-07-23,L100000100786,Guoneng Yueyang power station,Hunan,29.6129835,112.754572,0,,,OMSO2e,4,,0
2026-07-23,L100000100788,Xiangtan power station,Hunan,27.8282792,112.9968045,0,,,OMSO2e,4,,0
2026-07-23,L100000100789,Yiyang power station,Hunan,28.5966667,112.2686111,0,,,OMSO2e,4,-0.0599999986588954,3
2026-07-23,L100000100795,Baotou Aluminum power station,Inner Mongolia,40.557202,110.148382,1,IM_voluntary,2015.0,OMSO2e,4,,0
2026-07-23,L100000100811,Chifeng Yuanbaoshan power station,Inner Mongolia,42.303333,119.324167,1,IM_voluntary,2015.0,OMSO2e,4,,0
2026-07-23,L100000100813,Chuangyuan Smelter power station,Inner Mongolia,45.437275,119.427496,1,IM_voluntary,2015.0,OMSO2e,4,,0
2026-07-23,L100000100822,Daihai power station,Inner Mongolia,40.519675,112.667725,1,IM_voluntary,2015.0,OMSO2e,4,,0
2026-07-23,L100000100823,Dalate power station,Inner Mongolia,40.36695,109.99604,1,IM_voluntary,2015.0,OMSO2e,4,,0
2026-07-23,L100000100830,Togtoh power station,Inner Mongolia,40.1952329,111.358881,1,IM_voluntary,2015.0,OMSO2e,4,,0
2026-07-23,L100000100845,Guoneng Shanghaimiao power station,Inner Mongolia,38.309587,106.679378,1,IM_voluntary,2015.0,OMSO2e,4,0.1099999919533729,6
2026-07-23,L100000100847,Jiangsu Energy Group Wulagai power station,Inner Mongolia,45.955947,119.106454,1,IM_voluntary,2015.0,OMSO2e,4,0.1599999964237213,3
2026-07-23,L100000100861,Hohhot Jinshan cogen power station,Inner Mongolia,40.7072133,111.4600879,1,IM_voluntary,2015.0,OMSO2e,4,,0
2026-07-23,L100000100863,Hongjun Aluminum power station,Inner Mongolia,45.5128784,119.6504373,1,IM_voluntary,2015.0,OMSO2e,4,,0
2026-07-23,L100000100887,Shangdu power station,Inner Mongolia,42.22369,116.029256,1,IM_voluntary,2015.0,OMSO2e,4,,0
2026-07-23,L100000100888,Inner Mongolia Changcheng power station,Inner Mongolia,38.249688,106.657876,1,IM_voluntary,2015.0,OMSO2e,4,0.1099999919533729,6
2026-07-23,L100000100894,Yimin power station,Inner Mongolia,48.549722,119.773889,1,IM_voluntary,2015.0,OMSO2e,4,-0.0442857071757316,7
2026-07-23,L100000100899,Huolinhe Zhanute power station,Inner Mongolia,45.409847,119.596739,1,IM_voluntary,2015.0,OMSO2e,4,,0
2026-07-23,L100000100910,Jining power station,Inner Mongolia,41.053294,113.153289,1,IM_voluntary,2015.0,OMSO2e,4,,0
2026-07-23,L100000100913,Junggar Suancigou power station,Inner Mongolia,39.711744,111.200548,1,IM_voluntary,2015.0,OMSO2e,4,,0
2026-07-23,L100000100933,Mengtai Beijiao power station,Inner Mongolia,39.846004,109.984888,1,IM_voluntary,2015.0,OMSO2e,4,,0
2026-07-23,L100000100937,Ordos Power Qipanjing power station,Inner Mongolia,39.385235,106.965664,1,IM_voluntary,2015.0,OMSO2e,4,0.0199999902397394,7
2026-07-23,L100000100948,Inner Mongolia Shenglu power station,Inner Mongolia,38.373756,106.782583,1,IM_voluntary,2015.0,OMSO2e,4,0.0514285862445831,7
2026-07-23,L100000100954,Tongliao power station,Inner Mongolia,43.6713737,122.1535206,1,IM_voluntary,2015.0,OMSO2e,4,,0
2026-07-23,L100000100969,Changshu-1 power station,Jiangsu,31.753204,120.9634852,0,,,OMSO2e,4,,0
2026-07-23,L100000100970,Changshu-2 power station,Jiangsu,31.757764,120.97813,0,,,OMSO2e,4,,0
2026-07-23,L100000100973,Yancheng Binhai power station,Jiangsu,34.307421,120.246943,0,,,OMSO2e,4,,0
2026-07-23,L100000100974,Changzhou power station,Jiangsu,31.9583333,119.9925,0,,,OMSO2e,4,,0
2026-07-23,L100000100982,Taizhou power station,Jiangsu,32.187206,119.914444,0,,,OMSO2e,4,,0
2026-07-23,L100000100984,Guohua Xuzhou power station,Jiangsu,34.395144,117.259705,0,,,OMSO2e,4,,0
2026-07-23,L100000100988,Jurong power station,Jiangsu,32.19575,119.2497,0,,,OMSO2e,4,,0
2026-07-23,L100000100993,Jinling power station,Jiangsu,32.17178,119.01977,0,,,OMSO2e,4,,0
2026-07-23,L100000100997,Huaneng Taicang power station,Jiangsu,31.656908,121.17932,0,,,OMSO2e,4,,0
2026-07-23,L100000100998,Jianbi power station,Jiangsu,32.17693,119.57554,0,,,OMSO2e,4,,0
2026-07-23,L100000101000,Guoxin Jingjiang power station,Jiangsu,32.030487,120.383144,0,,,OMSO2e,4,,0
2026-07-23,L100000101005,Jiangsu Nantong power station,Jiangsu,32.03214,120.76956,0,,,OMSO2e,4,,0
2026-07-23,L100000101008,Jiangsu Sheyanggang power station,Jiangsu,33.8185009,120.4633498,0,,,OMSO2e,4,,0
2026-07-23,L100000101018,Ligang power station,Jiangsu,31.940813,120.0766476,0,,,OMSO2e,4,,0
2026-07-23,L100000101020,Lusigang power station,Jiangsu,32.05858,121.72669,0,,,OMSO2e,4,,0
2026-07-23,L100000101039,Xinhai power station,Jiangsu,34.57789,119.12671,0,,,OMSO2e,4,,0
2026-07-23,L100000101044,Xuzhou Pengcheng power station,Jiangsu,34.3779,117.17591,0,,,OMSO2e,4,,0
2026-07-23,L100000101047,Guoxin Yangzhou power station,Jiangsu,32.267778,119.419444,0,,,OMSO2e,4,,0
2026-07-23,L100000101053,Zhangjiagang Shazhou power station,Jiangsu,31.989733,120.6879258,0,,,OMSO2e,4,,0
2026-07-23,L100000101057,Fuzhou power station,Jiangxi,27.7844943,116.5644289,0,,,OMSO2e,4,,0
2026-07-23,L100000101058,Datang Xinyu power station,Jiangxi,27.679755,114.956506,0,,,OMSO2e,4,,0
2026-07-23,L100000101060,Fengcheng power station,Jiangxi,28.1943602,115.7088424,0,,,OMSO2e,4,,0
2026-07-23,L100000101063,Guixi power station,Jiangxi,28.28914,117.2235,0,,,OMSO2e,4,,0
2026-07-23,L100000101068,Jinggangshan power station,Jiangxi,27.0474697,115.0203859,0,,,OMSO2e,4,,0
2026-07-23,L100000101069,Ruijin power station,Jiangxi,25.9244055,115.1028219,0,,,OMSO2e,4,,0
2026-07-23,L100000101074,Shenhua Jiujiang power station,Jiangxi,29.826619,116.375973,0,,,OMSO2e,4,,0
2026-07-23,L100000101114,Shuangliao power station,Jilin,43.5282178,123.4633255,0,,,OMSO2e,4,,0
2026-07-23,L100000101160,Yingkou power station,Liaoning,40.303837,122.105968,0,,,OMSO2e,4,,0
2026-07-23,L100000101178,Suizhong power station,Liaoning,40.07962,120.00959,0,,,OMSO2e,4,,0
2026-07-23,L100000101181,Tieling power station,Liaoning,42.3450141,123.8030455,0,,,OMSO2e,4,,0
2026-07-23,L100000101187,Daba power station,Ningxia,37.9916691,105.9247833,0,,,OMSO2e,4,-0.0850000083446502,6
2026-07-23,L100000101190,Ningdong Fangjiazhuang power station,Ningxia,37.837649,106.666501,0,,,OMSO2e,4,0.1342857033014297,7
2026-07-23,L100000101191,Shizuishan power station,Ningxia,39.2848224,106.7890371,0,,,OMSO2e,4,-0.0783333405852317,6
2026-07-23,L100000101192,Ningdong power station,Ningxia,37.844757,106.786777,0,,,OMSO2e,4,0.1971428394317627,7
2026-07-23,L100000101203,Ningxia Lingwu power station,Ningxia,38.148333,106.345833,0,,,OMSO2e,4,0.0566666610538959,6
2026-07-23,L100000101219,Yuanyang Lake power station,Ningxia,38.0575,106.691389,0,,,OMSO2e,4,0.1183333173394203,6
2026-07-23,L100000101244,Fugu Qingshuichuan power station,Shaanxi,39.2048853,111.1190328,0,,,OMSO2e,4,,0
2026-07-23,L100000101246,Guodian Baoji-2 power station,Shaanxi,34.4980333,107.2181511,0,,,OMSO2e,4,-0.1416666656732559,6
2026-07-23,L100000101252,Hancheng power station,Shaanxi,35.6007189,110.5557051,0,,,OMSO2e,4,,0
2026-07-23,L100000101265,Leilongwan power station,Shaanxi,37.925376,109.101678,0,,,OMSO2e,4,-0.3433333337306976,6
2026-07-23,L100000101269,Pucheng power station,Shaanxi,34.9779314,109.7999759,0,,,OMSO2e,4,0.1483333259820938,6
2026-07-23,L100000101277,Fugu Miaogoumen power station,Shaanxi,39.208319,110.784956,0,,,OMSO2e,4,,0
2026-07-23,L100000101278,Jinjie power station,Shaanxi,38.7368389,110.1661297,0,,,OMSO2e,4,,0
2026-07-23,L100000101297,Yulin Hengshan power station,Shaanxi,38.03372,109.415067,0,,,OMSO2e,4,-0.4333333075046539,3
2026-07-23,L100000101307,Binzhou Boxing power station,Shandong,37.27629,118.330855,0,,,OMSO2e,4,,0
2026-07-23,L100000101316,Datang Dongying power station,Shandong,38.113151,118.910229,0,,,OMSO2e,4,,0
2026-07-23,L100000101332,Guohua Shouguang power station,Shandong,37.269686,118.906738,0,,,OMSO2e,4,,0
2026-07-23,L100000101339,Huadian Laizhou power station,Shandong,37.432222,120.018056,0,,,OMSO2e,4,,0
2026-07-23,L100000101341,Shiliquan power station,Shandong,34.814444,117.573056,0,,,OMSO2e,4,,0
2026-07-23,L100000101342,Huadian Weifang power station,Shandong,36.6656392,119.2632115,0,,,OMSO2e,4,,0
2026-07-23,L100000101344,Huaneng Dezhou power station,Shandong,37.449349,116.2415516,0,,,OMSO2e,4,,0
2026-07-23,L100000101348,Huaneng Laiwu power station,Shandong,36.1342702,117.6849675,0,,,OMSO2e,4,,0
2026-07-23,L100000101383,Rizhao power station,Shandong,35.3454727,119.5104761,0,,,OMSO2e,4,,0
2026-07-23,L100000101399,Shiheng-2 power station,Shandong,36.2123187,116.5136301,0,,,OMSO2e,4,,0
2026-07-23,L100000101409,Weihai power station,Shandong,37.44899,122.20724,0,,,OMSO2e,4,,0
2026-07-23,L100000101415,Weiqiao Huji power station,Shandong,37.347901,117.781587,0,,,OMSO2e,4,,0
2026-07-23,L100000101420,Weiqiao Zouping-1 power station,Shandong,36.9106725,117.7853572,0,,,OMSO2e,4,,0
2026-07-23,L100000101425,Weiqiao Zouping-7 power station,Shandong,36.896297,117.860459,0,,,OMSO2e,4,,0
2026-07-23,L100000101429,Shandong Xinfa Xinyuan power station,Shandong,36.615766,116.225215,0,,,OMSO2e,4,,0
2026-07-23,L100000101442,Zouxian power station,Shandong,35.3255698,116.9260912,0,,,OMSO2e,4,,0
2026-07-23,L100000101444,Shanghai Caojing power station,Shanghai,30.76073,121.4008,1,SH_pilot,2013.0,OMSO2e,4,,0
2026-07-23,L100000101447,Shanghai Shidongkou power station,Shanghai,31.4650719,121.4048433,1,SH_pilot,2013.0,OMSO2e,4,,0
2026-07-23,L100000101448,Waigaoqiao power station,Shanghai,31.3536333,121.6002746,1,SH_pilot,2013.0,OMSO2e,4,,0
2026-07-23,L100000101515,Shanxi Zhaoguang power station,Shanxi,36.5537987,111.6917736,0,,,OMSO2e,4,,0
2026-07-23,L100000101518,Shenhua Hequ power station,Shanxi,39.3830746,111.1843014,0,,,OMSO2e,4,,0
2026-07-23,L100000101519,Shentou power station,Shanxi,39.550981,112.488736,0,,,OMSO2e,4,,0
2026-07-23,L100000101529,Tongmei Tashan power station,Shanxi,39.9249917,113.0839199,0,,,OMSO2e,4,,0
2026-07-23,L100000101542,Xishan Gujiao power station,Shanxi,37.8952266,112.0930982,0,,,OMSO2e,4,,0
2026-07-23,L100000101543,Yangcheng power station,Shanxi,35.466123,112.5742039,0,,,OMSO2e,4,,0
2026-07-23,L100000101551,Yuguang Coal power station,Shanxi,38.078135,113.482791,0,,,OMSO2e,4,,0
2026-07-23,L100000101554,Zhangshan power station,Shanxi,36.326115,113.081402,0,,,OMSO2e,4,,0
2026-07-23,L100000101555,Changzhi power station,Shanxi,36.3226498,113.0816012,0,,,OMSO2e,4,,0
2026-07-23,L100000101567,Guang'an power station,Sichuan,30.5288201,106.8264802,0,,,OMSO2e,4,0.2383333444595337,6
2026-07-23,L100000101580,Tianming power station,Sichuan,31.869616,104.910148,0,,,OMSO2e,4,0.1000000014901161,2
2026-07-23,L100000101588,Panshan power station,Tianjin,39.9801382,117.4630704,1,TJ_pilot,2013.0,OMSO2e,4,,0
2026-07-23,L100000101589,Tianjin Beijiang power station,Tianjin,39.2193209,117.9298639,1,TJ_pilot,2013.0,OMSO2e,4,,0
2026-07-23,L100000101617,East Hope Metals Wucaiwan power station,Xinjiang,44.6829461,89.1158667,0,,,OMSO2e,4,,0
2026-07-23,L100000101668,Xinjiang Qiya Smelter power station,Xinjiang,44.8955881,89.049629,0,,,OMSO2e,4,,0
2026-07-23,L100000101675,Shenhua Guoneng Hami power station,Xinjiang,42.411226,93.009166,0,,,OMSO2e,4,,0
2026-07-23,L100000101677,Shenhua Zhundong Wucaiwan power station,Xinjiang,44.795533,89.149825,0,,,OMSO2e,4,,0
2026-07-23,L100000101681,Tianchi Changji cogen power station,Xinjiang,44.004362,87.171961,0,,,OMSO2e,4,,0
2026-07-23,L100000101682,Tianchi Energy Zhundong Wucaiwan power station,Xinjiang,44.8524482,89.1959171,0,,,OMSO2e,4,,0
2026-07-23,L100000101696,Wucaiwan Bei'er power station,Xinjiang,44.8388927,89.1908616,0,,,OMSO2e,4,,0
2026-07-23,L100000101697,Wujiaqu power station,Xinjiang,44.26892,87.687877,0,,,OMSO2e,4,,0
2026-07-23,L100000101709,XPCC Shihezi Cogen power station,Xinjiang,44.428094,86.093609,0,,,OMSO2e,4,,0
2026-07-23,L100000101716,Diandong power station,Yunnan,25.19943,104.6819,0,,,OMSO2e,4,,0
2026-07-23,L100000101730,Wushashan power station,Zhejiang,29.505411,121.662934,0,,,OMSO2e,4,,0
2026-07-23,L100000101731,Beilun power station,Zhejiang,29.9427256,121.8131207,0,,,OMSO2e,4,,0
2026-07-23,L100000101732,Guohua Zhoushan power station,Zhejiang,30.103996,122.184817,0,,,OMSO2e,4,-0.2899999916553497,1
2026-07-23,L100000101736,Yuhuan power station,Zhejiang,28.1151529,121.1391369,0,,,OMSO2e,4,,0
2026-07-23,L100000101737,China Resources Wenzhou power station,Zhejiang,27.4974228,120.6631851,0,,,OMSO2e,4,,0
2026-07-23,L100000101739,Jiaxing power station,Zhejiang,30.62804,121.14422,0,,,OMSO2e,4,,0
2026-07-23,L100000101742,Lanxi power station,Zhejiang,29.1866175,119.5068449,0,,,OMSO2e,4,,0
2026-07-23,L100000101747,Ninghai power station,Zhejiang,29.4817622,121.5114792,0,,,OMSO2e,4,,0
2026-07-23,L100000101750,Zhejiang Taizhou-2 power station,Zhejiang,29.012395,121.695507,0,,,OMSO2e,4,,0
2026-07-23,L100000101761,Zheneng Liuheng power station,Zhejiang,29.7593387,122.1266091,0,,,OMSO2e,4,,0
2026-07-23,L100000101762,Zheneng Wenzhou power station,Zhejiang,27.9957103,120.8358582,0,,,OMSO2e,4,,0
2026-07-23,L100000101763,Zheneng Yueqing power station,Zhejiang,28.1704074,121.0889375,0,,,OMSO2e,4,,0
2026-07-23,L100000104506,Fu County power station,Shaanxi,35.858656,109.2167,0,,,OMSO2e,4,0.1414285600185394,7
2026-07-23,L100000104758,Hubei Yicheng power station,Hubei,31.781843,112.129461,1,HB_pilot,2014.0,OMSO2e,4,,0
2026-07-23,L100000104917,Shanggao power station,Jiangxi,28.185566,114.825697,0,,,OMSO2e,4,,0
2026-07-23,L100000104944,Hami-Chongqing UHV Transmission Line power station,Xinjiang,44.53792,92.926001,0,,,OMSO2e,4,,0
2026-07-23,L100000104970,Jiangsu Guoxin Shazhou power station,Jiangsu,31.985654,120.684419,0,,,OMSO2e,4,,0
2026-07-23,L100000105025,Datong-2 power station,Shanxi,40.0279118,113.2933181,0,,,OMSO2e,4,,0
2026-07-22,L100000100200,Anhui Bengbu power station,Anhui,32.78444,117.11472,0,,,OMSO2e,4,,0
2026-07-22,L100000100201,Anhui Huainan Panji power station,Anhui,32.76917,116.759595,0,,,OMSO2e,4,,0
2026-07-22,L100000100205,Chizhou Jiuhua power station,Anhui,30.7531097,117.5906618,0,,,OMSO2e,4,,0
2026-07-22,L100000100206,Pingwei power station,Anhui,32.68417,116.901389,0,,,OMSO2e,4,,0
2026-07-22,L100000100211,Fuyang power station,Anhui,33.00444,115.845278,0,,,OMSO2e,4,,0
2026-07-22,L100000100218,Wuhu power station,Anhui,31.2372348,118.1497184,0,,,OMSO2e,4,,0
2026-07-22,L100000100222,Huaibei Pingshan power station,Anhui,33.83392,116.831102,0,,,OMSO2e,4,,0
2026-07-22,L100000100223,Huainan Fengtai power station,Anhui,32.758,116.65,0,,,OMSO2e,4,,0
2026-07-22,L100000100225,Huainan Luohe power station,Anhui,32.68455,117.07511,0,,,OMSO2e,4,,0
2026-07-22,L100000100226,Huainan Tianji power station,Anhui,32.7465,116.8127,0,,,OMSO2e,4,,0
2026-07-22,L100000100233,Lixin Banji power station,Anhui,32.897245,116.242561,0,,,OMSO2e,4,,0
2026-07-22,L100000100237,Anqing power station,Anhui,30.541,117.1717,0,,,OMSO2e,4,,0
2026-07-22,L100000100240,Suzhou Qianyingzi power station,Anhui,33.5107954,116.9261351,0,,,OMSO2e,4,,0
2026-07-22,L100000100242,Tongling Wanneng power station,Anhui,30.88181,117.76439,0,,,OMSO2e,4,,0
2026-07-22,L100000100245,Ma'anshan power station,Anhui,31.750737,118.4796925,0,,,OMSO2e,4,,0
2026-07-22,L100000100269,Chongqing Shuanghuai power station,Chongqing,30.1611074,106.5480599,1,CQ_pilot,2013.0,OMSO2e,4,,0
2026-07-22,L100000100272,Luohuang power station,Chongqing,29.347364,106.433182,1,CQ_pilot,2013.0,OMSO2e,4,,0
2026-07-22,L100000100276,Chongqing Wanzhou power station,Chongqing,30.677938,108.398976,1,CQ_pilot,2013.0,OMSO2e,4,0.0271428562700748,7
2026-07-22,L100000100283,Ningde power station,Fujian,26.7574469,119.7353942,1,FJ_pilot,2016.0,OMSO2e,4,,0
2026-07-22,L100000100285,Fujian Hongshan power station,Fujian,24.7272766,118.7496944,1,FJ_pilot,2016.0,OMSO2e,4,,0
2026-07-22,L100000100287,Fuzhou Kemen power station,Fujian,26.3734254,119.7622418,1,FJ_pilot,2016.0,OMSO2e,4,,0
2026-07-22,L100000100288,Fuzhou Jiangyin power station,Fujian,25.438464,119.3396226,1,FJ_pilot,2016.0,OMSO2e,4,,0
2026-07-22,L100000100291,Houshi power station,Fujian,24.3030594,118.1259157,1,FJ_pilot,2016.0,OMSO2e,4,,0
2026-07-22,L100000100293,Huaneng Fuzhou power station,Fujian,25.99083,119.4816,1,FJ_pilot,2016.0,OMSO2e,4,,0
2026-07-22,L100000100298,Luoyuan Bay power station,Fujian,26.385334,119.789459,1,FJ_pilot,2016.0,OMSO2e,4,,0
2026-07-22,L100000100299,Meizhouwan power station,Fujian,25.1608278,119.0333354,1,FJ_pilot,2016.0,OMSO2e,4,,0
2026-07-22,L100000100300,Nanpu Quanzhou power station,Fujian,25.2044,118.94385,1,FJ_pilot,2016.0,OMSO2e,4,,0
2026-07-22,L100000100303,Xiamen Songyu power station,Fujian,24.4460582,118.0267975,1,FJ_pilot,2016.0,OMSO2e,4,,0
2026-07-22,L100000100318,Guazhou Changle power station,Gansu,40.6599,96.513,0,,,OMSO2e,4,,0
2026-07-22,L100000100320,Zhangye power station,Gansu,39.071222,100.462929,0,,,OMSO2e,4,,0
2026-07-22,L100000100326,Pingliang power station,Gansu,35.5017,106.7861,0,,,OMSO2e,4,-0.0650000125169754,6
2026-07-22,L100000100328,Gansu Zhengning power station,Gansu,35.268403,107.975564,0,,,OMSO2e,4,-0.1120000034570694,5
2026-07-22,L100000100339,Lingtai power station,Gansu,35.0858218,107.7152829,0,,,OMSO2e,4,-0.1516666561365127,6
2026-07-22,L100000100347,Chaozhou Sanbaimen power station,Guangdong,23.56645,117.0972,1,GD_pilot,2013.0,OMSO2e,4,,0
2026-07-22,L100000100354,Leizhou power station,Guangdong,20.51161,109.82803,1,GD_pilot,2013.0,OMSO2e,4,,0
2026-07-22,L100000100358,Guangdong Huilai power station,Guangdong,23.0047771,116.5472388,1,GD_pilot,2013.0,OMSO2e,4,,0
2026-07-22,L100000100359,Guangdong Huizhou Pinghai power station,Guangdong,22.6064638,114.741919,1,GD_pilot,2013.0,OMSO2e,4,,0
2026-07-22,L100000100361,Guangdong Shaoguan power station,Guangdong,24.682,113.605,1,GD_pilot,2013.0,OMSO2e,4,,0
2026-07-22,L100000100372,Taishan power station,Guangdong,21.8667,112.9228,1,GD_pilot,2013.0,OMSO2e,4,,0
2026-07-22,L100000100377,Heyuan power station,Guangdong,23.567222,114.640278,1,GD_pilot,2013.0,OMSO2e,4,,0
2026-07-22,L100000100381,Haimen power station,Guangdong,23.1899,116.6548,1,GD_pilot,2013.0,OMSO2e,4,,0
2026-07-22,L100000100390,Lufeng Jiahuwan power station,Guangdong,22.832499,115.985482,1,GD_pilot,2013.0,OMSO2e,4,,0
2026-07-22,L100000100392,Maoming Bohe power station,Guangdong,21.441033,111.289628,1,GD_pilot,2013.0,OMSO2e,4,,0
2026-07-22,L100000100402,Shenhua Qingyuan power station,Guangdong,24.417008,113.540884,1,GD_pilot,2013.0,OMSO2e,4,,0
2026-07-22,L100000100407,Shanwei Haifeng CCS power station,Guangdong,22.7545453,115.0419938,1,GD_pilot,2013.0,OMSO2e,4,,0
2026-07-22,L100000100408,Shanwei Honghaiwan power station,Guangdong,22.70695,115.55529,1,GD_pilot,2013.0,OMSO2e,4,,0
2026-07-22,L100000100417,Yangxi Zhujiang power station,Guangdong,21.54264,111.67033,1,GD_pilot,2013.0,OMSO2e,4,,0
2026-07-22,L100000100418,Dabu power station,Guangdong,24.4057171,116.5877945,1,GD_pilot,2013.0,OMSO2e,4,,0
2026-07-22,L100000100430,Beihai Bebuwan power station,Guangxi,21.5821851,109.5816259,0,,,OMSO2e,4,,0
2026-07-22,L100000100436,Fangchenggang Qisha power station,Guangxi,21.5914,108.3946,0,,,OMSO2e,4,,0
2026-07-22,L100000100437,Beihai power station,Guangxi,21.535871,109.590176,0,,,OMSO2e,4,,0
2026-07-22,L100000100444,Hezhou power station,Guangxi,24.73609,111.34667,0,,,OMSO2e,4,,0
2026-07-22,L100000100452,Qinzhou power station,Guangxi,21.7004655,108.6243063,0,,,OMSO2e,4,,0
2026-07-22,L100000100477,Guizhou Fa'er power station,Guizhou,26.3259319,104.7705622,0,,,OMSO2e,4,,0
2026-07-22,L100000100498,Panxian-2 power station,Guizhou,25.4686039,104.5924059,0,,,OMSO2e,4,,0
2026-07-22,L100000100502,Qianxi power station,Guizhou,27.0516899,106.1252456,0,,,OMSO2e,4,,0
2026-07-22,L100000100542,China Resources Caofeidian power station,Hebei,38.9960653,118.4875488,0,,,OMSO2e,4,,0
2026-07-22,L100000100551,Dingzhou power station,Hebei,38.5122064,114.8433969,0,,,OMSO2e,4,,0
2026-07-22,L100000100568,Shang'an power station,Hebei,38.05729,114.19627,0,,,OMSO2e,4,,0
2026-07-22,L100000100569,Hebei Cangdong power station,Hebei,38.31,117.8786111,0,,,OMSO2e,4,,0
2026-07-22,L100000100591,Xibaipo power station,Hebei,38.245068,114.2149428,0,,,OMSO2e,4,,0
2026-07-22,L100000100598,Zhangjiakou power station,Hebei,40.6595781,114.9438143,0,,,OMSO2e,4,,0
2026-07-22,L100000100610,Qitaihe power station,Heilongjiang,45.7604176,131.0533476,0,,,OMSO2e,4,,0
2026-07-22,L100000100647,Datang Sanmenxia power station,Henan,34.6855176,111.0274363,0,,,OMSO2e,4,,0
2026-07-22,L100000100648,Xinyang power station,Henan,32.109018,114.140877,0,,,OMSO2e,4,,0
2026-07-22,L100000100650,Dengfeng-2 power station,Henan,34.39274,113.19878,0,,,OMSO2e,4,,0
2026-07-22,L100000100657,Hebi power station,Henan,35.851366,114.1798126,0,,,OMSO2e,4,,0
2026-07-22,L100000100664,Henan Xin'an power station,Henan,34.7413202,112.0634119,0,,,OMSO2e,4,,0
2026-07-22,L100000100665,Henan Xinmi power station,Henan,34.50003,113.59801,0,,,OMSO2e,4,,0
2026-07-22,L100000100677,Qinbei power station,Henan,35.1676,112.71654,0,,,OMSO2e,4,,0
2026-07-22,L100000100680,Jiaozuo Danhe power station,Henan,35.188487,112.887561,0,,,OMSO2e,4,,0
2026-07-22,L100000100696,Nanyang Yahekou power station,Henan,33.3086427,112.644474,0,,,OMSO2e,4,,0
2026-07-22,L100000100697,Pingdingshan Luyang power station,Henan,33.82189,113.01438,0,,,OMSO2e,4,,0
2026-07-22,L100000100707,Nanyang Neixiang power station,Henan,33.086416,111.90004,0,,,OMSO2e,4,,0
2026-07-22,L100000100716,Xuchang Yulong power station,Henan,34.1751132,113.3581446,0,,,OMSO2e,4,,0
2026-07-22,L100000100717,Yaomeng power station,Henan,33.7379928,113.2418822,0,,,OMSO2e,4,,0
2026-07-22,L100000100730,Dabieshan power station,Hubei,31.1420662,114.8921871,1,HB_pilot,2014.0,OMSO2e,4,,0
2026-07-22,L100000100737,Hanchuan power station,Hubei,30.6566087,113.9172741,1,HB_pilot,2014.0,OMSO2e,4,,0
2026-07-22,L100000100740,Huadian Xisaishan power station,Hubei,30.203056,115.180278,1,HB_pilot,2014.0,OMSO2e,4,,0
2026-07-22,L100000100742,Yangluo power station,Hubei,30.6938889,114.5430556,1,HB_pilot,2014.0,OMSO2e,4,,0
2026-07-22,L100000100745,Hubei Ezhou power station,Hubei,30.5517656,114.6420121,1,HB_pilot,2014.0,OMSO2e,4,,0
2026-07-22,L100000100751,Puqi Xianning power station,Hubei,29.66523,113.87296,1,HB_pilot,2014.0,OMSO2e,4,,0
2026-07-22,L100000100760,Huadian Xiangyang power station,Hubei,31.9118256,112.16692,1,HB_pilot,2014.0,OMSO2e,4,,0
2026-07-22,L100000100771,Pingjiang power station,Hunan,28.808542,113.54144,0,,,OMSO2e,4,,0
2026-07-22,L100000100773,Huaneng Yueyang power station,Hunan,29.4497908,113.1623018,0,,,OMSO2e,4,,0
2026-07-22,L100000100779,Jinzhushan power station,Hunan,27.6252776,111.4823651,0,,,OMSO2e,4,,0
2026-07-22,L100000100782,Liyujiang power station,Hunan,25.940443,113.192476,0,,,OMSO2e,4,,0
2026-07-22,L100000100785,Shenhua Yongzhou power station,Hunan,26.56672,111.492692,0,,,OMSO2e,4,,0
2026-07-22,L100000100786,Guoneng Yueyang power station,Hunan,29.6129835,112.754572,0,,,OMSO2e,4,,0
2026-07-22,L100000100788,Xiangtan power station,Hunan,27.8282792,112.9968045,0,,,OMSO2e,4,,0
2026-07-22,L100000100789,Yiyang power station,Hunan,28.5966667,112.2686111,0,,,OMSO2e,4,,0
2026-07-22,L100000100795,Baotou Aluminum power station,Inner Mongolia,40.557202,110.148382,1,IM_voluntary,2015.0,OMSO2e,4,,0
2026-07-22,L100000100811,Chifeng Yuanbaoshan power station,Inner Mongolia,42.303333,119.324167,1,IM_voluntary,2015.0,OMSO2e,4,,0
2026-07-22,L100000100813,Chuangyuan Smelter power station,Inner Mongolia,45.437275,119.427496,1,IM_voluntary,2015.0,OMSO2e,4,,0
2026-07-22,L100000100822,Daihai power station,Inner Mongolia,40.519675,112.667725,1,IM_voluntary,2015.0,OMSO2e,4,,0
2026-07-22,L100000100823,Dalate power station,Inner Mongolia,40.36695,109.99604,1,IM_voluntary,2015.0,OMSO2e,4,,0
2026-07-22,L100000100830,Togtoh power station,Inner Mongolia,40.1952329,111.358881,1,IM_voluntary,2015.0,OMSO2e,4,,0
2026-07-22,L100000100845,Guoneng Shanghaimiao power station,Inner Mongolia,38.309587,106.679378,1,IM_voluntary,2015.0,OMSO2e,4,-0.0700000002980232,6
2026-07-22,L100000100847,Jiangsu Energy Group Wulagai power station,Inner Mongolia,45.955947,119.106454,1,IM_voluntary,2015.0,OMSO2e,4,,0
2026-07-22,L100000100861,Hohhot Jinshan cogen power station,Inner Mongolia,40.7072133,111.4600879,1,IM_voluntary,2015.0,OMSO2e,4,,0
2026-07-22,L100000100863,Hongjun Aluminum power station,Inner Mongolia,45.5128784,119.6504373,1,IM_voluntary,2015.0,OMSO2e,4,,0
2026-07-22,L100000100887,Shangdu power station,Inner Mongolia,42.22369,116.029256,1,IM_voluntary,2015.0,OMSO2e,4,,0
2026-07-22,L100000100888,Inner Mongolia Changcheng power station,Inner Mongolia,38.249688,106.657876,1,IM_voluntary,2015.0,OMSO2e,4,-0.0700000002980232,6
2026-07-22,L100000100894,Yimin power station,Inner Mongolia,48.549722,119.773889,1,IM_voluntary,2015.0,OMSO2e,4,,0
2026-07-22,L100000100899,Huolinhe Zhanute power station,Inner Mongolia,45.409847,119.596739,1,IM_voluntary,2015.0,OMSO2e,4,,0
2026-07-22,L100000100910,Jining power station,Inner Mongolia,41.053294,113.153289,1,IM_voluntary,2015.0,OMSO2e,4,,0
2026-07-22,L100000100913,Junggar Suancigou power station,Inner Mongolia,39.711744,111.200548,1,IM_voluntary,2015.0,OMSO2e,4,,0
2026-07-22,L100000100933,Mengtai Beijiao power station,Inner Mongolia,39.846004,109.984888,1,IM_voluntary,2015.0,OMSO2e,4,,0
2026-07-22,L100000100937,Ordos Power Qipanjing power station,Inner Mongolia,39.385235,106.965664,1,IM_voluntary,2015.0,OMSO2e,4,0.2140000313520431,5
2026-07-22,L100000100948,Inner Mongolia Shenglu power station,Inner Mongolia,38.373756,106.782583,1,IM_voluntary,2015.0,OMSO2e,4,-0.036666665226221,6
2026-07-22,L100000100954,Tongliao power station,Inner Mongolia,43.6713737,122.1535206,1,IM_voluntary,2015.0,OMSO2e,4,,0
2026-07-22,L100000100969,Changshu-1 power station,Jiangsu,31.753204,120.9634852,0,,,OMSO2e,4,,0
2026-07-22,L100000100970,Changshu-2 power station,Jiangsu,31.757764,120.97813,0,,,OMSO2e,4,,0
2026-07-22,L100000100973,Yancheng Binhai power station,Jiangsu,34.307421,120.246943,0,,,OMSO2e,4,,0
2026-07-22,L100000100974,Changzhou power station,Jiangsu,31.9583333,119.9925,0,,,OMSO2e,4,,0
2026-07-22,L100000100982,Taizhou power station,Jiangsu,32.187206,119.914444,0,,,OMSO2e,4,,0
2026-07-22,L100000100984,Guohua Xuzhou power station,Jiangsu,34.395144,117.259705,0,,,OMSO2e,4,,0
2026-07-22,L100000100988,Jurong power station,Jiangsu,32.19575,119.2497,0,,,OMSO2e,4,,0
2026-07-22,L100000100993,Jinling power station,Jiangsu,32.17178,119.01977,0,,,OMSO2e,4,,0
2026-07-22,L100000100997,Huaneng Taicang power station,Jiangsu,31.656908,121.17932,0,,,OMSO2e,4,,0
2026-07-22,L100000100998,Jianbi power station,Jiangsu,32.17693,119.57554,0,,,OMSO2e,4,,0
2026-07-22,L100000101000,Guoxin Jingjiang power station,Jiangsu,32.030487,120.383144,0,,,OMSO2e,4,,0
2026-07-22,L100000101005,Jiangsu Nantong power station,Jiangsu,32.03214,120.76956,0,,,OMSO2e,4,,0
2026-07-22,L100000101008,Jiangsu Sheyanggang power station,Jiangsu,33.8185009,120.4633498,0,,,OMSO2e,4,,0
2026-07-22,L100000101018,Ligang power station,Jiangsu,31.940813,120.0766476,0,,,OMSO2e,4,,0
2026-07-22,L100000101020,Lusigang power station,Jiangsu,32.05858,121.72669,0,,,OMSO2e,4,,0
2026-07-22,L100000101039,Xinhai power station,Jiangsu,34.57789,119.12671,0,,,OMSO2e,4,,0
2026-07-22,L100000101044,Xuzhou Pengcheng power station,Jiangsu,34.3779,117.17591,0,,,OMSO2e,4,,0
2026-07-22,L100000101047,Guoxin Yangzhou power station,Jiangsu,32.267778,119.419444,0,,,OMSO2e,4,,0
2026-07-22,L100000101053,Zhangjiagang Shazhou power station,Jiangsu,31.989733,120.6879258,0,,,OMSO2e,4,,0
2026-07-22,L100000101057,Fuzhou power station,Jiangxi,27.7844943,116.5644289,0,,,OMSO2e,4,,0
2026-07-22,L100000101058,Datang Xinyu power station,Jiangxi,27.679755,114.956506,0,,,OMSO2e,4,,0
2026-07-22,L100000101060,Fengcheng power station,Jiangxi,28.1943602,115.7088424,0,,,OMSO2e,4,,0
2026-07-22,L100000101063,Guixi power station,Jiangxi,28.28914,117.2235,0,,,OMSO2e,4,,0
2026-07-22,L100000101068,Jinggangshan power station,Jiangxi,27.0474697,115.0203859,0,,,OMSO2e,4,,0
2026-07-22,L100000101069,Ruijin power station,Jiangxi,25.9244055,115.1028219,0,,,OMSO2e,4,,0
2026-07-22,L100000101074,Shenhua Jiujiang power station,Jiangxi,29.826619,116.375973,0,,,OMSO2e,4,,0
2026-07-22,L100000101114,Shuangliao power station,Jilin,43.5282178,123.4633255,0,,,OMSO2e,4,,0
2026-07-22,L100000101160,Yingkou power station,Liaoning,40.303837,122.105968,0,,,OMSO2e,4,,0
2026-07-22,L100000101178,Suizhong power station,Liaoning,40.07962,120.00959,0,,,OMSO2e,4,,0
2026-07-22,L100000101181,Tieling power station,Liaoning,42.3450141,123.8030455,0,,,OMSO2e,4,,0
2026-07-22,L100000101187,Daba power station,Ningxia,37.9916691,105.9247833,0,,,OMSO2e,4,-0.0700000002980232,1
2026-07-22,L100000101190,Ningdong Fangjiazhuang power station,Ningxia,37.837649,106.666501,0,,,OMSO2e,4,-0.1980000138282776,5
2026-07-22,L100000101191,Shizuishan power station,Ningxia,39.2848224,106.7890371,0,,,OMSO2e,4,0.3900000154972076,3
2026-07-22,L100000101192,Ningdong power station,Ningxia,37.844757,106.786777,0,,,OMSO2e,4,-0.106666661798954,6
2026-07-22,L100000101203,Ningxia Lingwu power station,Ningxia,38.148333,106.345833,0,,,OMSO2e,4,-0.0700000002980232,5
2026-07-22,L100000101219,Yuanyang Lake power station,Ningxia,38.0575,106.691389,0,,,OMSO2e,4,-0.0799999982118606,4
2026-07-22,L100000101244,Fugu Qingshuichuan power station,Shaanxi,39.2048853,111.1190328,0,,,OMSO2e,4,,0
2026-07-22,L100000101246,Guodian Baoji-2 power station,Shaanxi,34.4980333,107.2181511,0,,,OMSO2e,4,0.375,6
2026-07-22,L100000101252,Hancheng power station,Shaanxi,35.6007189,110.5557051,0,,,OMSO2e,4,,0
2026-07-22,L100000101265,Leilongwan power station,Shaanxi,37.925376,109.101678,0,,,OMSO2e,4,0.4366666376590729,6
2026-07-22,L100000101269,Pucheng power station,Shaanxi,34.9779314,109.7999759,0,,,OMSO2e,4,0.0599999986588954,2
2026-07-22,L100000101277,Fugu Miaogoumen power station,Shaanxi,39.208319,110.784956,0,,,OMSO2e,4,,0
2026-07-22,L100000101278,Jinjie power station,Shaanxi,38.7368389,110.1661297,0,,,OMSO2e,4,,0
2026-07-22,L100000101297,Yulin Hengshan power station,Shaanxi,38.03372,109.415067,0,,,OMSO2e,4,0.5299999713897705,3
2026-07-22,L100000101307,Binzhou Boxing power station,Shandong,37.27629,118.330855,0,,,OMSO2e,4,,0
2026-07-22,L100000101316,Datang Dongying power station,Shandong,38.113151,118.910229,0,,,OMSO2e,4,,0
2026-07-22,L100000101332,Guohua Shouguang power station,Shandong,37.269686,118.906738,0,,,OMSO2e,4,,0
2026-07-22,L100000101339,Huadian Laizhou power station,Shandong,37.432222,120.018056,0,,,OMSO2e,4,,0
2026-07-22,L100000101341,Shiliquan power station,Shandong,34.814444,117.573056,0,,,OMSO2e,4,,0
2026-07-22,L100000101342,Huadian Weifang power station,Shandong,36.6656392,119.2632115,0,,,OMSO2e,4,,0
2026-07-22,L100000101344,Huaneng Dezhou power station,Shandong,37.449349,116.2415516,0,,,OMSO2e,4,,0
2026-07-22,L100000101348,Huaneng Laiwu power station,Shandong,36.1342702,117.6849675,0,,,OMSO2e,4,,0
2026-07-22,L100000101383,Rizhao power station,Shandong,35.3454727,119.5104761,0,,,OMSO2e,4,,0
2026-07-22,L100000101399,Shiheng-2 power station,Shandong,36.2123187,116.5136301,0,,,OMSO2e,4,,0
2026-07-22,L100000101409,Weihai power station,Shandong,37.44899,122.20724,0,,,OMSO2e,4,,0
2026-07-22,L100000101415,Weiqiao Huji power station,Shandong,37.347901,117.781587,0,,,OMSO2e,4,,0
2026-07-22,L100000101420,Weiqiao Zouping-1 power station,Shandong,36.9106725,117.7853572,0,,,OMSO2e,4,,0
2026-07-22,L100000101425,Weiqiao Zouping-7 power station,Shandong,36.896297,117.860459,0,,,OMSO2e,4,,0
2026-07-22,L100000101429,Shandong Xinfa Xinyuan power station,Shandong,36.615766,116.225215,0,,,OMSO2e,4,,0
2026-07-22,L100000101442,Zouxian power station,Shandong,35.3255698,116.9260912,0,,,OMSO2e,4,,0
2026-07-22,L100000101444,Shanghai Caojing power station,Shanghai,30.76073,121.4008,1,SH_pilot,2013.0,OMSO2e,4,,0
2026-07-22,L100000101447,Shanghai Shidongkou power station,Shanghai,31.4650719,121.4048433,1,SH_pilot,2013.0,OMSO2e,4,,0
2026-07-22,L100000101448,Waigaoqiao power station,Shanghai,31.3536333,121.6002746,1,SH_pilot,2013.0,OMSO2e,4,,0
2026-07-22,L100000101515,Shanxi Zhaoguang power station,Shanxi,36.5537987,111.6917736,0,,,OMSO2e,4,,0
2026-07-22,L100000101518,Shenhua Hequ power station,Shanxi,39.3830746,111.1843014,0,,,OMSO2e,4,,0
2026-07-22,L100000101519,Shentou power station,Shanxi,39.550981,112.488736,0,,,OMSO2e,4,,0
2026-07-22,L100000101529,Tongmei Tashan power station,Shanxi,39.9249917,113.0839199,0,,,OMSO2e,4,,0
2026-07-22,L100000101542,Xishan Gujiao power station,Shanxi,37.8952266,112.0930982,0,,,OMSO2e,4,,0
2026-07-22,L100000101543,Yangcheng power station,Shanxi,35.466123,112.5742039,0,,,OMSO2e,4,,0
2026-07-22,L100000101551,Yuguang Coal power station,Shanxi,38.078135,113.482791,0,,,OMSO2e,4,,0
2026-07-22,L100000101554,Zhangshan power station,Shanxi,36.326115,113.081402,0,,,OMSO2e,4,,0
2026-07-22,L100000101555,Changzhi power station,Shanxi,36.3226498,113.0816012,0,,,OMSO2e,4,,0
2026-07-22,L100000101567,Guang'an power station,Sichuan,30.5288201,106.8264802,0,,,OMSO2e,4,,0
2026-07-22,L100000101580,Tianming power station,Sichuan,31.869616,104.910148,0,,,OMSO2e,4,,0
2026-07-22,L100000101588,Panshan power station,Tianjin,39.9801382,117.4630704,1,TJ_pilot,2013.0,OMSO2e,4,,0
2026-07-22,L100000101589,Tianjin Beijiang power station,Tianjin,39.2193209,117.9298639,1,TJ_pilot,2013.0,OMSO2e,4,,0
2026-07-22,L100000101617,East Hope Metals Wucaiwan power station,Xinjiang,44.6829461,89.1158667,0,,,OMSO2e,4,0.1600000113248825,7
2026-07-22,L100000101668,Xinjiang Qiya Smelter power station,Xinjiang,44.8955881,89.049629,0,,,OMSO2e,4,0.0766666606068611,6
2026-07-22,L100000101675,Shenhua Guoneng Hami power station,Xinjiang,42.411226,93.009166,0,,,OMSO2e,4,,0
2026-07-22,L100000101677,Shenhua Zhundong Wucaiwan power station,Xinjiang,44.795533,89.149825,0,,,OMSO2e,4,0.1800000071525573,6
2026-07-22,L100000101681,Tianchi Changji cogen power station,Xinjiang,44.004362,87.171961,0,,,OMSO2e,4,,0
2026-07-22,L100000101682,Tianchi Energy Zhundong Wucaiwan power station,Xinjiang,44.8524482,89.1959171,0,,,OMSO2e,4,0.0999999940395355,8
2026-07-22,L100000101696,Wucaiwan Bei'er power station,Xinjiang,44.8388927,89.1908616,0,,,OMSO2e,4,0.0933333337306976,9
2026-07-22,L100000101697,Wujiaqu power station,Xinjiang,44.26892,87.687877,0,,,OMSO2e,4,,0
2026-07-22,L100000101709,XPCC Shihezi Cogen power station,Xinjiang,44.428094,86.093609,0,,,OMSO2e,4,,0
2026-07-22,L100000101716,Diandong power station,Yunnan,25.19943,104.6819,0,,,OMSO2e,4,,0
2026-07-22,L100000101730,Wushashan power station,Zhejiang,29.505411,121.662934,0,,,OMSO2e,4,,0
2026-07-22,L100000101731,Beilun power station,Zhejiang,29.9427256,121.8131207,0,,,OMSO2e,4,,0
2026-07-22,L100000101732,Guohua Zhoushan power station,Zhejiang,30.103996,122.184817,0,,,OMSO2e,4,,0
2026-07-22,L100000101736,Yuhuan power station,Zhejiang,28.1151529,121.1391369,0,,,OMSO2e,4,,0
2026-07-22,L100000101737,China Resources Wenzhou power station,Zhejiang,27.4974228,120.6631851,0,,,OMSO2e,4,,0
2026-07-22,L100000101739,Jiaxing power station,Zhejiang,30.62804,121.14422,0,,,OMSO2e,4,,0
2026-07-22,L100000101742,Lanxi power station,Zhejiang,29.1866175,119.5068449,0,,,OMSO2e,4,,0
2026-07-22,L100000101747,Ninghai power station,Zhejiang,29.4817622,121.5114792,0,,,OMSO2e,4,,0
2026-07-22,L100000101750,Zhejiang Taizhou-2 power station,Zhejiang,29.012395,121.695507,0,,,OMSO2e,4,,0
2026-07-22,L100000101761,Zheneng Liuheng power station,Zhejiang,29.7593387,122.1266091,0,,,OMSO2e,4,,0
2026-07-22,L100000101762,Zheneng Wenzhou power station,Zhejiang,27.9957103,120.8358582,0,,,OMSO2e,4,,0
2026-07-22,L100000101763,Zheneng Yueqing power station,Zhejiang,28.1704074,121.0889375,0,,,OMSO2e,4,,0
2026-07-22,L100000104506,Fu County power station,Shaanxi,35.858656,109.2167,0,,,OMSO2e,4,-0.1857142895460128,7
2026-07-22,L100000104758,Hubei Yicheng power station,Hubei,31.781843,112.129461,1,HB_pilot,2014.0,OMSO2e,4,,0
2026-07-22,L100000104917,Shanggao power station,Jiangxi,28.185566,114.825697,0,,,OMSO2e,4,,0
2026-07-22,L100000104944,Hami-Chongqing UHV Transmission Line power station,Xinjiang,44.53792,92.926001,0,,,OMSO2e,4,,0
2026-07-22,L100000104970,Jiangsu Guoxin Shazhou power station,Jiangsu,31.985654,120.684419,0,,,OMSO2e,4,,0
2026-07-22,L100000105025,Datong-2 power station,Shanxi,40.0279118,113.2933181,0,,,OMSO2e,4,,0
2026-07-21,L100000100200,Anhui Bengbu power station,Anhui,32.78444,117.11472,0,,,OMSO2e,4,,0
2026-07-21,L100000100201,Anhui Huainan Panji power station,Anhui,32.76917,116.759595,0,,,OMSO2e,4,,0
2026-07-21,L100000100205,Chizhou Jiuhua power station,Anhui,30.7531097,117.5906618,0,,,OMSO2e,4,,0
2026-07-21,L100000100206,Pingwei power station,Anhui,32.68417,116.901389,0,,,OMSO2e,4,,0
2026-07-21,L100000100211,Fuyang power station,Anhui,33.00444,115.845278,0,,,OMSO2e,4,,0
2026-07-21,L100000100218,Wuhu power station,Anhui,31.2372348,118.1497184,0,,,OMSO2e,4,,0
2026-07-21,L100000100222,Huaibei Pingshan power station,Anhui,33.83392,116.831102,0,,,OMSO2e,4,,0
2026-07-21,L100000100223,Huainan Fengtai power station,Anhui,32.758,116.65,0,,,OMSO2e,4,,0
2026-07-21,L100000100225,Huainan Luohe power station,Anhui,32.68455,117.07511,0,,,OMSO2e,4,,0
2026-07-21,L100000100226,Huainan Tianji power station,Anhui,32.7465,116.8127,0,,,OMSO2e,4,,0
2026-07-21,L100000100233,Lixin Banji power station,Anhui,32.897245,116.242561,0,,,OMSO2e,4,,0
2026-07-21,L100000100237,Anqing power station,Anhui,30.541,117.1717,0,,,OMSO2e,4,,0
2026-07-21,L100000100240,Suzhou Qianyingzi power station,Anhui,33.5107954,116.9261351,0,,,OMSO2e,4,,0
2026-07-21,L100000100242,Tongling Wanneng power station,Anhui,30.88181,117.76439,0,,,OMSO2e,4,,0
2026-07-21,L100000100245,Ma'anshan power station,Anhui,31.750737,118.4796925,0,,,OMSO2e,4,,0
2026-07-21,L100000100269,Chongqing Shuanghuai power station,Chongqing,30.1611074,106.5480599,1,CQ_pilot,2013.0,OMSO2e,4,0.116666667163372,3
2026-07-21,L100000100272,Luohuang power station,Chongqing,29.347364,106.433182,1,CQ_pilot,2013.0,OMSO2e,4,0.5316666960716248,6
2026-07-21,L100000100276,Chongqing Wanzhou power station,Chongqing,30.677938,108.398976,1,CQ_pilot,2013.0,OMSO2e,4,,0
2026-07-21,L100000100283,Ningde power station,Fujian,26.7574469,119.7353942,1,FJ_pilot,2016.0,OMSO2e,4,,0
2026-07-21,L100000100285,Fujian Hongshan power station,Fujian,24.7272766,118.7496944,1,FJ_pilot,2016.0,OMSO2e,4,0.0549999997019767,4
2026-07-21,L100000100287,Fuzhou Kemen power station,Fujian,26.3734254,119.7622418,1,FJ_pilot,2016.0,OMSO2e,4,,0
2026-07-21,L100000100288,Fuzhou Jiangyin power station,Fujian,25.438464,119.3396226,1,FJ_pilot,2016.0,OMSO2e,4,0.2000000029802322,3
2026-07-21,L100000100291,Houshi power station,Fujian,24.3030594,118.1259157,1,FJ_pilot,2016.0,OMSO2e,4,0.1749999970197677,2
2026-07-21,L100000100293,Huaneng Fuzhou power station,Fujian,25.99083,119.4816,1,FJ_pilot,2016.0,OMSO2e,4,0.3000000119209289,1
2026-07-21,L100000100298,Luoyuan Bay power station,Fujian,26.385334,119.789459,1,FJ_pilot,2016.0,OMSO2e,4,,0
2026-07-21,L100000100299,Meizhouwan power station,Fujian,25.1608278,119.0333354,1,FJ_pilot,2016.0,OMSO2e,4,-0.1099999919533729,6
2026-07-21,L100000100300,Nanpu Quanzhou power station,Fujian,25.2044,118.94385,1,FJ_pilot,2016.0,OMSO2e,4,-0.0900000035762786,4
2026-07-21,L100000100303,Xiamen Songyu power station,Fujian,24.4460582,118.0267975,1,FJ_pilot,2016.0,OMSO2e,4,0.0299999993294477,1
2026-07-21,L100000100318,Guazhou Changle power station,Gansu,40.6599,96.513,0,,,OMSO2e,4,-0.1574999988079071,8
2026-07-21,L100000100320,Zhangye power station,Gansu,39.071222,100.462929,0,,,OMSO2e,4,0.4816666841506958,6
2026-07-21,L100000100326,Pingliang power station,Gansu,35.5017,106.7861,0,,,OMSO2e,4,,0
2026-07-21,L100000100328,Gansu Zhengning power station,Gansu,35.268403,107.975564,0,,,OMSO2e,4,,0
2026-07-21,L100000100339,Lingtai power station,Gansu,35.0858218,107.7152829,0,,,OMSO2e,4,,0
2026-07-21,L100000100347,Chaozhou Sanbaimen power station,Guangdong,23.56645,117.0972,1,GD_pilot,2013.0,OMSO2e,4,,0
2026-07-21,L100000100354,Leizhou power station,Guangdong,20.51161,109.82803,1,GD_pilot,2013.0,OMSO2e,4,,0
2026-07-21,L100000100358,Guangdong Huilai power station,Guangdong,23.0047771,116.5472388,1,GD_pilot,2013.0,OMSO2e,4,,0
2026-07-21,L100000100359,Guangdong Huizhou Pinghai power station,Guangdong,22.6064638,114.741919,1,GD_pilot,2013.0,OMSO2e,4,,0
2026-07-21,L100000100361,Guangdong Shaoguan power station,Guangdong,24.682,113.605,1,GD_pilot,2013.0,OMSO2e,4,,0
2026-07-21,L100000100372,Taishan power station,Guangdong,21.8667,112.9228,1,GD_pilot,2013.0,OMSO2e,4,,0
2026-07-21,L100000100377,Heyuan power station,Guangdong,23.567222,114.640278,1,GD_pilot,2013.0,OMSO2e,4,,0
2026-07-21,L100000100381,Haimen power station,Guangdong,23.1899,116.6548,1,GD_pilot,2013.0,OMSO2e,4,,0
2026-07-21,L100000100390,Lufeng Jiahuwan power station,Guangdong,22.832499,115.985482,1,GD_pilot,2013.0,OMSO2e,4,,0
2026-07-21,L100000100392,Maoming Bohe power station,Guangdong,21.441033,111.289628,1,GD_pilot,2013.0,OMSO2e,4,,0
2026-07-21,L100000100402,Shenhua Qingyuan power station,Guangdong,24.417008,113.540884,1,GD_pilot,2013.0,OMSO2e,4,,0
2026-07-21,L100000100407,Shanwei Haifeng CCS power station,Guangdong,22.7545453,115.0419938,1,GD_pilot,2013.0,OMSO2e,4,,0
2026-07-21,L100000100408,Shanwei Honghaiwan power station,Guangdong,22.70695,115.55529,1,GD_pilot,2013.0,OMSO2e,4,,0
2026-07-21,L100000100417,Yangxi Zhujiang power station,Guangdong,21.54264,111.67033,1,GD_pilot,2013.0,OMSO2e,4,,0
2026-07-21,L100000100418,Dabu power station,Guangdong,24.4057171,116.5877945,1,GD_pilot,2013.0,OMSO2e,4,,0
2026-07-21,L100000100430,Beihai Bebuwan power station,Guangxi,21.5821851,109.5816259,0,,,OMSO2e,4,,0
2026-07-21,L100000100436,Fangchenggang Qisha power station,Guangxi,21.5914,108.3946,0,,,OMSO2e,4,,0
2026-07-21,L100000100437,Beihai power station,Guangxi,21.535871,109.590176,0,,,OMSO2e,4,,0
2026-07-21,L100000100444,Hezhou power station,Guangxi,24.73609,111.34667,0,,,OMSO2e,4,,0
2026-07-21,L100000100452,Qinzhou power station,Guangxi,21.7004655,108.6243063,0,,,OMSO2e,4,,0
2026-07-21,L100000100477,Guizhou Fa'er power station,Guizhou,26.3259319,104.7705622,0,,,OMSO2e,4,0.0560000017285347,5
2026-07-21,L100000100498,Panxian-2 power station,Guizhou,25.4686039,104.5924059,0,,,OMSO2e,4,-0.0733333304524421,3
2026-07-21,L100000100502,Qianxi power station,Guizhou,27.0516899,106.1252456,0,,,OMSO2e,4,0.1099999994039535,5
2026-07-21,L100000100542,China Resources Caofeidian power station,Hebei,38.9960653,118.4875488,0,,,OMSO2e,4,-0.3766666650772095,6
2026-07-21,L100000100551,Dingzhou power station,Hebei,38.5122064,114.8433969,0,,,OMSO2e,4,,0
2026-07-21,L100000100568,Shang'an power station,Hebei,38.05729,114.19627,0,,,OMSO2e,4,,0
2026-07-21,L100000100569,Hebei Cangdong power station,Hebei,38.31,117.8786111,0,,,OMSO2e,4,-0.5,3
2026-07-21,L100000100591,Xibaipo power station,Hebei,38.245068,114.2149428,0,,,OMSO2e,4,,0
2026-07-21,L100000100598,Zhangjiakou power station,Hebei,40.6595781,114.9438143,0,,,OMSO2e,4,,0
2026-07-21,L100000100610,Qitaihe power station,Heilongjiang,45.7604176,131.0533476,0,,,OMSO2e,4,,0
2026-07-21,L100000100647,Datang Sanmenxia power station,Henan,34.6855176,111.0274363,0,,,OMSO2e,4,,0
2026-07-21,L100000100648,Xinyang power station,Henan,32.109018,114.140877,0,,,OMSO2e,4,,0
2026-07-21,L100000100650,Dengfeng-2 power station,Henan,34.39274,113.19878,0,,,OMSO2e,4,,0
2026-07-21,L100000100657,Hebi power station,Henan,35.851366,114.1798126,0,,,OMSO2e,4,,0
2026-07-21,L100000100664,Henan Xin'an power station,Henan,34.7413202,112.0634119,0,,,OMSO2e,4,,0
2026-07-21,L100000100665,Henan Xinmi power station,Henan,34.50003,113.59801,0,,,OMSO2e,4,,0
2026-07-21,L100000100677,Qinbei power station,Henan,35.1676,112.71654,0,,,OMSO2e,4,,0
2026-07-21,L100000100680,Jiaozuo Danhe power station,Henan,35.188487,112.887561,0,,,OMSO2e,4,,0
2026-07-21,L100000100696,Nanyang Yahekou power station,Henan,33.3086427,112.644474,0,,,OMSO2e,4,,0
2026-07-21,L100000100697,Pingdingshan Luyang power station,Henan,33.82189,113.01438,0,,,OMSO2e,4,,0
2026-07-21,L100000100707,Nanyang Neixiang power station,Henan,33.086416,111.90004,0,,,OMSO2e,4,,0
2026-07-21,L100000100716,Xuchang Yulong power station,Henan,34.1751132,113.3581446,0,,,OMSO2e,4,,0
2026-07-21,L100000100717,Yaomeng power station,Henan,33.7379928,113.2418822,0,,,OMSO2e,4,,0
2026-07-21,L100000100730,Dabieshan power station,Hubei,31.1420662,114.8921871,1,HB_pilot,2014.0,OMSO2e,4,,0
2026-07-21,L100000100737,Hanchuan power station,Hubei,30.6566087,113.9172741,1,HB_pilot,2014.0,OMSO2e,4,,0
2026-07-21,L100000100740,Huadian Xisaishan power station,Hubei,30.203056,115.180278,1,HB_pilot,2014.0,OMSO2e,4,,0
2026-07-21,L100000100742,Yangluo power station,Hubei,30.6938889,114.5430556,1,HB_pilot,2014.0,OMSO2e,4,,0
2026-07-21,L100000100745,Hubei Ezhou power station,Hubei,30.5517656,114.6420121,1,HB_pilot,2014.0,OMSO2e,4,,0
2026-07-21,L100000100751,Puqi Xianning power station,Hubei,29.66523,113.87296,1,HB_pilot,2014.0,OMSO2e,4,,0
2026-07-21,L100000100760,Huadian Xiangyang power station,Hubei,31.9118256,112.16692,1,HB_pilot,2014.0,OMSO2e,4,,0
2026-07-21,L100000100771,Pingjiang power station,Hunan,28.808542,113.54144,0,,,OMSO2e,4,,0
2026-07-21,L100000100773,Huaneng Yueyang power station,Hunan,29.4497908,113.1623018,0,,,OMSO2e,4,,0
2026-07-21,L100000100779,Jinzhushan power station,Hunan,27.6252776,111.4823651,0,,,OMSO2e,4,,0
2026-07-21,L100000100782,Liyujiang power station,Hunan,25.940443,113.192476,0,,,OMSO2e,4,,0
2026-07-21,L100000100785,Shenhua Yongzhou power station,Hunan,26.56672,111.492692,0,,,OMSO2e,4,,0
2026-07-21,L100000100786,Guoneng Yueyang power station,Hunan,29.6129835,112.754572,0,,,OMSO2e,4,,0
2026-07-21,L100000100788,Xiangtan power station,Hunan,27.8282792,112.9968045,0,,,OMSO2e,4,,0
2026-07-21,L100000100789,Yiyang power station,Hunan,28.5966667,112.2686111,0,,,OMSO2e,4,,0
2026-07-21,L100000100795,Baotou Aluminum power station,Inner Mongolia,40.557202,110.148382,1,IM_voluntary,2015.0,OMSO2e,4,,0
2026-07-21,L100000100811,Chifeng Yuanbaoshan power station,Inner Mongolia,42.303333,119.324167,1,IM_voluntary,2015.0,OMSO2e,4,-0.093333326280117,6
2026-07-21,L100000100813,Chuangyuan Smelter power station,Inner Mongolia,45.437275,119.427496,1,IM_voluntary,2015.0,OMSO2e,4,,0
2026-07-21,L100000100822,Daihai power station,Inner Mongolia,40.519675,112.667725,1,IM_voluntary,2015.0,OMSO2e,4,,0
2026-07-21,L100000100823,Dalate power station,Inner Mongolia,40.36695,109.99604,1,IM_voluntary,2015.0,OMSO2e,4,,0
2026-07-21,L100000100830,Togtoh power station,Inner Mongolia,40.1952329,111.358881,1,IM_voluntary,2015.0,OMSO2e,4,,0
2026-07-21,L100000100845,Guoneng Shanghaimiao power station,Inner Mongolia,38.309587,106.679378,1,IM_voluntary,2015.0,OMSO2e,4,,0
2026-07-21,L100000100847,Jiangsu Energy Group Wulagai power station,Inner Mongolia,45.955947,119.106454,1,IM_voluntary,2015.0,OMSO2e,4,,0
2026-07-21,L100000100861,Hohhot Jinshan cogen power station,Inner Mongolia,40.7072133,111.4600879,1,IM_voluntary,2015.0,OMSO2e,4,,0
2026-07-21,L100000100863,Hongjun Aluminum power station,Inner Mongolia,45.5128784,119.6504373,1,IM_voluntary,2015.0,OMSO2e,4,,0
2026-07-21,L100000100887,Shangdu power station,Inner Mongolia,42.22369,116.029256,1,IM_voluntary,2015.0,OMSO2e,4,0.2800000011920929,3
2026-07-21,L100000100888,Inner Mongolia Changcheng power station,Inner Mongolia,38.249688,106.657876,1,IM_voluntary,2015.0,OMSO2e,4,,0
2026-07-21,L100000100894,Yimin power station,Inner Mongolia,48.549722,119.773889,1,IM_voluntary,2015.0,OMSO2e,4,,0
2026-07-21,L100000100899,Huolinhe Zhanute power station,Inner Mongolia,45.409847,119.596739,1,IM_voluntary,2015.0,OMSO2e,4,,0
2026-07-21,L100000100910,Jining power station,Inner Mongolia,41.053294,113.153289,1,IM_voluntary,2015.0,OMSO2e,4,,0
2026-07-21,L100000100913,Junggar Suancigou power station,Inner Mongolia,39.711744,111.200548,1,IM_voluntary,2015.0,OMSO2e,4,,0
2026-07-21,L100000100933,Mengtai Beijiao power station,Inner Mongolia,39.846004,109.984888,1,IM_voluntary,2015.0,OMSO2e,4,,0
2026-07-21,L100000100937,Ordos Power Qipanjing power station,Inner Mongolia,39.385235,106.965664,1,IM_voluntary,2015.0,OMSO2e,4,,0
2026-07-21,L100000100948,Inner Mongolia Shenglu power station,Inner Mongolia,38.373756,106.782583,1,IM_voluntary,2015.0,OMSO2e,4,,0
2026-07-21,L100000100954,Tongliao power station,Inner Mongolia,43.6713737,122.1535206,1,IM_voluntary,2015.0,OMSO2e,4,,0
2026-07-21,L100000100969,Changshu-1 power station,Jiangsu,31.753204,120.9634852,0,,,OMSO2e,4,,0
2026-07-21,L100000100970,Changshu-2 power station,Jiangsu,31.757764,120.97813,0,,,OMSO2e,4,,0
2026-07-21,L100000100973,Yancheng Binhai power station,Jiangsu,34.307421,120.246943,0,,,OMSO2e,4,,0
2026-07-21,L100000100974,Changzhou power station,Jiangsu,31.9583333,119.9925,0,,,OMSO2e,4,,0
2026-07-21,L100000100982,Taizhou power station,Jiangsu,32.187206,119.914444,0,,,OMSO2e,4,,0
2026-07-21,L100000100984,Guohua Xuzhou power station,Jiangsu,34.395144,117.259705,0,,,OMSO2e,4,0.85999995470047,3
2026-07-21,L100000100988,Jurong power station,Jiangsu,32.19575,119.2497,0,,,OMSO2e,4,,0
2026-07-21,L100000100993,Jinling power station,Jiangsu,32.17178,119.01977,0,,,OMSO2e,4,,0
2026-07-21,L100000100997,Huaneng Taicang power station,Jiangsu,31.656908,121.17932,0,,,OMSO2e,4,,0
2026-07-21,L100000100998,Jianbi power station,Jiangsu,32.17693,119.57554,0,,,OMSO2e,4,,0
2026-07-21,L100000101000,Guoxin Jingjiang power station,Jiangsu,32.030487,120.383144,0,,,OMSO2e,4,,0
2026-07-21,L100000101005,Jiangsu Nantong power station,Jiangsu,32.03214,120.76956,0,,,OMSO2e,4,,0
2026-07-21,L100000101008,Jiangsu Sheyanggang power station,Jiangsu,33.8185009,120.4633498,0,,,OMSO2e,4,,0
2026-07-21,L100000101018,Ligang power station,Jiangsu,31.940813,120.0766476,0,,,OMSO2e,4,,0
2026-07-21,L100000101020,Lusigang power station,Jiangsu,32.05858,121.72669,0,,,OMSO2e,4,,0
2026-07-21,L100000101039,Xinhai power station,Jiangsu,34.57789,119.12671,0,,,OMSO2e,4,,0
2026-07-21,L100000101044,Xuzhou Pengcheng power station,Jiangsu,34.3779,117.17591,0,,,OMSO2e,4,0.9099999666213988,2
2026-07-21,L100000101047,Guoxin Yangzhou power station,Jiangsu,32.267778,119.419444,0,,,OMSO2e,4,,0
2026-07-21,L100000101053,Zhangjiagang Shazhou power station,Jiangsu,31.989733,120.6879258,0,,,OMSO2e,4,,0
2026-07-21,L100000101057,Fuzhou power station,Jiangxi,27.7844943,116.5644289,0,,,OMSO2e,4,,0
2026-07-21,L100000101058,Datang Xinyu power station,Jiangxi,27.679755,114.956506,0,,,OMSO2e,4,,0
2026-07-21,L100000101060,Fengcheng power station,Jiangxi,28.1943602,115.7088424,0,,,OMSO2e,4,,0
2026-07-21,L100000101063,Guixi power station,Jiangxi,28.28914,117.2235,0,,,OMSO2e,4,,0
2026-07-21,L100000101068,Jinggangshan power station,Jiangxi,27.0474697,115.0203859,0,,,OMSO2e,4,,0
2026-07-21,L100000101069,Ruijin power station,Jiangxi,25.9244055,115.1028219,0,,,OMSO2e,4,,0
2026-07-21,L100000101074,Shenhua Jiujiang power station,Jiangxi,29.826619,116.375973,0,,,OMSO2e,4,,0
2026-07-21,L100000101114,Shuangliao power station,Jilin,43.5282178,123.4633255,0,,,OMSO2e,4,0.0824999958276748,4
2026-07-21,L100000101160,Yingkou power station,Liaoning,40.303837,122.105968,0,,,OMSO2e,4,0.0600000023841857,6
2026-07-21,L100000101178,Suizhong power station,Liaoning,40.07962,120.00959,0,,,OMSO2e,4,0.0499999970197677,8
2026-07-21,L100000101181,Tieling power station,Liaoning,42.3450141,123.8030455,0,,,OMSO2e,4,0.1299999952316284,2
2026-07-21,L100000101187,Daba power station,Ningxia,37.9916691,105.9247833,0,,,OMSO2e,4,,0
2026-07-21,L100000101190,Ningdong Fangjiazhuang power station,Ningxia,37.837649,106.666501,0,,,OMSO2e,4,,0
2026-07-21,L100000101191,Shizuishan power station,Ningxia,39.2848224,106.7890371,0,,,OMSO2e,4,,0
2026-07-21,L100000101192,Ningdong power station,Ningxia,37.844757,106.786777,0,,,OMSO2e,4,,0
2026-07-21,L100000101203,Ningxia Lingwu power station,Ningxia,38.148333,106.345833,0,,,OMSO2e,4,,0
2026-07-21,L100000101219,Yuanyang Lake power station,Ningxia,38.0575,106.691389,0,,,OMSO2e,4,,0
2026-07-21,L100000101244,Fugu Qingshuichuan power station,Shaanxi,39.2048853,111.1190328,0,,,OMSO2e,4,,0
2026-07-21,L100000101246,Guodian Baoji-2 power station,Shaanxi,34.4980333,107.2181511,0,,,OMSO2e,4,,0
2026-07-21,L100000101252,Hancheng power station,Shaanxi,35.6007189,110.5557051,0,,,OMSO2e,4,,0
2026-07-21,L100000101265,Leilongwan power station,Shaanxi,37.925376,109.101678,0,,,OMSO2e,4,,0
2026-07-21,L100000101269,Pucheng power station,Shaanxi,34.9779314,109.7999759,0,,,OMSO2e,4,,0
2026-07-21,L100000101277,Fugu Miaogoumen power station,Shaanxi,39.208319,110.784956,0,,,OMSO2e,4,,0
2026-07-21,L100000101278,Jinjie power station,Shaanxi,38.7368389,110.1661297,0,,,OMSO2e,4,,0
2026-07-21,L100000101297,Yulin Hengshan power station,Shaanxi,38.03372,109.415067,0,,,OMSO2e,4,,0
2026-07-21,L100000101307,Binzhou Boxing power station,Shandong,37.27629,118.330855,0,,,OMSO2e,4,-0.3700000047683716,3
2026-07-21,L100000101316,Datang Dongying power station,Shandong,38.113151,118.910229,0,,,OMSO2e,4,0.1950000077486038,4
2026-07-21,L100000101332,Guohua Shouguang power station,Shandong,37.269686,118.906738,0,,,OMSO2e,4,-0.3700000047683716,3
2026-07-21,L100000101339,Huadian Laizhou power station,Shandong,37.432222,120.018056,0,,,OMSO2e,4,-0.0019999979995191,5
2026-07-21,L100000101341,Shiliquan power station,Shandong,34.814444,117.573056,0,,,OMSO2e,4,,0
2026-07-21,L100000101342,Huadian Weifang power station,Shandong,36.6656392,119.2632115,0,,,OMSO2e,4,,0
2026-07-21,L100000101344,Huaneng Dezhou power station,Shandong,37.449349,116.2415516,0,,,OMSO2e,4,,0
2026-07-21,L100000101348,Huaneng Laiwu power station,Shandong,36.1342702,117.6849675,0,,,OMSO2e,4,,0
2026-07-21,L100000101383,Rizhao power station,Shandong,35.3454727,119.5104761,0,,,OMSO2e,4,-0.0714285746216774,7
2026-07-21,L100000101399,Shiheng-2 power station,Shandong,36.2123187,116.5136301,0,,,OMSO2e,4,,0
2026-07-21,L100000101409,Weihai power station,Shandong,37.44899,122.20724,0,,,OMSO2e,4,-0.0400000102818012,5
2026-07-21,L100000101415,Weiqiao Huji power station,Shandong,37.347901,117.781587,0,,,OMSO2e,4,-0.3700000047683716,1
2026-07-21,L100000101420,Weiqiao Zouping-1 power station,Shandong,36.9106725,117.7853572,0,,,OMSO2e,4,,0
2026-07-21,L100000101425,Weiqiao Zouping-7 power station,Shandong,36.896297,117.860459,0,,,OMSO2e,4,,0
2026-07-21,L100000101429,Shandong Xinfa Xinyuan power station,Shandong,36.615766,116.225215,0,,,OMSO2e,4,,0
2026-07-21,L100000101442,Zouxian power station,Shandong,35.3255698,116.9260912,0,,,OMSO2e,4,,0
2026-07-21,L100000101444,Shanghai Caojing power station,Shanghai,30.76073,121.4008,1,SH_pilot,2013.0,OMSO2e,4,,0
2026-07-21,L100000101447,Shanghai Shidongkou power station,Shanghai,31.4650719,121.4048433,1,SH_pilot,2013.0,OMSO2e,4,,0
2026-07-21,L100000101448,Waigaoqiao power station,Shanghai,31.3536333,121.6002746,1,SH_pilot,2013.0,OMSO2e,4,,0
2026-07-21,L100000101515,Shanxi Zhaoguang power station,Shanxi,36.5537987,111.6917736,0,,,OMSO2e,4,,0
2026-07-21,L100000101518,Shenhua Hequ power station,Shanxi,39.3830746,111.1843014,0,,,OMSO2e,4,,0
2026-07-21,L100000101519,Shentou power station,Shanxi,39.550981,112.488736,0,,,OMSO2e,4,,0
2026-07-21,L100000101529,Tongmei Tashan power station,Shanxi,39.9249917,113.0839199,0,,,OMSO2e,4,,0
2026-07-21,L100000101542,Xishan Gujiao power station,Shanxi,37.8952266,112.0930982,0,,,OMSO2e,4,,0
2026-07-21,L100000101543,Yangcheng power station,Shanxi,35.466123,112.5742039,0,,,OMSO2e,4,,0
2026-07-21,L100000101551,Yuguang Coal power station,Shanxi,38.078135,113.482791,0,,,OMSO2e,4,,0
2026-07-21,L100000101554,Zhangshan power station,Shanxi,36.326115,113.081402,0,,,OMSO2e,4,,0
2026-07-21,L100000101555,Changzhi power station,Shanxi,36.3226498,113.0816012,0,,,OMSO2e,4,,0
2026-07-21,L100000101567,Guang'an power station,Sichuan,30.5288201,106.8264802,0,,,OMSO2e,4,,0
2026-07-21,L100000101580,Tianming power station,Sichuan,31.869616,104.910148,0,,,OMSO2e,4,0.1214285567402839,7
2026-07-21,L100000101588,Panshan power station,Tianjin,39.9801382,117.4630704,1,TJ_pilot,2013.0,OMSO2e,4,0.6499999761581421,6
2026-07-21,L100000101589,Tianjin Beijiang power station,Tianjin,39.2193209,117.9298639,1,TJ_pilot,2013.0,OMSO2e,4,-0.3333333432674408,6
2026-07-21,L100000101617,East Hope Metals Wucaiwan power station,Xinjiang,44.6829461,89.1158667,0,,,OMSO2e,4,-0.1800000071525573,2
2026-07-21,L100000101668,Xinjiang Qiya Smelter power station,Xinjiang,44.8955881,89.049629,0,,,OMSO2e,4,-0.0450000017881393,2
2026-07-21,L100000101675,Shenhua Guoneng Hami power station,Xinjiang,42.411226,93.009166,0,,,OMSO2e,4,-0.0962499976158142,8
2026-07-21,L100000101677,Shenhua Zhundong Wucaiwan power station,Xinjiang,44.795533,89.149825,0,,,OMSO2e,4,-0.1800000071525573,2
2026-07-21,L100000101681,Tianchi Changji cogen power station,Xinjiang,44.004362,87.171961,0,,,OMSO2e,4,,0
2026-07-21,L100000101682,Tianchi Energy Zhundong Wucaiwan power station,Xinjiang,44.8524482,89.1959171,0,,,OMSO2e,4,-0.1459999978542328,5
2026-07-21,L100000101696,Wucaiwan Bei'er power station,Xinjiang,44.8388927,89.1908616,0,,,OMSO2e,4,-0.1459999978542328,5
2026-07-21,L100000101697,Wujiaqu power station,Xinjiang,44.26892,87.687877,0,,,OMSO2e,4,,0
2026-07-21,L100000101709,XPCC Shihezi Cogen power station,Xinjiang,44.428094,86.093609,0,,,OMSO2e,4,,0
2026-07-21,L100000101716,Diandong power station,Yunnan,25.19943,104.6819,0,,,OMSO2e,4,,0
2026-07-21,L100000101730,Wushashan power station,Zhejiang,29.505411,121.662934,0,,,OMSO2e,4,0.0400000028312206,4
2026-07-21,L100000101731,Beilun power station,Zhejiang,29.9427256,121.8131207,0,,,OMSO2e,4,0.1500000059604644,3
2026-07-21,L100000101732,Guohua Zhoushan power station,Zhejiang,30.103996,122.184817,0,,,OMSO2e,4,0.1500000059604644,2
2026-07-21,L100000101736,Yuhuan power station,Zhejiang,28.1151529,121.1391369,0,,,OMSO2e,4,,0
2026-07-21,L100000101737,China Resources Wenzhou power station,Zhejiang,27.4974228,120.6631851,0,,,OMSO2e,4,,0
2026-07-21,L100000101739,Jiaxing power station,Zhejiang,30.62804,121.14422,0,,,OMSO2e,4,,0
2026-07-21,L100000101742,Lanxi power station,Zhejiang,29.1866175,119.5068449,0,,,OMSO2e,4,,0
2026-07-21,L100000101747,Ninghai power station,Zhejiang,29.4817622,121.5114792,0,,,OMSO2e,4,0.1400000005960464,2
2026-07-21,L100000101750,Zhejiang Taizhou-2 power station,Zhejiang,29.012395,121.695507,0,,,OMSO2e,4,-0.0850000008940696,2
2026-07-21,L100000101761,Zheneng Liuheng power station,Zhejiang,29.7593387,122.1266091,0,,,OMSO2e,4,0.1449999958276748,6
2026-07-21,L100000101762,Zheneng Wenzhou power station,Zhejiang,27.9957103,120.8358582,0,,,OMSO2e,4,,0
2026-07-21,L100000101763,Zheneng Yueqing power station,Zhejiang,28.1704074,121.0889375,0,,,OMSO2e,4,,0
2026-07-21,L100000104506,Fu County power station,Shaanxi,35.858656,109.2167,0,,,OMSO2e,4,,0
2026-07-21,L100000104758,Hubei Yicheng power station,Hubei,31.781843,112.129461,1,HB_pilot,2014.0,OMSO2e,4,,0
2026-07-21,L100000104917,Shanggao power station,Jiangxi,28.185566,114.825697,0,,,OMSO2e,4,,0
2026-07-21,L100000104944,Hami-Chongqing UHV Transmission Line power station,Xinjiang,44.53792,92.926001,0,,,OMSO2e,4,,0
2026-07-21,L100000104970,Jiangsu Guoxin Shazhou power station,Jiangsu,31.985654,120.684419,0,,,OMSO2e,4,,0
2026-07-21,L100000105025,Datong-2 power station,Shanxi,40.0279118,113.2933181,0,,,OMSO2e,4,,0
2026-07-20,L100000100200,Anhui Bengbu power station,Anhui,32.78444,117.11472,0,,,OMSO2e,4,,0
2026-07-20,L100000100201,Anhui Huainan Panji power station,Anhui,32.76917,116.759595,0,,,OMSO2e,4,,0
2026-07-20,L100000100205,Chizhou Jiuhua power station,Anhui,30.7531097,117.5906618,0,,,OMSO2e,4,,0
2026-07-20,L100000100206,Pingwei power station,Anhui,32.68417,116.901389,0,,,OMSO2e,4,,0
2026-07-20,L100000100211,Fuyang power station,Anhui,33.00444,115.845278,0,,,OMSO2e,4,,0
2026-07-20,L100000100218,Wuhu power station,Anhui,31.2372348,118.1497184,0,,,OMSO2e,4,,0
2026-07-20,L100000100222,Huaibei Pingshan power station,Anhui,33.83392,116.831102,0,,,OMSO2e,4,,0
2026-07-20,L100000100223,Huainan Fengtai power station,Anhui,32.758,116.65,0,,,OMSO2e,4,,0
2026-07-20,L100000100225,Huainan Luohe power station,Anhui,32.68455,117.07511,0,,,OMSO2e,4,,0
2026-07-20,L100000100226,Huainan Tianji power station,Anhui,32.7465,116.8127,0,,,OMSO2e,4,,0
2026-07-20,L100000100233,Lixin Banji power station,Anhui,32.897245,116.242561,0,,,OMSO2e,4,,0
2026-07-20,L100000100237,Anqing power station,Anhui,30.541,117.1717,0,,,OMSO2e,4,,0
2026-07-20,L100000100240,Suzhou Qianyingzi power station,Anhui,33.5107954,116.9261351,0,,,OMSO2e,4,,0
2026-07-20,L100000100242,Tongling Wanneng power station,Anhui,30.88181,117.76439,0,,,OMSO2e,4,,0
2026-07-20,L100000100245,Ma'anshan power station,Anhui,31.750737,118.4796925,0,,,OMSO2e,4,,0
2026-07-20,L100000100269,Chongqing Shuanghuai power station,Chongqing,30.1611074,106.5480599,1,CQ_pilot,2013.0,OMSO2e,4,-0.2450000047683715,6
2026-07-20,L100000100272,Luohuang power station,Chongqing,29.347364,106.433182,1,CQ_pilot,2013.0,OMSO2e,4,,0
2026-07-20,L100000100276,Chongqing Wanzhou power station,Chongqing,30.677938,108.398976,1,CQ_pilot,2013.0,OMSO2e,4,0.001428578631021,7
2026-07-20,L100000100283,Ningde power station,Fujian,26.7574469,119.7353942,1,FJ_pilot,2016.0,OMSO2e,4,,0
2026-07-20,L100000100285,Fujian Hongshan power station,Fujian,24.7272766,118.7496944,1,FJ_pilot,2016.0,OMSO2e,4,,0
2026-07-20,L100000100287,Fuzhou Kemen power station,Fujian,26.3734254,119.7622418,1,FJ_pilot,2016.0,OMSO2e,4,,0
2026-07-20,L100000100288,Fuzhou Jiangyin power station,Fujian,25.438464,119.3396226,1,FJ_pilot,2016.0,OMSO2e,4,,0
2026-07-20,L100000100291,Houshi power station,Fujian,24.3030594,118.1259157,1,FJ_pilot,2016.0,OMSO2e,4,,0
2026-07-20,L100000100293,Huaneng Fuzhou power station,Fujian,25.99083,119.4816,1,FJ_pilot,2016.0,OMSO2e,4,,0
2026-07-20,L100000100298,Luoyuan Bay power station,Fujian,26.385334,119.789459,1,FJ_pilot,2016.0,OMSO2e,4,,0
2026-07-20,L100000100299,Meizhouwan power station,Fujian,25.1608278,119.0333354,1,FJ_pilot,2016.0,OMSO2e,4,,0
2026-07-20,L100000100300,Nanpu Quanzhou power station,Fujian,25.2044,118.94385,1,FJ_pilot,2016.0,OMSO2e,4,,0
2026-07-20,L100000100303,Xiamen Songyu power station,Fujian,24.4460582,118.0267975,1,FJ_pilot,2016.0,OMSO2e,4,,0
2026-07-20,L100000100318,Guazhou Changle power station,Gansu,40.6599,96.513,0,,,OMSO2e,4,,0
2026-07-20,L100000100320,Zhangye power station,Gansu,39.071222,100.462929,0,,,OMSO2e,4,,0
2026-07-20,L100000100326,Pingliang power station,Gansu,35.5017,106.7861,0,,,OMSO2e,4,-0.3400000035762787,6
2026-07-20,L100000100328,Gansu Zhengning power station,Gansu,35.268403,107.975564,0,,,OMSO2e,4,0.0379999950528144,5
2026-07-20,L100000100339,Lingtai power station,Gansu,35.0858218,107.7152829,0,,,OMSO2e,4,0.0749999955296516,6
2026-07-20,L100000100347,Chaozhou Sanbaimen power station,Guangdong,23.56645,117.0972,1,GD_pilot,2013.0,OMSO2e,4,,0
2026-07-20,L100000100354,Leizhou power station,Guangdong,20.51161,109.82803,1,GD_pilot,2013.0,OMSO2e,4,,0
2026-07-20,L100000100358,Guangdong Huilai power station,Guangdong,23.0047771,116.5472388,1,GD_pilot,2013.0,OMSO2e,4,,0
2026-07-20,L100000100359,Guangdong Huizhou Pinghai power station,Guangdong,22.6064638,114.741919,1,GD_pilot,2013.0,OMSO2e,4,,0
2026-07-20,L100000100361,Guangdong Shaoguan power station,Guangdong,24.682,113.605,1,GD_pilot,2013.0,OMSO2e,4,,0
2026-07-20,L100000100372,Taishan power station,Guangdong,21.8667,112.9228,1,GD_pilot,2013.0,OMSO2e,4,,0
2026-07-20,L100000100377,Heyuan power station,Guangdong,23.567222,114.640278,1,GD_pilot,2013.0,OMSO2e,4,,0
2026-07-20,L100000100381,Haimen power station,Guangdong,23.1899,116.6548,1,GD_pilot,2013.0,OMSO2e,4,,0
2026-07-20,L100000100390,Lufeng Jiahuwan power station,Guangdong,22.832499,115.985482,1,GD_pilot,2013.0,OMSO2e,4,0.1599999964237213,1
2026-07-20,L100000100392,Maoming Bohe power station,Guangdong,21.441033,111.289628,1,GD_pilot,2013.0,OMSO2e,4,,0
2026-07-20,L100000100402,Shenhua Qingyuan power station,Guangdong,24.417008,113.540884,1,GD_pilot,2013.0,OMSO2e,4,,0
2026-07-20,L100000100407,Shanwei Haifeng CCS power station,Guangdong,22.7545453,115.0419938,1,GD_pilot,2013.0,OMSO2e,4,,0
2026-07-20,L100000100408,Shanwei Honghaiwan power station,Guangdong,22.70695,115.55529,1,GD_pilot,2013.0,OMSO2e,4,,0
2026-07-20,L100000100417,Yangxi Zhujiang power station,Guangdong,21.54264,111.67033,1,GD_pilot,2013.0,OMSO2e,4,,0
2026-07-20,L100000100418,Dabu power station,Guangdong,24.4057171,116.5877945,1,GD_pilot,2013.0,OMSO2e,4,,0
2026-07-20,L100000100430,Beihai Bebuwan power station,Guangxi,21.5821851,109.5816259,0,,,OMSO2e,4,,0
2026-07-20,L100000100436,Fangchenggang Qisha power station,Guangxi,21.5914,108.3946,0,,,OMSO2e,4,,0
2026-07-20,L100000100437,Beihai power station,Guangxi,21.535871,109.590176,0,,,OMSO2e,4,,0
2026-07-20,L100000100444,Hezhou power station,Guangxi,24.73609,111.34667,0,,,OMSO2e,4,,0
2026-07-20,L100000100452,Qinzhou power station,Guangxi,21.7004655,108.6243063,0,,,OMSO2e,4,,0
2026-07-20,L100000100477,Guizhou Fa'er power station,Guizhou,26.3259319,104.7705622,0,,,OMSO2e,4,-0.056000005453825,5
2026-07-20,L100000100498,Panxian-2 power station,Guizhou,25.4686039,104.5924059,0,,,OMSO2e,4,0.2199999839067459,6
2026-07-20,L100000100502,Qianxi power station,Guizhou,27.0516899,106.1252456,0,,,OMSO2e,4,,0
2026-07-20,L100000100542,China Resources Caofeidian power station,Hebei,38.9960653,118.4875488,0,,,OMSO2e,4,,0
2026-07-20,L100000100551,Dingzhou power station,Hebei,38.5122064,114.8433969,0,,,OMSO2e,4,,0
2026-07-20,L100000100568,Shang'an power station,Hebei,38.05729,114.19627,0,,,OMSO2e,4,0.6800000071525574,1
2026-07-20,L100000100569,Hebei Cangdong power station,Hebei,38.31,117.8786111,0,,,OMSO2e,4,,0
2026-07-20,L100000100591,Xibaipo power station,Hebei,38.245068,114.2149428,0,,,OMSO2e,4,,0
2026-07-20,L100000100598,Zhangjiakou power station,Hebei,40.6595781,114.9438143,0,,,OMSO2e,4,,0
2026-07-20,L100000100610,Qitaihe power station,Heilongjiang,45.7604176,131.0533476,0,,,OMSO2e,4,,0
2026-07-20,L100000100647,Datang Sanmenxia power station,Henan,34.6855176,111.0274363,0,,,OMSO2e,4,0.3900000154972076,5
2026-07-20,L100000100648,Xinyang power station,Henan,32.109018,114.140877,0,,,OMSO2e,4,0.0283333361148834,6
2026-07-20,L100000100650,Dengfeng-2 power station,Henan,34.39274,113.19878,0,,,OMSO2e,4,0.1671428680419922,7
2026-07-20,L100000100657,Hebi power station,Henan,35.851366,114.1798126,0,,,OMSO2e,4,0.1000000014901161,2
2026-07-20,L100000100664,Henan Xin'an power station,Henan,34.7413202,112.0634119,0,,,OMSO2e,4,0.2716666758060455,6
2026-07-20,L100000100665,Henan Xinmi power station,Henan,34.50003,113.59801,0,,,OMSO2e,4,0.116666667163372,6
2026-07-20,L100000100677,Qinbei power station,Henan,35.1676,112.71654,0,,,OMSO2e,4,0.1150000020861625,6
2026-07-20,L100000100680,Jiaozuo Danhe power station,Henan,35.188487,112.887561,0,,,OMSO2e,4,0.1342857182025909,7
2026-07-20,L100000100696,Nanyang Yahekou power station,Henan,33.3086427,112.644474,0,,,OMSO2e,4,-0.0816666632890701,6
2026-07-20,L100000100697,Pingdingshan Luyang power station,Henan,33.82189,113.01438,0,,,OMSO2e,4,0.0799999982118606,5
2026-07-20,L100000100707,Nanyang Neixiang power station,Henan,33.086416,111.90004,0,,,OMSO2e,4,0.1271428614854812,7
2026-07-20,L100000100716,Xuchang Yulong power station,Henan,34.1751132,113.3581446,0,,,OMSO2e,4,0.008571432903409,7
2026-07-20,L100000100717,Yaomeng power station,Henan,33.7379928,113.2418822,0,,,OMSO2e,4,-0.0850000008940696,4
2026-07-20,L100000100730,Dabieshan power station,Hubei,31.1420662,114.8921871,1,HB_pilot,2014.0,OMSO2e,4,,0
2026-07-20,L100000100737,Hanchuan power station,Hubei,30.6566087,113.9172741,1,HB_pilot,2014.0,OMSO2e,4,,0
2026-07-20,L100000100740,Huadian Xisaishan power station,Hubei,30.203056,115.180278,1,HB_pilot,2014.0,OMSO2e,4,,0
2026-07-20,L100000100742,Yangluo power station,Hubei,30.6938889,114.5430556,1,HB_pilot,2014.0,OMSO2e,4,,0
2026-07-20,L100000100745,Hubei Ezhou power station,Hubei,30.5517656,114.6420121,1,HB_pilot,2014.0,OMSO2e,4,,0
2026-07-20,L100000100751,Puqi Xianning power station,Hubei,29.66523,113.87296,1,HB_pilot,2014.0,OMSO2e,4,,0
2026-07-20,L100000100760,Huadian Xiangyang power station,Hubei,31.9118256,112.16692,1,HB_pilot,2014.0,OMSO2e,4,-0.1783333420753479,6
2026-07-20,L100000100771,Pingjiang power station,Hunan,28.808542,113.54144,0,,,OMSO2e,4,,0
2026-07-20,L100000100773,Huaneng Yueyang power station,Hunan,29.4497908,113.1623018,0,,,OMSO2e,4,,0
2026-07-20,L100000100779,Jinzhushan power station,Hunan,27.6252776,111.4823651,0,,,OMSO2e,4,,0
2026-07-20,L100000100782,Liyujiang power station,Hunan,25.940443,113.192476,0,,,OMSO2e,4,,0
2026-07-20,L100000100785,Shenhua Yongzhou power station,Hunan,26.56672,111.492692,0,,,OMSO2e,4,,0
2026-07-20,L100000100786,Guoneng Yueyang power station,Hunan,29.6129835,112.754572,0,,,OMSO2e,4,,0
2026-07-20,L100000100788,Xiangtan power station,Hunan,27.8282792,112.9968045,0,,,OMSO2e,4,,0
2026-07-20,L100000100789,Yiyang power station,Hunan,28.5966667,112.2686111,0,,,OMSO2e,4,,0
2026-07-20,L100000100795,Baotou Aluminum power station,Inner Mongolia,40.557202,110.148382,1,IM_voluntary,2015.0,OMSO2e,4,-0.3375000059604645,4
2026-07-20,L100000100811,Chifeng Yuanbaoshan power station,Inner Mongolia,42.303333,119.324167,1,IM_voluntary,2015.0,OMSO2e,4,,0
2026-07-20,L100000100813,Chuangyuan Smelter power station,Inner Mongolia,45.437275,119.427496,1,IM_voluntary,2015.0,OMSO2e,4,,0
2026-07-20,L100000100822,Daihai power station,Inner Mongolia,40.519675,112.667725,1,IM_voluntary,2015.0,OMSO2e,4,0.0900000035762786,2
2026-07-20,L100000100823,Dalate power station,Inner Mongolia,40.36695,109.99604,1,IM_voluntary,2015.0,OMSO2e,4,-0.1557142883539199,7
2026-07-20,L100000100830,Togtoh power station,Inner Mongolia,40.1952329,111.358881,1,IM_voluntary,2015.0,OMSO2e,4,0.0400000065565109,4
2026-07-20,L100000100845,Guoneng Shanghaimiao power station,Inner Mongolia,38.309587,106.679378,1,IM_voluntary,2015.0,OMSO2e,4,0.6666666865348816,6
2026-07-20,L100000100847,Jiangsu Energy Group Wulagai power station,Inner Mongolia,45.955947,119.106454,1,IM_voluntary,2015.0,OMSO2e,4,,0
2026-07-20,L100000100861,Hohhot Jinshan cogen power station,Inner Mongolia,40.7072133,111.4600879,1,IM_voluntary,2015.0,OMSO2e,4,-0.023333340883255,3
2026-07-20,L100000100863,Hongjun Aluminum power station,Inner Mongolia,45.5128784,119.6504373,1,IM_voluntary,2015.0,OMSO2e,4,,0
2026-07-20,L100000100887,Shangdu power station,Inner Mongolia,42.22369,116.029256,1,IM_voluntary,2015.0,OMSO2e,4,,0
2026-07-20,L100000100888,Inner Mongolia Changcheng power station,Inner Mongolia,38.249688,106.657876,1,IM_voluntary,2015.0,OMSO2e,4,0.6666666865348816,6
2026-07-20,L100000100894,Yimin power station,Inner Mongolia,48.549722,119.773889,1,IM_voluntary,2015.0,OMSO2e,4,,0
2026-07-20,L100000100899,Huolinhe Zhanute power station,Inner Mongolia,45.409847,119.596739,1,IM_voluntary,2015.0,OMSO2e,4,,0
2026-07-20,L100000100910,Jining power station,Inner Mongolia,41.053294,113.153289,1,IM_voluntary,2015.0,OMSO2e,4,,0
2026-07-20,L100000100913,Junggar Suancigou power station,Inner Mongolia,39.711744,111.200548,1,IM_voluntary,2015.0,OMSO2e,4,-0.1633333414793014,3
2026-07-20,L100000100933,Mengtai Beijiao power station,Inner Mongolia,39.846004,109.984888,1,IM_voluntary,2015.0,OMSO2e,4,-0.0424999929964542,8
2026-07-20,L100000100937,Ordos Power Qipanjing power station,Inner Mongolia,39.385235,106.965664,1,IM_voluntary,2015.0,OMSO2e,4,0.1183333322405815,6
2026-07-20,L100000100948,Inner Mongolia Shenglu power station,Inner Mongolia,38.373756,106.782583,1,IM_voluntary,2015.0,OMSO2e,4,0.3942856788635254,7
2026-07-20,L100000100954,Tongliao power station,Inner Mongolia,43.6713737,122.1535206,1,IM_voluntary,2015.0,OMSO2e,4,,0
2026-07-20,L100000100969,Changshu-1 power station,Jiangsu,31.753204,120.9634852,0,,,OMSO2e,4,,0
2026-07-20,L100000100970,Changshu-2 power station,Jiangsu,31.757764,120.97813,0,,,OMSO2e,4,,0
2026-07-20,L100000100973,Yancheng Binhai power station,Jiangsu,34.307421,120.246943,0,,,OMSO2e,4,,0
2026-07-20,L100000100974,Changzhou power station,Jiangsu,31.9583333,119.9925,0,,,OMSO2e,4,,0
2026-07-20,L100000100982,Taizhou power station,Jiangsu,32.187206,119.914444,0,,,OMSO2e,4,,0
2026-07-20,L100000100984,Guohua Xuzhou power station,Jiangsu,34.395144,117.259705,0,,,OMSO2e,4,,0
2026-07-20,L100000100988,Jurong power station,Jiangsu,32.19575,119.2497,0,,,OMSO2e,4,,0
2026-07-20,L100000100993,Jinling power station,Jiangsu,32.17178,119.01977,0,,,OMSO2e,4,,0
2026-07-20,L100000100997,Huaneng Taicang power station,Jiangsu,31.656908,121.17932,0,,,OMSO2e,4,,0
2026-07-20,L100000100998,Jianbi power station,Jiangsu,32.17693,119.57554,0,,,OMSO2e,4,,0
2026-07-20,L100000101000,Guoxin Jingjiang power station,Jiangsu,32.030487,120.383144,0,,,OMSO2e,4,,0
2026-07-20,L100000101005,Jiangsu Nantong power station,Jiangsu,32.03214,120.76956,0,,,OMSO2e,4,,0
2026-07-20,L100000101008,Jiangsu Sheyanggang power station,Jiangsu,33.8185009,120.4633498,0,,,OMSO2e,4,,0
2026-07-20,L100000101018,Ligang power station,Jiangsu,31.940813,120.0766476,0,,,OMSO2e,4,,0
2026-07-20,L100000101020,Lusigang power station,Jiangsu,32.05858,121.72669,0,,,OMSO2e,4,,0
2026-07-20,L100000101039,Xinhai power station,Jiangsu,34.57789,119.12671,0,,,OMSO2e,4,,0
2026-07-20,L100000101044,Xuzhou Pengcheng power station,Jiangsu,34.3779,117.17591,0,,,OMSO2e,4,,0
2026-07-20,L100000101047,Guoxin Yangzhou power station,Jiangsu,32.267778,119.419444,0,,,OMSO2e,4,,0
2026-07-20,L100000101053,Zhangjiagang Shazhou power station,Jiangsu,31.989733,120.6879258,0,,,OMSO2e,4,,0
2026-07-20,L100000101057,Fuzhou power station,Jiangxi,27.7844943,116.5644289,0,,,OMSO2e,4,,0
2026-07-20,L100000101058,Datang Xinyu power station,Jiangxi,27.679755,114.956506,0,,,OMSO2e,4,,0
2026-07-20,L100000101060,Fengcheng power station,Jiangxi,28.1943602,115.7088424,0,,,OMSO2e,4,,0
2026-07-20,L100000101063,Guixi power station,Jiangxi,28.28914,117.2235,0,,,OMSO2e,4,,0
2026-07-20,L100000101068,Jinggangshan power station,Jiangxi,27.0474697,115.0203859,0,,,OMSO2e,4,,0
2026-07-20,L100000101069,Ruijin power station,Jiangxi,25.9244055,115.1028219,0,,,OMSO2e,4,,0
2026-07-20,L100000101074,Shenhua Jiujiang power station,Jiangxi,29.826619,116.375973,0,,,OMSO2e,4,,0
2026-07-20,L100000101114,Shuangliao power station,Jilin,43.5282178,123.4633255,0,,,OMSO2e,4,,0
2026-07-20,L100000101160,Yingkou power station,Liaoning,40.303837,122.105968,0,,,OMSO2e,4,,0
2026-07-20,L100000101178,Suizhong power station,Liaoning,40.07962,120.00959,0,,,OMSO2e,4,,0
2026-07-20,L100000101181,Tieling power station,Liaoning,42.3450141,123.8030455,0,,,OMSO2e,4,,0
2026-07-20,L100000101187,Daba power station,Ningxia,37.9916691,105.9247833,0,,,OMSO2e,4,0.4650000035762787,6
2026-07-20,L100000101190,Ningdong Fangjiazhuang power station,Ningxia,37.837649,106.666501,0,,,OMSO2e,4,0.5600000023841858,7
2026-07-20,L100000101191,Shizuishan power station,Ningxia,39.2848224,106.7890371,0,,,OMSO2e,4,0.022499993443489,4
2026-07-20,L100000101192,Ningdong power station,Ningxia,37.844757,106.786777,0,,,OMSO2e,4,0.4328571856021881,7
2026-07-20,L100000101203,Ningxia Lingwu power station,Ningxia,38.148333,106.345833,0,,,OMSO2e,4,1.0516666173934937,6
2026-07-20,L100000101219,Yuanyang Lake power station,Ningxia,38.0575,106.691389,0,,,OMSO2e,4,0.7149999737739563,6
2026-07-20,L100000101244,Fugu Qingshuichuan power station,Shaanxi,39.2048853,111.1190328,0,,,OMSO2e,4,0.209999993443489,2
2026-07-20,L100000101246,Guodian Baoji-2 power station,Shaanxi,34.4980333,107.2181511,0,,,OMSO2e,4,0.574999988079071,6
2026-07-20,L100000101252,Hancheng power station,Shaanxi,35.6007189,110.5557051,0,,,OMSO2e,4,0.012857143767178,7
2026-07-20,L100000101265,Leilongwan power station,Shaanxi,37.925376,109.101678,0,,,OMSO2e,4,0.2985714375972748,7
2026-07-20,L100000101269,Pucheng power station,Shaanxi,34.9779314,109.7999759,0,,,OMSO2e,4,0.1533333361148834,6
2026-07-20,L100000101277,Fugu Miaogoumen power station,Shaanxi,39.208319,110.784956,0,,,OMSO2e,4,0.2100000083446502,4
2026-07-20,L100000101278,Jinjie power station,Shaanxi,38.7368389,110.1661297,0,,,OMSO2e,4,0.2266666740179062,6
2026-07-20,L100000101297,Yulin Hengshan power station,Shaanxi,38.03372,109.415067,0,,,OMSO2e,4,0.3533333539962768,6
2026-07-20,L100000101307,Binzhou Boxing power station,Shandong,37.27629,118.330855,0,,,OMSO2e,4,,0
2026-07-20,L100000101316,Datang Dongying power station,Shandong,38.113151,118.910229,0,,,OMSO2e,4,,0
2026-07-20,L100000101332,Guohua Shouguang power station,Shandong,37.269686,118.906738,0,,,OMSO2e,4,,0
2026-07-20,L100000101339,Huadian Laizhou power station,Shandong,37.432222,120.018056,0,,,OMSO2e,4,,0
2026-07-20,L100000101341,Shiliquan power station,Shandong,34.814444,117.573056,0,,,OMSO2e,4,,0
2026-07-20,L100000101342,Huadian Weifang power station,Shandong,36.6656392,119.2632115,0,,,OMSO2e,4,,0
2026-07-20,L100000101344,Huaneng Dezhou power station,Shandong,37.449349,116.2415516,0,,,OMSO2e,4,,0
2026-07-20,L100000101348,Huaneng Laiwu power station,Shandong,36.1342702,117.6849675,0,,,OMSO2e,4,,0
2026-07-20,L100000101383,Rizhao power station,Shandong,35.3454727,119.5104761,0,,,OMSO2e,4,,0
2026-07-20,L100000101399,Shiheng-2 power station,Shandong,36.2123187,116.5136301,0,,,OMSO2e,4,,0
2026-07-20,L100000101409,Weihai power station,Shandong,37.44899,122.20724,0,,,OMSO2e,4,,0
2026-07-20,L100000101415,Weiqiao Huji power station,Shandong,37.347901,117.781587,0,,,OMSO2e,4,,0
2026-07-20,L100000101420,Weiqiao Zouping-1 power station,Shandong,36.9106725,117.7853572,0,,,OMSO2e,4,,0
2026-07-20,L100000101425,Weiqiao Zouping-7 power station,Shandong,36.896297,117.860459,0,,,OMSO2e,4,,0
2026-07-20,L100000101429,Shandong Xinfa Xinyuan power station,Shandong,36.615766,116.225215,0,,,OMSO2e,4,,0
2026-07-20,L100000101442,Zouxian power station,Shandong,35.3255698,116.9260912,0,,,OMSO2e,4,,0
2026-07-20,L100000101444,Shanghai Caojing power station,Shanghai,30.76073,121.4008,1,SH_pilot,2013.0,OMSO2e,4,,0
2026-07-20,L100000101447,Shanghai Shidongkou power station,Shanghai,31.4650719,121.4048433,1,SH_pilot,2013.0,OMSO2e,4,,0
2026-07-20,L100000101448,Waigaoqiao power station,Shanghai,31.3536333,121.6002746,1,SH_pilot,2013.0,OMSO2e,4,,0
2026-07-20,L100000101515,Shanxi Zhaoguang power station,Shanxi,36.5537987,111.6917736,0,,,OMSO2e,4,0.3333333432674408,6
2026-07-20,L100000101518,Shenhua Hequ power station,Shanxi,39.3830746,111.1843014,0,,,OMSO2e,4,-0.0299999993294477,1
2026-07-20,L100000101519,Shentou power station,Shanxi,39.550981,112.488736,0,,,OMSO2e,4,-0.1299999952316284,5
2026-07-20,L100000101529,Tongmei Tashan power station,Shanxi,39.9249917,113.0839199,0,,,OMSO2e,4,,0
2026-07-20,L100000101542,Xishan Gujiao power station,Shanxi,37.8952266,112.0930982,0,,,OMSO2e,4,-0.0225000027567148,4
2026-07-20,L100000101543,Yangcheng power station,Shanxi,35.466123,112.5742039,0,,,OMSO2e,4,0.273333340883255,6
2026-07-20,L100000101551,Yuguang Coal power station,Shanxi,38.078135,113.482791,0,,,OMSO2e,4,0.2233333438634872,6
2026-07-20,L100000101554,Zhangshan power station,Shanxi,36.326115,113.081402,0,,,OMSO2e,4,0.2128571420907974,7
2026-07-20,L100000101555,Changzhi power station,Shanxi,36.3226498,113.0816012,0,,,OMSO2e,4,0.2128571420907974,7
2026-07-20,L100000101567,Guang'an power station,Sichuan,30.5288201,106.8264802,0,,,OMSO2e,4,-0.375,6
2026-07-20,L100000101580,Tianming power station,Sichuan,31.869616,104.910148,0,,,OMSO2e,4,,0
2026-07-20,L100000101588,Panshan power station,Tianjin,39.9801382,117.4630704,1,TJ_pilot,2013.0,OMSO2e,4,,0
2026-07-20,L100000101589,Tianjin Beijiang power station,Tianjin,39.2193209,117.9298639,1,TJ_pilot,2013.0,OMSO2e,4,,0
2026-07-20,L100000101617,East Hope Metals Wucaiwan power station,Xinjiang,44.6829461,89.1158667,0,,,OMSO2e,4,,0
2026-07-20,L100000101668,Xinjiang Qiya Smelter power station,Xinjiang,44.8955881,89.049629,0,,,OMSO2e,4,,0
2026-07-20,L100000101675,Shenhua Guoneng Hami power station,Xinjiang,42.411226,93.009166,0,,,OMSO2e,4,,0
2026-07-20,L100000101677,Shenhua Zhundong Wucaiwan power station,Xinjiang,44.795533,89.149825,0,,,OMSO2e,4,,0
2026-07-20,L100000101681,Tianchi Changji cogen power station,Xinjiang,44.004362,87.171961,0,,,OMSO2e,4,,0
2026-07-20,L100000101682,Tianchi Energy Zhundong Wucaiwan power station,Xinjiang,44.8524482,89.1959171,0,,,OMSO2e,4,,0
2026-07-20,L100000101696,Wucaiwan Bei'er power station,Xinjiang,44.8388927,89.1908616,0,,,OMSO2e,4,,0
2026-07-20,L100000101697,Wujiaqu power station,Xinjiang,44.26892,87.687877,0,,,OMSO2e,4,,0
2026-07-20,L100000101709,XPCC Shihezi Cogen power station,Xinjiang,44.428094,86.093609,0,,,OMSO2e,4,0.0783333331346511,6
2026-07-20,L100000101716,Diandong power station,Yunnan,25.19943,104.6819,0,,,OMSO2e,4,0.0459999963641166,5
2026-07-20,L100000101730,Wushashan power station,Zhejiang,29.505411,121.662934,0,,,OMSO2e,4,,0
2026-07-20,L100000101731,Beilun power station,Zhejiang,29.9427256,121.8131207,0,,,OMSO2e,4,,0
2026-07-20,L100000101732,Guohua Zhoushan power station,Zhejiang,30.103996,122.184817,0,,,OMSO2e,4,,0
2026-07-20,L100000101736,Yuhuan power station,Zhejiang,28.1151529,121.1391369,0,,,OMSO2e,4,,0
2026-07-20,L100000101737,China Resources Wenzhou power station,Zhejiang,27.4974228,120.6631851,0,,,OMSO2e,4,,0
2026-07-20,L100000101739,Jiaxing power station,Zhejiang,30.62804,121.14422,0,,,OMSO2e,4,,0
2026-07-20,L100000101742,Lanxi power station,Zhejiang,29.1866175,119.5068449,0,,,OMSO2e,4,,0
2026-07-20,L100000101747,Ninghai power station,Zhejiang,29.4817622,121.5114792,0,,,OMSO2e,4,,0
2026-07-20,L100000101750,Zhejiang Taizhou-2 power station,Zhejiang,29.012395,121.695507,0,,,OMSO2e,4,,0
2026-07-20,L100000101761,Zheneng Liuheng power station,Zhejiang,29.7593387,122.1266091,0,,,OMSO2e,4,,0
2026-07-20,L100000101762,Zheneng Wenzhou power station,Zhejiang,27.9957103,120.8358582,0,,,OMSO2e,4,,0
2026-07-20,L100000101763,Zheneng Yueqing power station,Zhejiang,28.1704074,121.0889375,0,,,OMSO2e,4,,0
2026-07-20,L100000104506,Fu County power station,Shaanxi,35.858656,109.2167,0,,,OMSO2e,4,-0.0085714375600218,7
2026-07-20,L100000104758,Hubei Yicheng power station,Hubei,31.781843,112.129461,1,HB_pilot,2014.0,OMSO2e,4,-0.2683333456516266,6
2026-07-20,L100000104917,Shanggao power station,Jiangxi,28.185566,114.825697,0,,,OMSO2e,4,,0
2026-07-20,L100000104944,Hami-Chongqing UHV Transmission Line power station,Xinjiang,44.53792,92.926001,0,,,OMSO2e,4,,0
2026-07-20,L100000104970,Jiangsu Guoxin Shazhou power station,Jiangsu,31.985654,120.684419,0,,,OMSO2e,4,,0
2026-07-20,L100000105025,Datong-2 power station,Shanxi,40.0279118,113.2933181,0,,,OMSO2e,4,,0
2026-07-19,L100000100200,Anhui Bengbu power station,Anhui,32.78444,117.11472,0,,,OMSO2e,4,,0
2026-07-19,L100000100201,Anhui Huainan Panji power station,Anhui,32.76917,116.759595,0,,,OMSO2e,4,,0
2026-07-19,L100000100205,Chizhou Jiuhua power station,Anhui,30.7531097,117.5906618,0,,,OMSO2e,4,,0
2026-07-19,L100000100206,Pingwei power station,Anhui,32.68417,116.901389,0,,,OMSO2e,4,,0
2026-07-19,L100000100211,Fuyang power station,Anhui,33.00444,115.845278,0,,,OMSO2e,4,,0
2026-07-19,L100000100218,Wuhu power station,Anhui,31.2372348,118.1497184,0,,,OMSO2e,4,,0
2026-07-19,L100000100222,Huaibei Pingshan power station,Anhui,33.83392,116.831102,0,,,OMSO2e,4,,0
2026-07-19,L100000100223,Huainan Fengtai power station,Anhui,32.758,116.65,0,,,OMSO2e,4,,0
2026-07-19,L100000100225,Huainan Luohe power station,Anhui,32.68455,117.07511,0,,,OMSO2e,4,,0
2026-07-19,L100000100226,Huainan Tianji power station,Anhui,32.7465,116.8127,0,,,OMSO2e,4,,0
2026-07-19,L100000100233,Lixin Banji power station,Anhui,32.897245,116.242561,0,,,OMSO2e,4,,0
2026-07-19,L100000100237,Anqing power station,Anhui,30.541,117.1717,0,,,OMSO2e,4,,0
2026-07-19,L100000100240,Suzhou Qianyingzi power station,Anhui,33.5107954,116.9261351,0,,,OMSO2e,4,,0
2026-07-19,L100000100242,Tongling Wanneng power station,Anhui,30.88181,117.76439,0,,,OMSO2e,4,,0
2026-07-19,L100000100245,Ma'anshan power station,Anhui,31.750737,118.4796925,0,,,OMSO2e,4,,0
2026-07-19,L100000100269,Chongqing Shuanghuai power station,Chongqing,30.1611074,106.5480599,1,CQ_pilot,2013.0,OMSO2e,4,,0
2026-07-19,L100000100272,Luohuang power station,Chongqing,29.347364,106.433182,1,CQ_pilot,2013.0,OMSO2e,4,,0
2026-07-19,L100000100276,Chongqing Wanzhou power station,Chongqing,30.677938,108.398976,1,CQ_pilot,2013.0,OMSO2e,4,,0
2026-07-19,L100000100283,Ningde power station,Fujian,26.7574469,119.7353942,1,FJ_pilot,2016.0,OMSO2e,4,0.0649999976158142,4
2026-07-19,L100000100285,Fujian Hongshan power station,Fujian,24.7272766,118.7496944,1,FJ_pilot,2016.0,OMSO2e,4,,0
2026-07-19,L100000100287,Fuzhou Kemen power station,Fujian,26.3734254,119.7622418,1,FJ_pilot,2016.0,OMSO2e,4,-0.0033333301544189,6
2026-07-19,L100000100288,Fuzhou Jiangyin power station,Fujian,25.438464,119.3396226,1,FJ_pilot,2016.0,OMSO2e,4,,0
2026-07-19,L100000100291,Houshi power station,Fujian,24.3030594,118.1259157,1,FJ_pilot,2016.0,OMSO2e,4,,0
2026-07-19,L100000100293,Huaneng Fuzhou power station,Fujian,25.99083,119.4816,1,FJ_pilot,2016.0,OMSO2e,4,0.1599999964237213,2
2026-07-19,L100000100298,Luoyuan Bay power station,Fujian,26.385334,119.789459,1,FJ_pilot,2016.0,OMSO2e,4,-0.0328571386635303,7
2026-07-19,L100000100299,Meizhouwan power station,Fujian,25.1608278,119.0333354,1,FJ_pilot,2016.0,OMSO2e,4,-0.1500000059604644,3
2026-07-19,L100000100300,Nanpu Quanzhou power station,Fujian,25.2044,118.94385,1,FJ_pilot,2016.0,OMSO2e,4,-0.1500000059604644,1
2026-07-19,L100000100303,Xiamen Songyu power station,Fujian,24.4460582,118.0267975,1,FJ_pilot,2016.0,OMSO2e,4,,0
2026-07-19,L100000100318,Guazhou Changle power station,Gansu,40.6599,96.513,0,,,OMSO2e,4,0.0287500005215406,8
2026-07-19,L100000100320,Zhangye power station,Gansu,39.071222,100.462929,0,,,OMSO2e,4,,0
2026-07-19,L100000100326,Pingliang power station,Gansu,35.5017,106.7861,0,,,OMSO2e,4,,0
2026-07-19,L100000100328,Gansu Zhengning power station,Gansu,35.268403,107.975564,0,,,OMSO2e,4,,0
2026-07-19,L100000100339,Lingtai power station,Gansu,35.0858218,107.7152829,0,,,OMSO2e,4,,0
2026-07-19,L100000100347,Chaozhou Sanbaimen power station,Guangdong,23.56645,117.0972,1,GD_pilot,2013.0,OMSO2e,4,,0
2026-07-19,L100000100354,Leizhou power station,Guangdong,20.51161,109.82803,1,GD_pilot,2013.0,OMSO2e,4,,0
2026-07-19,L100000100358,Guangdong Huilai power station,Guangdong,23.0047771,116.5472388,1,GD_pilot,2013.0,OMSO2e,4,,0
2026-07-19,L100000100359,Guangdong Huizhou Pinghai power station,Guangdong,22.6064638,114.741919,1,GD_pilot,2013.0,OMSO2e,4,,0
2026-07-19,L100000100361,Guangdong Shaoguan power station,Guangdong,24.682,113.605,1,GD_pilot,2013.0,OMSO2e,4,,0
2026-07-19,L100000100372,Taishan power station,Guangdong,21.8667,112.9228,1,GD_pilot,2013.0,OMSO2e,4,,0
2026-07-19,L100000100377,Heyuan power station,Guangdong,23.567222,114.640278,1,GD_pilot,2013.0,OMSO2e,4,,0
2026-07-19,L100000100381,Haimen power station,Guangdong,23.1899,116.6548,1,GD_pilot,2013.0,OMSO2e,4,,0
2026-07-19,L100000100390,Lufeng Jiahuwan power station,Guangdong,22.832499,115.985482,1,GD_pilot,2013.0,OMSO2e,4,,0
2026-07-19,L100000100392,Maoming Bohe power station,Guangdong,21.441033,111.289628,1,GD_pilot,2013.0,OMSO2e,4,,0
2026-07-19,L100000100402,Shenhua Qingyuan power station,Guangdong,24.417008,113.540884,1,GD_pilot,2013.0,OMSO2e,4,,0
2026-07-19,L100000100407,Shanwei Haifeng CCS power station,Guangdong,22.7545453,115.0419938,1,GD_pilot,2013.0,OMSO2e,4,,0
2026-07-19,L100000100408,Shanwei Honghaiwan power station,Guangdong,22.70695,115.55529,1,GD_pilot,2013.0,OMSO2e,4,,0
2026-07-19,L100000100417,Yangxi Zhujiang power station,Guangdong,21.54264,111.67033,1,GD_pilot,2013.0,OMSO2e,4,,0
2026-07-19,L100000100418,Dabu power station,Guangdong,24.4057171,116.5877945,1,GD_pilot,2013.0,OMSO2e,4,,0
2026-07-19,L100000100430,Beihai Bebuwan power station,Guangxi,21.5821851,109.5816259,0,,,OMSO2e,4,,0
2026-07-19,L100000100436,Fangchenggang Qisha power station,Guangxi,21.5914,108.3946,0,,,OMSO2e,4,,0
2026-07-19,L100000100437,Beihai power station,Guangxi,21.535871,109.590176,0,,,OMSO2e,4,,0
2026-07-19,L100000100444,Hezhou power station,Guangxi,24.73609,111.34667,0,,,OMSO2e,4,,0
2026-07-19,L100000100452,Qinzhou power station,Guangxi,21.7004655,108.6243063,0,,,OMSO2e,4,,0
2026-07-19,L100000100477,Guizhou Fa'er power station,Guizhou,26.3259319,104.7705622,0,,,OMSO2e,4,,0
2026-07-19,L100000100498,Panxian-2 power station,Guizhou,25.4686039,104.5924059,0,,,OMSO2e,4,,0
2026-07-19,L100000100502,Qianxi power station,Guizhou,27.0516899,106.1252456,0,,,OMSO2e,4,,0
2026-07-19,L100000100542,China Resources Caofeidian power station,Hebei,38.9960653,118.4875488,0,,,OMSO2e,4,-0.089999996125698,6
2026-07-19,L100000100551,Dingzhou power station,Hebei,38.5122064,114.8433969,0,,,OMSO2e,4,0.5099999904632568,6
2026-07-19,L100000100568,Shang'an power station,Hebei,38.05729,114.19627,0,,,OMSO2e,4,0.048333317041397,6
2026-07-19,L100000100569,Hebei Cangdong power station,Hebei,38.31,117.8786111,0,,,OMSO2e,4,0.3466666638851166,3
2026-07-19,L100000100591,Xibaipo power station,Hebei,38.245068,114.2149428,0,,,OMSO2e,4,4.967053879312289e-09,6
2026-07-19,L100000100598,Zhangjiakou power station,Hebei,40.6595781,114.9438143,0,,,OMSO2e,4,0.1849999874830246,6
2026-07-19,L100000100610,Qitaihe power station,Heilongjiang,45.7604176,131.0533476,0,,,OMSO2e,4,,0
2026-07-19,L100000100647,Datang Sanmenxia power station,Henan,34.6855176,111.0274363,0,,,OMSO2e,4,-0.2600000202655792,2
2026-07-19,L100000100648,Xinyang power station,Henan,32.109018,114.140877,0,,,OMSO2e,4,,0
2026-07-19,L100000100650,Dengfeng-2 power station,Henan,34.39274,113.19878,0,,,OMSO2e,4,0.2628571391105652,7
2026-07-19,L100000100657,Hebi power station,Henan,35.851366,114.1798126,0,,,OMSO2e,4,0.2725000083446502,4
2026-07-19,L100000100664,Henan Xin'an power station,Henan,34.7413202,112.0634119,0,,,OMSO2e,4,0.135000005364418,6
2026-07-19,L100000100665,Henan Xinmi power station,Henan,34.50003,113.59801,0,,,OMSO2e,4,0.5450000166893005,6
2026-07-19,L100000100677,Qinbei power station,Henan,35.1676,112.71654,0,,,OMSO2e,4,0.1000000014901161,6
2026-07-19,L100000100680,Jiaozuo Danhe power station,Henan,35.188487,112.887561,0,,,OMSO2e,4,0.0585714317858219,7
2026-07-19,L100000100696,Nanyang Yahekou power station,Henan,33.3086427,112.644474,0,,,OMSO2e,4,-0.2800000011920929,6
2026-07-19,L100000100697,Pingdingshan Luyang power station,Henan,33.82189,113.01438,0,,,OMSO2e,4,0.2400000095367431,5
2026-07-19,L100000100707,Nanyang Neixiang power station,Henan,33.086416,111.90004,0,,,OMSO2e,4,-0.2185714393854141,7
2026-07-19,L100000100716,Xuchang Yulong power station,Henan,34.1751132,113.3581446,0,,,OMSO2e,4,-0.2414285689592361,7
2026-07-19,L100000100717,Yaomeng power station,Henan,33.7379928,113.2418822,0,,,OMSO2e,4,0.3000000119209289,4
2026-07-19,L100000100730,Dabieshan power station,Hubei,31.1420662,114.8921871,1,HB_pilot,2014.0,OMSO2e,4,,0
2026-07-19,L100000100737,Hanchuan power station,Hubei,30.6566087,113.9172741,1,HB_pilot,2014.0,OMSO2e,4,,0
2026-07-19,L100000100740,Huadian Xisaishan power station,Hubei,30.203056,115.180278,1,HB_pilot,2014.0,OMSO2e,4,,0
2026-07-19,L100000100742,Yangluo power station,Hubei,30.6938889,114.5430556,1,HB_pilot,2014.0,OMSO2e,4,,0
2026-07-19,L100000100745,Hubei Ezhou power station,Hubei,30.5517656,114.6420121,1,HB_pilot,2014.0,OMSO2e,4,,0
2026-07-19,L100000100751,Puqi Xianning power station,Hubei,29.66523,113.87296,1,HB_pilot,2014.0,OMSO2e,4,,0
2026-07-19,L100000100760,Huadian Xiangyang power station,Hubei,31.9118256,112.16692,1,HB_pilot,2014.0,OMSO2e,4,0.1683333069086074,6
2026-07-19,L100000100771,Pingjiang power station,Hunan,28.808542,113.54144,0,,,OMSO2e,4,,0
2026-07-19,L100000100773,Huaneng Yueyang power station,Hunan,29.4497908,113.1623018,0,,,OMSO2e,4,,0
2026-07-19,L100000100779,Jinzhushan power station,Hunan,27.6252776,111.4823651,0,,,OMSO2e,4,,0
2026-07-19,L100000100782,Liyujiang power station,Hunan,25.940443,113.192476,0,,,OMSO2e,4,,0
2026-07-19,L100000100785,Shenhua Yongzhou power station,Hunan,26.56672,111.492692,0,,,OMSO2e,4,,0
2026-07-19,L100000100786,Guoneng Yueyang power station,Hunan,29.6129835,112.754572,0,,,OMSO2e,4,,0
2026-07-19,L100000100788,Xiangtan power station,Hunan,27.8282792,112.9968045,0,,,OMSO2e,4,,0
2026-07-19,L100000100789,Yiyang power station,Hunan,28.5966667,112.2686111,0,,,OMSO2e,4,,0
2026-07-19,L100000100795,Baotou Aluminum power station,Inner Mongolia,40.557202,110.148382,1,IM_voluntary,2015.0,OMSO2e,4,,0
2026-07-19,L100000100811,Chifeng Yuanbaoshan power station,Inner Mongolia,42.303333,119.324167,1,IM_voluntary,2015.0,OMSO2e,4,0.1559999883174896,5
2026-07-19,L100000100813,Chuangyuan Smelter power station,Inner Mongolia,45.437275,119.427496,1,IM_voluntary,2015.0,OMSO2e,4,0.2085714340209961,7
2026-07-19,L100000100822,Daihai power station,Inner Mongolia,40.519675,112.667725,1,IM_voluntary,2015.0,OMSO2e,4,0.1666666716337204,6
2026-07-19,L100000100823,Dalate power station,Inner Mongolia,40.36695,109.99604,1,IM_voluntary,2015.0,OMSO2e,4,,0
2026-07-19,L100000100830,Togtoh power station,Inner Mongolia,40.1952329,111.358881,1,IM_voluntary,2015.0,OMSO2e,4,0.3299999833106994,4
2026-07-19,L100000100845,Guoneng Shanghaimiao power station,Inner Mongolia,38.309587,106.679378,1,IM_voluntary,2015.0,OMSO2e,4,,0
2026-07-19,L100000100847,Jiangsu Energy Group Wulagai power station,Inner Mongolia,45.955947,119.106454,1,IM_voluntary,2015.0,OMSO2e,4,-0.1420000046491623,5
2026-07-19,L100000100861,Hohhot Jinshan cogen power station,Inner Mongolia,40.7072133,111.4600879,1,IM_voluntary,2015.0,OMSO2e,4,1.1799999475479126,6
2026-07-19,L100000100863,Hongjun Aluminum power station,Inner Mongolia,45.5128784,119.6504373,1,IM_voluntary,2015.0,OMSO2e,4,0.2639999985694885,5
2026-07-19,L100000100887,Shangdu power station,Inner Mongolia,42.22369,116.029256,1,IM_voluntary,2015.0,OMSO2e,4,0.0399999991059303,4
2026-07-19,L100000100888,Inner Mongolia Changcheng power station,Inner Mongolia,38.249688,106.657876,1,IM_voluntary,2015.0,OMSO2e,4,,0
2026-07-19,L100000100894,Yimin power station,Inner Mongolia,48.549722,119.773889,1,IM_voluntary,2015.0,OMSO2e,4,,0
2026-07-19,L100000100899,Huolinhe Zhanute power station,Inner Mongolia,45.409847,119.596739,1,IM_voluntary,2015.0,OMSO2e,4,0.1566666811704635,6
2026-07-19,L100000100910,Jining power station,Inner Mongolia,41.053294,113.153289,1,IM_voluntary,2015.0,OMSO2e,4,-0.0083333356305956,6
2026-07-19,L100000100913,Junggar Suancigou power station,Inner Mongolia,39.711744,111.200548,1,IM_voluntary,2015.0,OMSO2e,4,,0
2026-07-19,L100000100933,Mengtai Beijiao power station,Inner Mongolia,39.846004,109.984888,1,IM_voluntary,2015.0,OMSO2e,4,,0
2026-07-19,L100000100937,Ordos Power Qipanjing power station,Inner Mongolia,39.385235,106.965664,1,IM_voluntary,2015.0,OMSO2e,4,,0
2026-07-19,L100000100948,Inner Mongolia Shenglu power station,Inner Mongolia,38.373756,106.782583,1,IM_voluntary,2015.0,OMSO2e,4,,0
2026-07-19,L100000100954,Tongliao power station,Inner Mongolia,43.6713737,122.1535206,1,IM_voluntary,2015.0,OMSO2e,4,,0
2026-07-19,L100000100969,Changshu-1 power station,Jiangsu,31.753204,120.9634852,0,,,OMSO2e,4,,0
2026-07-19,L100000100970,Changshu-2 power station,Jiangsu,31.757764,120.97813,0,,,OMSO2e,4,,0
2026-07-19,L100000100973,Yancheng Binhai power station,Jiangsu,34.307421,120.246943,0,,,OMSO2e,4,,0
2026-07-19,L100000100974,Changzhou power station,Jiangsu,31.9583333,119.9925,0,,,OMSO2e,4,,0
2026-07-19,L100000100982,Taizhou power station,Jiangsu,32.187206,119.914444,0,,,OMSO2e,4,,0
2026-07-19,L100000100984,Guohua Xuzhou power station,Jiangsu,34.395144,117.259705,0,,,OMSO2e,4,,0
2026-07-19,L100000100988,Jurong power station,Jiangsu,32.19575,119.2497,0,,,OMSO2e,4,,0
2026-07-19,L100000100993,Jinling power station,Jiangsu,32.17178,119.01977,0,,,OMSO2e,4,,0
2026-07-19,L100000100997,Huaneng Taicang power station,Jiangsu,31.656908,121.17932,0,,,OMSO2e,4,,0
2026-07-19,L100000100998,Jianbi power station,Jiangsu,32.17693,119.57554,0,,,OMSO2e,4,,0
2026-07-19,L100000101000,Guoxin Jingjiang power station,Jiangsu,32.030487,120.383144,0,,,OMSO2e,4,,0
2026-07-19,L100000101005,Jiangsu Nantong power station,Jiangsu,32.03214,120.76956,0,,,OMSO2e,4,,0
2026-07-19,L100000101008,Jiangsu Sheyanggang power station,Jiangsu,33.8185009,120.4633498,0,,,OMSO2e,4,,0
2026-07-19,L100000101018,Ligang power station,Jiangsu,31.940813,120.0766476,0,,,OMSO2e,4,,0
2026-07-19,L100000101020,Lusigang power station,Jiangsu,32.05858,121.72669,0,,,OMSO2e,4,-0.1000000014901161,1
2026-07-19,L100000101039,Xinhai power station,Jiangsu,34.57789,119.12671,0,,,OMSO2e,4,,0
2026-07-19,L100000101044,Xuzhou Pengcheng power station,Jiangsu,34.3779,117.17591,0,,,OMSO2e,4,,0
2026-07-19,L100000101047,Guoxin Yangzhou power station,Jiangsu,32.267778,119.419444,0,,,OMSO2e,4,,0
2026-07-19,L100000101053,Zhangjiagang Shazhou power station,Jiangsu,31.989733,120.6879258,0,,,OMSO2e,4,,0
2026-07-19,L100000101057,Fuzhou power station,Jiangxi,27.7844943,116.5644289,0,,,OMSO2e,4,,0
2026-07-19,L100000101058,Datang Xinyu power station,Jiangxi,27.679755,114.956506,0,,,OMSO2e,4,,0
2026-07-19,L100000101060,Fengcheng power station,Jiangxi,28.1943602,115.7088424,0,,,OMSO2e,4,,0
2026-07-19,L100000101063,Guixi power station,Jiangxi,28.28914,117.2235,0,,,OMSO2e,4,,0
2026-07-19,L100000101068,Jinggangshan power station,Jiangxi,27.0474697,115.0203859,0,,,OMSO2e,4,,0
2026-07-19,L100000101069,Ruijin power station,Jiangxi,25.9244055,115.1028219,0,,,OMSO2e,4,,0
2026-07-19,L100000101074,Shenhua Jiujiang power station,Jiangxi,29.826619,116.375973,0,,,OMSO2e,4,,0
2026-07-19,L100000101114,Shuangliao power station,Jilin,43.5282178,123.4633255,0,,,OMSO2e,4,,0
2026-07-19,L100000101160,Yingkou power station,Liaoning,40.303837,122.105968,0,,,OMSO2e,4,-0.6399999856948853,2
2026-07-19,L100000101178,Suizhong power station,Liaoning,40.07962,120.00959,0,,,OMSO2e,4,-0.0400000065565109,8
2026-07-19,L100000101181,Tieling power station,Liaoning,42.3450141,123.8030455,0,,,OMSO2e,4,,0
2026-07-19,L100000101187,Daba power station,Ningxia,37.9916691,105.9247833,0,,,OMSO2e,4,,0
2026-07-19,L100000101190,Ningdong Fangjiazhuang power station,Ningxia,37.837649,106.666501,0,,,OMSO2e,4,,0
2026-07-19,L100000101191,Shizuishan power station,Ningxia,39.2848224,106.7890371,0,,,OMSO2e,4,,0
2026-07-19,L100000101192,Ningdong power station,Ningxia,37.844757,106.786777,0,,,OMSO2e,4,,0
2026-07-19,L100000101203,Ningxia Lingwu power station,Ningxia,38.148333,106.345833,0,,,OMSO2e,4,,0
2026-07-19,L100000101219,Yuanyang Lake power station,Ningxia,38.0575,106.691389,0,,,OMSO2e,4,,0
2026-07-19,L100000101244,Fugu Qingshuichuan power station,Shaanxi,39.2048853,111.1190328,0,,,OMSO2e,4,0.3449999988079071,2
2026-07-19,L100000101246,Guodian Baoji-2 power station,Shaanxi,34.4980333,107.2181511,0,,,OMSO2e,4,,0
2026-07-19,L100000101252,Hancheng power station,Shaanxi,35.6007189,110.5557051,0,,,OMSO2e,4,,0
2026-07-19,L100000101265,Leilongwan power station,Shaanxi,37.925376,109.101678,0,,,OMSO2e,4,,0
2026-07-19,L100000101269,Pucheng power station,Shaanxi,34.9779314,109.7999759,0,,,OMSO2e,4,,0
2026-07-19,L100000101277,Fugu Miaogoumen power station,Shaanxi,39.208319,110.784956,0,,,OMSO2e,4,,0
2026-07-19,L100000101278,Jinjie power station,Shaanxi,38.7368389,110.1661297,0,,,OMSO2e,4,,0
2026-07-19,L100000101297,Yulin Hengshan power station,Shaanxi,38.03372,109.415067,0,,,OMSO2e,4,,0
2026-07-19,L100000101307,Binzhou Boxing power station,Shandong,37.27629,118.330855,0,,,OMSO2e,4,,0
2026-07-19,L100000101316,Datang Dongying power station,Shandong,38.113151,118.910229,0,,,OMSO2e,4,-0.1066666767001152,6
2026-07-19,L100000101332,Guohua Shouguang power station,Shandong,37.269686,118.906738,0,,,OMSO2e,4,,0
2026-07-19,L100000101339,Huadian Laizhou power station,Shandong,37.432222,120.018056,0,,,OMSO2e,4,0.0466666631400585,3
2026-07-19,L100000101341,Shiliquan power station,Shandong,34.814444,117.573056,0,,,OMSO2e,4,,0
2026-07-19,L100000101342,Huadian Weifang power station,Shandong,36.6656392,119.2632115,0,,,OMSO2e,4,,0
2026-07-19,L100000101344,Huaneng Dezhou power station,Shandong,37.449349,116.2415516,0,,,OMSO2e,4,,0
2026-07-19,L100000101348,Huaneng Laiwu power station,Shandong,36.1342702,117.6849675,0,,,OMSO2e,4,,0
2026-07-19,L100000101383,Rizhao power station,Shandong,35.3454727,119.5104761,0,,,OMSO2e,4,,0
2026-07-19,L100000101399,Shiheng-2 power station,Shandong,36.2123187,116.5136301,0,,,OMSO2e,4,,0
2026-07-19,L100000101409,Weihai power station,Shandong,37.44899,122.20724,0,,,OMSO2e,4,,0
2026-07-19,L100000101415,Weiqiao Huji power station,Shandong,37.347901,117.781587,0,,,OMSO2e,4,,0
2026-07-19,L100000101420,Weiqiao Zouping-1 power station,Shandong,36.9106725,117.7853572,0,,,OMSO2e,4,,0
2026-07-19,L100000101425,Weiqiao Zouping-7 power station,Shandong,36.896297,117.860459,0,,,OMSO2e,4,,0
2026-07-19,L100000101429,Shandong Xinfa Xinyuan power station,Shandong,36.615766,116.225215,0,,,OMSO2e,4,,0
2026-07-19,L100000101442,Zouxian power station,Shandong,35.3255698,116.9260912,0,,,OMSO2e,4,,0
2026-07-19,L100000101444,Shanghai Caojing power station,Shanghai,30.76073,121.4008,1,SH_pilot,2013.0,OMSO2e,4,0.1739999949932098,5
2026-07-19,L100000101447,Shanghai Shidongkou power station,Shanghai,31.4650719,121.4048433,1,SH_pilot,2013.0,OMSO2e,4,0.4799999892711639,1
2026-07-19,L100000101448,Waigaoqiao power station,Shanghai,31.3536333,121.6002746,1,SH_pilot,2013.0,OMSO2e,4,0.0800000056624412,4
2026-07-19,L100000101515,Shanxi Zhaoguang power station,Shanxi,36.5537987,111.6917736,0,,,OMSO2e,4,0.1199999973177909,6
2026-07-19,L100000101518,Shenhua Hequ power station,Shanxi,39.3830746,111.1843014,0,,,OMSO2e,4,0.3449999988079071,2
2026-07-19,L100000101519,Shentou power station,Shanxi,39.550981,112.488736,0,,,OMSO2e,4,0.1733333468437194,6
2026-07-19,L100000101529,Tongmei Tashan power station,Shanxi,39.9249917,113.0839199,0,,,OMSO2e,4,0.1757142841815948,7
2026-07-19,L100000101542,Xishan Gujiao power station,Shanxi,37.8952266,112.0930982,0,,,OMSO2e,4,0.1166666522622108,6
2026-07-19,L100000101543,Yangcheng power station,Shanxi,35.466123,112.5742039,0,,,OMSO2e,4,0.0,6
2026-07-19,L100000101551,Yuguang Coal power station,Shanxi,38.078135,113.482791,0,,,OMSO2e,4,0.3971428573131561,7
2026-07-19,L100000101554,Zhangshan power station,Shanxi,36.326115,113.081402,0,,,OMSO2e,4,0.1514285802841186,7
2026-07-19,L100000101555,Changzhi power station,Shanxi,36.3226498,113.0816012,0,,,OMSO2e,4,0.1514285802841186,7
2026-07-19,L100000101567,Guang'an power station,Sichuan,30.5288201,106.8264802,0,,,OMSO2e,4,,0
2026-07-19,L100000101580,Tianming power station,Sichuan,31.869616,104.910148,0,,,OMSO2e,4,,0
2026-07-19,L100000101588,Panshan power station,Tianjin,39.9801382,117.4630704,1,TJ_pilot,2013.0,OMSO2e,4,-0.270000010728836,1
2026-07-19,L100000101589,Tianjin Beijiang power station,Tianjin,39.2193209,117.9298639,1,TJ_pilot,2013.0,OMSO2e,4,-0.1933333277702331,3
2026-07-19,L100000101617,East Hope Metals Wucaiwan power station,Xinjiang,44.6829461,89.1158667,0,,,OMSO2e,4,0.0157142858952283,7
2026-07-19,L100000101668,Xinjiang Qiya Smelter power station,Xinjiang,44.8955881,89.049629,0,,,OMSO2e,4,0.0674999952316284,8
2026-07-19,L100000101675,Shenhua Guoneng Hami power station,Xinjiang,42.411226,93.009166,0,,,OMSO2e,4,-0.0412499979138374,8
2026-07-19,L100000101677,Shenhua Zhundong Wucaiwan power station,Xinjiang,44.795533,89.149825,0,,,OMSO2e,4,-0.0133333327248692,6
2026-07-19,L100000101681,Tianchi Changji cogen power station,Xinjiang,44.004362,87.171961,0,,,OMSO2e,4,0.60999995470047,6
2026-07-19,L100000101682,Tianchi Energy Zhundong Wucaiwan power station,Xinjiang,44.8524482,89.1959171,0,,,OMSO2e,4,-0.0199999995529651,8
2026-07-19,L100000101696,Wucaiwan Bei'er power station,Xinjiang,44.8388927,89.1908616,0,,,OMSO2e,4,-0.0155555540695786,9
2026-07-19,L100000101697,Wujiaqu power station,Xinjiang,44.26892,87.687877,0,,,OMSO2e,4,1.2016665935516355,6
2026-07-19,L100000101709,XPCC Shihezi Cogen power station,Xinjiang,44.428094,86.093609,0,,,OMSO2e,4,0.9385713934898376,7
2026-07-19,L100000101716,Diandong power station,Yunnan,25.19943,104.6819,0,,,OMSO2e,4,,0
2026-07-19,L100000101730,Wushashan power station,Zhejiang,29.505411,121.662934,0,,,OMSO2e,4,0.0700000002980232,1
2026-07-19,L100000101731,Beilun power station,Zhejiang,29.9427256,121.8131207,0,,,OMSO2e,4,-0.1400000005960464,1
2026-07-19,L100000101732,Guohua Zhoushan power station,Zhejiang,30.103996,122.184817,0,,,OMSO2e,4,-0.0740000009536743,5
2026-07-19,L100000101736,Yuhuan power station,Zhejiang,28.1151529,121.1391369,0,,,OMSO2e,4,-0.0340000018477439,5
2026-07-19,L100000101737,China Resources Wenzhou power station,Zhejiang,27.4974228,120.6631851,0,,,OMSO2e,4,-0.0600000023841857,5
2026-07-19,L100000101739,Jiaxing power station,Zhejiang,30.62804,121.14422,0,,,OMSO2e,4,0.0349999964237213,2
2026-07-19,L100000101742,Lanxi power station,Zhejiang,29.1866175,119.5068449,0,,,OMSO2e,4,,0
2026-07-19,L100000101747,Ninghai power station,Zhejiang,29.4817622,121.5114792,0,,,OMSO2e,4,,0
2026-07-19,L100000101750,Zhejiang Taizhou-2 power station,Zhejiang,29.012395,121.695507,0,,,OMSO2e,4,0.1449999958276748,4
2026-07-19,L100000101761,Zheneng Liuheng power station,Zhejiang,29.7593387,122.1266091,0,,,OMSO2e,4,0.0625,4
2026-07-19,L100000101762,Zheneng Wenzhou power station,Zhejiang,27.9957103,120.8358582,0,,,OMSO2e,4,0.1183333396911621,6
2026-07-19,L100000101763,Zheneng Yueqing power station,Zhejiang,28.1704074,121.0889375,0,,,OMSO2e,4,-0.0966666713356971,6
2026-07-19,L100000104506,Fu County power station,Shaanxi,35.858656,109.2167,0,,,OMSO2e,4,,0
2026-07-19,L100000104758,Hubei Yicheng power station,Hubei,31.781843,112.129461,1,HB_pilot,2014.0,OMSO2e,4,0.4650000035762787,6
2026-07-19,L100000104917,Shanggao power station,Jiangxi,28.185566,114.825697,0,,,OMSO2e,4,,0
2026-07-19,L100000104944,Hami-Chongqing UHV Transmission Line power station,Xinjiang,44.53792,92.926001,0,,,OMSO2e,4,-0.0383333228528499,6
2026-07-19,L100000104970,Jiangsu Guoxin Shazhou power station,Jiangsu,31.985654,120.684419,0,,,OMSO2e,4,,0
2026-07-19,L100000105025,Datong-2 power station,Shanxi,40.0279118,113.2933181,0,,,OMSO2e,4,0.1600000113248825,6
2026-07-18,L100000100200,Anhui Bengbu power station,Anhui,32.78444,117.11472,0,,,OMSO2e,4,,0
2026-07-18,L100000100201,Anhui Huainan Panji power station,Anhui,32.76917,116.759595,0,,,OMSO2e,4,,0
2026-07-18,L100000100205,Chizhou Jiuhua power station,Anhui,30.7531097,117.5906618,0,,,OMSO2e,4,,0
2026-07-18,L100000100206,Pingwei power station,Anhui,32.68417,116.901389,0,,,OMSO2e,4,,0
2026-07-18,L100000100211,Fuyang power station,Anhui,33.00444,115.845278,0,,,OMSO2e,4,,0
2026-07-18,L100000100218,Wuhu power station,Anhui,31.2372348,118.1497184,0,,,OMSO2e,4,,0
2026-07-18,L100000100222,Huaibei Pingshan power station,Anhui,33.83392,116.831102,0,,,OMSO2e,4,,0
2026-07-18,L100000100223,Huainan Fengtai power station,Anhui,32.758,116.65,0,,,OMSO2e,4,,0
2026-07-18,L100000100225,Huainan Luohe power station,Anhui,32.68455,117.07511,0,,,OMSO2e,4,,0
2026-07-18,L100000100226,Huainan Tianji power station,Anhui,32.7465,116.8127,0,,,OMSO2e,4,,0
2026-07-18,L100000100233,Lixin Banji power station,Anhui,32.897245,116.242561,0,,,OMSO2e,4,,0
2026-07-18,L100000100237,Anqing power station,Anhui,30.541,117.1717,0,,,OMSO2e,4,,0
2026-07-18,L100000100240,Suzhou Qianyingzi power station,Anhui,33.5107954,116.9261351,0,,,OMSO2e,4,,0
2026-07-18,L100000100242,Tongling Wanneng power station,Anhui,30.88181,117.76439,0,,,OMSO2e,4,,0
2026-07-18,L100000100245,Ma'anshan power station,Anhui,31.750737,118.4796925,0,,,OMSO2e,4,,0
2026-07-18,L100000100269,Chongqing Shuanghuai power station,Chongqing,30.1611074,106.5480599,1,CQ_pilot,2013.0,OMSO2e,4,,0
2026-07-18,L100000100272,Luohuang power station,Chongqing,29.347364,106.433182,1,CQ_pilot,2013.0,OMSO2e,4,,0
2026-07-18,L100000100276,Chongqing Wanzhou power station,Chongqing,30.677938,108.398976,1,CQ_pilot,2013.0,OMSO2e,4,,0
2026-07-18,L100000100283,Ningde power station,Fujian,26.7574469,119.7353942,1,FJ_pilot,2016.0,OMSO2e,4,,0
2026-07-18,L100000100285,Fujian Hongshan power station,Fujian,24.7272766,118.7496944,1,FJ_pilot,2016.0,OMSO2e,4,,0
2026-07-18,L100000100287,Fuzhou Kemen power station,Fujian,26.3734254,119.7622418,1,FJ_pilot,2016.0,OMSO2e,4,,0
2026-07-18,L100000100288,Fuzhou Jiangyin power station,Fujian,25.438464,119.3396226,1,FJ_pilot,2016.0,OMSO2e,4,,0
2026-07-18,L100000100291,Houshi power station,Fujian,24.3030594,118.1259157,1,FJ_pilot,2016.0,OMSO2e,4,,0
2026-07-18,L100000100293,Huaneng Fuzhou power station,Fujian,25.99083,119.4816,1,FJ_pilot,2016.0,OMSO2e,4,,0
2026-07-18,L100000100298,Luoyuan Bay power station,Fujian,26.385334,119.789459,1,FJ_pilot,2016.0,OMSO2e,4,,0
2026-07-18,L100000100299,Meizhouwan power station,Fujian,25.1608278,119.0333354,1,FJ_pilot,2016.0,OMSO2e,4,,0
2026-07-18,L100000100300,Nanpu Quanzhou power station,Fujian,25.2044,118.94385,1,FJ_pilot,2016.0,OMSO2e,4,,0
2026-07-18,L100000100303,Xiamen Songyu power station,Fujian,24.4460582,118.0267975,1,FJ_pilot,2016.0,OMSO2e,4,,0
2026-07-18,L100000100318,Guazhou Changle power station,Gansu,40.6599,96.513,0,,,OMSO2e,4,0.0587499998509883,8
2026-07-18,L100000100320,Zhangye power station,Gansu,39.071222,100.462929,0,,,OMSO2e,4,,0
2026-07-18,L100000100326,Pingliang power station,Gansu,35.5017,106.7861,0,,,OMSO2e,4,,0
2026-07-18,L100000100328,Gansu Zhengning power station,Gansu,35.268403,107.975564,0,,,OMSO2e,4,,0
2026-07-18,L100000100339,Lingtai power station,Gansu,35.0858218,107.7152829,0,,,OMSO2e,4,,0
2026-07-18,L100000100347,Chaozhou Sanbaimen power station,Guangdong,23.56645,117.0972,1,GD_pilot,2013.0,OMSO2e,4,,0
2026-07-18,L100000100354,Leizhou power station,Guangdong,20.51161,109.82803,1,GD_pilot,2013.0,OMSO2e,4,,0
2026-07-18,L100000100358,Guangdong Huilai power station,Guangdong,23.0047771,116.5472388,1,GD_pilot,2013.0,OMSO2e,4,,0
2026-07-18,L100000100359,Guangdong Huizhou Pinghai power station,Guangdong,22.6064638,114.741919,1,GD_pilot,2013.0,OMSO2e,4,,0
2026-07-18,L100000100361,Guangdong Shaoguan power station,Guangdong,24.682,113.605,1,GD_pilot,2013.0,OMSO2e,4,,0
2026-07-18,L100000100372,Taishan power station,Guangdong,21.8667,112.9228,1,GD_pilot,2013.0,OMSO2e,4,,0
2026-07-18,L100000100377,Heyuan power station,Guangdong,23.567222,114.640278,1,GD_pilot,2013.0,OMSO2e,4,,0
2026-07-18,L100000100381,Haimen power station,Guangdong,23.1899,116.6548,1,GD_pilot,2013.0,OMSO2e,4,,0
2026-07-18,L100000100390,Lufeng Jiahuwan power station,Guangdong,22.832499,115.985482,1,GD_pilot,2013.0,OMSO2e,4,,0
2026-07-18,L100000100392,Maoming Bohe power station,Guangdong,21.441033,111.289628,1,GD_pilot,2013.0,OMSO2e,4,,0
2026-07-18,L100000100402,Shenhua Qingyuan power station,Guangdong,24.417008,113.540884,1,GD_pilot,2013.0,OMSO2e,4,,0
2026-07-18,L100000100407,Shanwei Haifeng CCS power station,Guangdong,22.7545453,115.0419938,1,GD_pilot,2013.0,OMSO2e,4,,0
2026-07-18,L100000100408,Shanwei Honghaiwan power station,Guangdong,22.70695,115.55529,1,GD_pilot,2013.0,OMSO2e,4,,0
2026-07-18,L100000100417,Yangxi Zhujiang power station,Guangdong,21.54264,111.67033,1,GD_pilot,2013.0,OMSO2e,4,,0
2026-07-18,L100000100418,Dabu power station,Guangdong,24.4057171,116.5877945,1,GD_pilot,2013.0,OMSO2e,4,,0
2026-07-18,L100000100430,Beihai Bebuwan power station,Guangxi,21.5821851,109.5816259,0,,,OMSO2e,4,,0
2026-07-18,L100000100436,Fangchenggang Qisha power station,Guangxi,21.5914,108.3946,0,,,OMSO2e,4,,0
2026-07-18,L100000100437,Beihai power station,Guangxi,21.535871,109.590176,0,,,OMSO2e,4,,0
2026-07-18,L100000100444,Hezhou power station,Guangxi,24.73609,111.34667,0,,,OMSO2e,4,,0
2026-07-18,L100000100452,Qinzhou power station,Guangxi,21.7004655,108.6243063,0,,,OMSO2e,4,,0
2026-07-18,L100000100477,Guizhou Fa'er power station,Guizhou,26.3259319,104.7705622,0,,,OMSO2e,4,,0
2026-07-18,L100000100498,Panxian-2 power station,Guizhou,25.4686039,104.5924059,0,,,OMSO2e,4,,0
2026-07-18,L100000100502,Qianxi power station,Guizhou,27.0516899,106.1252456,0,,,OMSO2e,4,,0
2026-07-18,L100000100542,China Resources Caofeidian power station,Hebei,38.9960653,118.4875488,0,,,OMSO2e,4,,0
2026-07-18,L100000100551,Dingzhou power station,Hebei,38.5122064,114.8433969,0,,,OMSO2e,4,,0
2026-07-18,L100000100568,Shang'an power station,Hebei,38.05729,114.19627,0,,,OMSO2e,4,,0
2026-07-18,L100000100569,Hebei Cangdong power station,Hebei,38.31,117.8786111,0,,,OMSO2e,4,,0
2026-07-18,L100000100591,Xibaipo power station,Hebei,38.245068,114.2149428,0,,,OMSO2e,4,,0
2026-07-18,L100000100598,Zhangjiakou power station,Hebei,40.6595781,114.9438143,0,,,OMSO2e,4,,0
2026-07-18,L100000100610,Qitaihe power station,Heilongjiang,45.7604176,131.0533476,0,,,OMSO2e,4,,0
2026-07-18,L100000100647,Datang Sanmenxia power station,Henan,34.6855176,111.0274363,0,,,OMSO2e,4,,0
2026-07-18,L100000100648,Xinyang power station,Henan,32.109018,114.140877,0,,,OMSO2e,4,,0
2026-07-18,L100000100650,Dengfeng-2 power station,Henan,34.39274,113.19878,0,,,OMSO2e,4,,0
2026-07-18,L100000100657,Hebi power station,Henan,35.851366,114.1798126,0,,,OMSO2e,4,,0
2026-07-18,L100000100664,Henan Xin'an power station,Henan,34.7413202,112.0634119,0,,,OMSO2e,4,,0
2026-07-18,L100000100665,Henan Xinmi power station,Henan,34.50003,113.59801,0,,,OMSO2e,4,,0
2026-07-18,L100000100677,Qinbei power station,Henan,35.1676,112.71654,0,,,OMSO2e,4,,0
2026-07-18,L100000100680,Jiaozuo Danhe power station,Henan,35.188487,112.887561,0,,,OMSO2e,4,,0
2026-07-18,L100000100696,Nanyang Yahekou power station,Henan,33.3086427,112.644474,0,,,OMSO2e,4,,0
2026-07-18,L100000100697,Pingdingshan Luyang power station,Henan,33.82189,113.01438,0,,,OMSO2e,4,,0
2026-07-18,L100000100707,Nanyang Neixiang power station,Henan,33.086416,111.90004,0,,,OMSO2e,4,,0
2026-07-18,L100000100716,Xuchang Yulong power station,Henan,34.1751132,113.3581446,0,,,OMSO2e,4,,0
2026-07-18,L100000100717,Yaomeng power station,Henan,33.7379928,113.2418822,0,,,OMSO2e,4,,0
2026-07-18,L100000100730,Dabieshan power station,Hubei,31.1420662,114.8921871,1,HB_pilot,2014.0,OMSO2e,4,,0
2026-07-18,L100000100737,Hanchuan power station,Hubei,30.6566087,113.9172741,1,HB_pilot,2014.0,OMSO2e,4,,0
2026-07-18,L100000100740,Huadian Xisaishan power station,Hubei,30.203056,115.180278,1,HB_pilot,2014.0,OMSO2e,4,,0
2026-07-18,L100000100742,Yangluo power station,Hubei,30.6938889,114.5430556,1,HB_pilot,2014.0,OMSO2e,4,,0
2026-07-18,L100000100745,Hubei Ezhou power station,Hubei,30.5517656,114.6420121,1,HB_pilot,2014.0,OMSO2e,4,,0
2026-07-18,L100000100751,Puqi Xianning power station,Hubei,29.66523,113.87296,1,HB_pilot,2014.0,OMSO2e,4,,0
2026-07-18,L100000100760,Huadian Xiangyang power station,Hubei,31.9118256,112.16692,1,HB_pilot,2014.0,OMSO2e,4,,0
2026-07-18,L100000100771,Pingjiang power station,Hunan,28.808542,113.54144,0,,,OMSO2e,4,,0
2026-07-18,L100000100773,Huaneng Yueyang power station,Hunan,29.4497908,113.1623018,0,,,OMSO2e,4,,0
2026-07-18,L100000100779,Jinzhushan power station,Hunan,27.6252776,111.4823651,0,,,OMSO2e,4,,0
2026-07-18,L100000100782,Liyujiang power station,Hunan,25.940443,113.192476,0,,,OMSO2e,4,,0
2026-07-18,L100000100785,Shenhua Yongzhou power station,Hunan,26.56672,111.492692,0,,,OMSO2e,4,,0
2026-07-18,L100000100786,Guoneng Yueyang power station,Hunan,29.6129835,112.754572,0,,,OMSO2e,4,,0
2026-07-18,L100000100788,Xiangtan power station,Hunan,27.8282792,112.9968045,0,,,OMSO2e,4,,0
2026-07-18,L100000100789,Yiyang power station,Hunan,28.5966667,112.2686111,0,,,OMSO2e,4,,0
2026-07-18,L100000100795,Baotou Aluminum power station,Inner Mongolia,40.557202,110.148382,1,IM_voluntary,2015.0,OMSO2e,4,,0
2026-07-18,L100000100811,Chifeng Yuanbaoshan power station,Inner Mongolia,42.303333,119.324167,1,IM_voluntary,2015.0,OMSO2e,4,,0
2026-07-18,L100000100813,Chuangyuan Smelter power station,Inner Mongolia,45.437275,119.427496,1,IM_voluntary,2015.0,OMSO2e,4,,0
2026-07-18,L100000100822,Daihai power station,Inner Mongolia,40.519675,112.667725,1,IM_voluntary,2015.0,OMSO2e,4,,0
2026-07-18,L100000100823,Dalate power station,Inner Mongolia,40.36695,109.99604,1,IM_voluntary,2015.0,OMSO2e,4,,0
2026-07-18,L100000100830,Togtoh power station,Inner Mongolia,40.1952329,111.358881,1,IM_voluntary,2015.0,OMSO2e,4,,0
2026-07-18,L100000100845,Guoneng Shanghaimiao power station,Inner Mongolia,38.309587,106.679378,1,IM_voluntary,2015.0,OMSO2e,4,,0
2026-07-18,L100000100847,Jiangsu Energy Group Wulagai power station,Inner Mongolia,45.955947,119.106454,1,IM_voluntary,2015.0,OMSO2e,4,,0
2026-07-18,L100000100861,Hohhot Jinshan cogen power station,Inner Mongolia,40.7072133,111.4600879,1,IM_voluntary,2015.0,OMSO2e,4,,0
2026-07-18,L100000100863,Hongjun Aluminum power station,Inner Mongolia,45.5128784,119.6504373,1,IM_voluntary,2015.0,OMSO2e,4,,0
2026-07-18,L100000100887,Shangdu power station,Inner Mongolia,42.22369,116.029256,1,IM_voluntary,2015.0,OMSO2e,4,,0
2026-07-18,L100000100888,Inner Mongolia Changcheng power station,Inner Mongolia,38.249688,106.657876,1,IM_voluntary,2015.0,OMSO2e,4,,0
2026-07-18,L100000100894,Yimin power station,Inner Mongolia,48.549722,119.773889,1,IM_voluntary,2015.0,OMSO2e,4,,0
2026-07-18,L100000100899,Huolinhe Zhanute power station,Inner Mongolia,45.409847,119.596739,1,IM_voluntary,2015.0,OMSO2e,4,,0
2026-07-18,L100000100910,Jining power station,Inner Mongolia,41.053294,113.153289,1,IM_voluntary,2015.0,OMSO2e,4,,0
2026-07-18,L100000100913,Junggar Suancigou power station,Inner Mongolia,39.711744,111.200548,1,IM_voluntary,2015.0,OMSO2e,4,,0
2026-07-18,L100000100933,Mengtai Beijiao power station,Inner Mongolia,39.846004,109.984888,1,IM_voluntary,2015.0,OMSO2e,4,,0
2026-07-18,L100000100937,Ordos Power Qipanjing power station,Inner Mongolia,39.385235,106.965664,1,IM_voluntary,2015.0,OMSO2e,4,,0
2026-07-18,L100000100948,Inner Mongolia Shenglu power station,Inner Mongolia,38.373756,106.782583,1,IM_voluntary,2015.0,OMSO2e,4,,0
2026-07-18,L100000100954,Tongliao power station,Inner Mongolia,43.6713737,122.1535206,1,IM_voluntary,2015.0,OMSO2e,4,,0
2026-07-18,L100000100969,Changshu-1 power station,Jiangsu,31.753204,120.9634852,0,,,OMSO2e,4,,0
2026-07-18,L100000100970,Changshu-2 power station,Jiangsu,31.757764,120.97813,0,,,OMSO2e,4,,0
2026-07-18,L100000100973,Yancheng Binhai power station,Jiangsu,34.307421,120.246943,0,,,OMSO2e,4,,0
2026-07-18,L100000100974,Changzhou power station,Jiangsu,31.9583333,119.9925,0,,,OMSO2e,4,,0
2026-07-18,L100000100982,Taizhou power station,Jiangsu,32.187206,119.914444,0,,,OMSO2e,4,,0
2026-07-18,L100000100984,Guohua Xuzhou power station,Jiangsu,34.395144,117.259705,0,,,OMSO2e,4,,0
2026-07-18,L100000100988,Jurong power station,Jiangsu,32.19575,119.2497,0,,,OMSO2e,4,,0
2026-07-18,L100000100993,Jinling power station,Jiangsu,32.17178,119.01977,0,,,OMSO2e,4,,0
2026-07-18,L100000100997,Huaneng Taicang power station,Jiangsu,31.656908,121.17932,0,,,OMSO2e,4,,0
2026-07-18,L100000100998,Jianbi power station,Jiangsu,32.17693,119.57554,0,,,OMSO2e,4,,0
2026-07-18,L100000101000,Guoxin Jingjiang power station,Jiangsu,32.030487,120.383144,0,,,OMSO2e,4,,0
2026-07-18,L100000101005,Jiangsu Nantong power station,Jiangsu,32.03214,120.76956,0,,,OMSO2e,4,,0
2026-07-18,L100000101008,Jiangsu Sheyanggang power station,Jiangsu,33.8185009,120.4633498,0,,,OMSO2e,4,,0
2026-07-18,L100000101018,Ligang power station,Jiangsu,31.940813,120.0766476,0,,,OMSO2e,4,,0
2026-07-18,L100000101020,Lusigang power station,Jiangsu,32.05858,121.72669,0,,,OMSO2e,4,,0
2026-07-18,L100000101039,Xinhai power station,Jiangsu,34.57789,119.12671,0,,,OMSO2e,4,,0
2026-07-18,L100000101044,Xuzhou Pengcheng power station,Jiangsu,34.3779,117.17591,0,,,OMSO2e,4,,0
2026-07-18,L100000101047,Guoxin Yangzhou power station,Jiangsu,32.267778,119.419444,0,,,OMSO2e,4,,0
2026-07-18,L100000101053,Zhangjiagang Shazhou power station,Jiangsu,31.989733,120.6879258,0,,,OMSO2e,4,,0
2026-07-18,L100000101057,Fuzhou power station,Jiangxi,27.7844943,116.5644289,0,,,OMSO2e,4,,0
2026-07-18,L100000101058,Datang Xinyu power station,Jiangxi,27.679755,114.956506,0,,,OMSO2e,4,,0
2026-07-18,L100000101060,Fengcheng power station,Jiangxi,28.1943602,115.7088424,0,,,OMSO2e,4,,0
2026-07-18,L100000101063,Guixi power station,Jiangxi,28.28914,117.2235,0,,,OMSO2e,4,,0
2026-07-18,L100000101068,Jinggangshan power station,Jiangxi,27.0474697,115.0203859,0,,,OMSO2e,4,,0
2026-07-18,L100000101069,Ruijin power station,Jiangxi,25.9244055,115.1028219,0,,,OMSO2e,4,,0
2026-07-18,L100000101074,Shenhua Jiujiang power station,Jiangxi,29.826619,116.375973,0,,,OMSO2e,4,,0
2026-07-18,L100000101114,Shuangliao power station,Jilin,43.5282178,123.4633255,0,,,OMSO2e,4,,0
2026-07-18,L100000101160,Yingkou power station,Liaoning,40.303837,122.105968,0,,,OMSO2e,4,,0
2026-07-18,L100000101178,Suizhong power station,Liaoning,40.07962,120.00959,0,,,OMSO2e,4,,0
2026-07-18,L100000101181,Tieling power station,Liaoning,42.3450141,123.8030455,0,,,OMSO2e,4,,0
2026-07-18,L100000101187,Daba power station,Ningxia,37.9916691,105.9247833,0,,,OMSO2e,4,,0
2026-07-18,L100000101190,Ningdong Fangjiazhuang power station,Ningxia,37.837649,106.666501,0,,,OMSO2e,4,,0
2026-07-18,L100000101191,Shizuishan power station,Ningxia,39.2848224,106.7890371,0,,,OMSO2e,4,,0
2026-07-18,L100000101192,Ningdong power station,Ningxia,37.844757,106.786777,0,,,OMSO2e,4,,0
2026-07-18,L100000101203,Ningxia Lingwu power station,Ningxia,38.148333,106.345833,0,,,OMSO2e,4,,0
2026-07-18,L100000101219,Yuanyang Lake power station,Ningxia,38.0575,106.691389,0,,,OMSO2e,4,,0
2026-07-18,L100000101244,Fugu Qingshuichuan power station,Shaanxi,39.2048853,111.1190328,0,,,OMSO2e,4,,0
2026-07-18,L100000101246,Guodian Baoji-2 power station,Shaanxi,34.4980333,107.2181511,0,,,OMSO2e,4,,0
2026-07-18,L100000101252,Hancheng power station,Shaanxi,35.6007189,110.5557051,0,,,OMSO2e,4,,0
2026-07-18,L100000101265,Leilongwan power station,Shaanxi,37.925376,109.101678,0,,,OMSO2e,4,,0
2026-07-18,L100000101269,Pucheng power station,Shaanxi,34.9779314,109.7999759,0,,,OMSO2e,4,,0
2026-07-18,L100000101277,Fugu Miaogoumen power station,Shaanxi,39.208319,110.784956,0,,,OMSO2e,4,,0
2026-07-18,L100000101278,Jinjie power station,Shaanxi,38.7368389,110.1661297,0,,,OMSO2e,4,,0
2026-07-18,L100000101297,Yulin Hengshan power station,Shaanxi,38.03372,109.415067,0,,,OMSO2e,4,,0
2026-07-18,L100000101307,Binzhou Boxing power station,Shandong,37.27629,118.330855,0,,,OMSO2e,4,,0
2026-07-18,L100000101316,Datang Dongying power station,Shandong,38.113151,118.910229,0,,,OMSO2e,4,,0
2026-07-18,L100000101332,Guohua Shouguang power station,Shandong,37.269686,118.906738,0,,,OMSO2e,4,,0
2026-07-18,L100000101339,Huadian Laizhou power station,Shandong,37.432222,120.018056,0,,,OMSO2e,4,,0
2026-07-18,L100000101341,Shiliquan power station,Shandong,34.814444,117.573056,0,,,OMSO2e,4,,0
2026-07-18,L100000101342,Huadian Weifang power station,Shandong,36.6656392,119.2632115,0,,,OMSO2e,4,,0
2026-07-18,L100000101344,Huaneng Dezhou power station,Shandong,37.449349,116.2415516,0,,,OMSO2e,4,,0
2026-07-18,L100000101348,Huaneng Laiwu power station,Shandong,36.1342702,117.6849675,0,,,OMSO2e,4,,0
2026-07-18,L100000101383,Rizhao power station,Shandong,35.3454727,119.5104761,0,,,OMSO2e,4,,0
2026-07-18,L100000101399,Shiheng-2 power station,Shandong,36.2123187,116.5136301,0,,,OMSO2e,4,,0
2026-07-18,L100000101409,Weihai power station,Shandong,37.44899,122.20724,0,,,OMSO2e,4,,0
2026-07-18,L100000101415,Weiqiao Huji power station,Shandong,37.347901,117.781587,0,,,OMSO2e,4,,0
2026-07-18,L100000101420,Weiqiao Zouping-1 power station,Shandong,36.9106725,117.7853572,0,,,OMSO2e,4,,0
2026-07-18,L100000101425,Weiqiao Zouping-7 power station,Shandong,36.896297,117.860459,0,,,OMSO2e,4,,0
2026-07-18,L100000101429,Shandong Xinfa Xinyuan power station,Shandong,36.615766,116.225215,0,,,OMSO2e,4,,0
2026-07-18,L100000101442,Zouxian power station,Shandong,35.3255698,116.9260912,0,,,OMSO2e,4,,0
2026-07-18,L100000101444,Shanghai Caojing power station,Shanghai,30.76073,121.4008,1,SH_pilot,2013.0,OMSO2e,4,,0
2026-07-18,L100000101447,Shanghai Shidongkou power station,Shanghai,31.4650719,121.4048433,1,SH_pilot,2013.0,OMSO2e,4,,0
2026-07-18,L100000101448,Waigaoqiao power station,Shanghai,31.3536333,121.6002746,1,SH_pilot,2013.0,OMSO2e,4,,0
2026-07-18,L100000101515,Shanxi Zhaoguang power station,Shanxi,36.5537987,111.6917736,0,,,OMSO2e,4,,0
2026-07-18,L100000101518,Shenhua Hequ power station,Shanxi,39.3830746,111.1843014,0,,,OMSO2e,4,,0
2026-07-18,L100000101519,Shentou power station,Shanxi,39.550981,112.488736,0,,,OMSO2e,4,,0
2026-07-18,L100000101529,Tongmei Tashan power station,Shanxi,39.9249917,113.0839199,0,,,OMSO2e,4,,0
2026-07-18,L100000101542,Xishan Gujiao power station,Shanxi,37.8952266,112.0930982,0,,,OMSO2e,4,,0
2026-07-18,L100000101543,Yangcheng power station,Shanxi,35.466123,112.5742039,0,,,OMSO2e,4,,0
2026-07-18,L100000101551,Yuguang Coal power station,Shanxi,38.078135,113.482791,0,,,OMSO2e,4,,0
2026-07-18,L100000101554,Zhangshan power station,Shanxi,36.326115,113.081402,0,,,OMSO2e,4,,0
2026-07-18,L100000101555,Changzhi power station,Shanxi,36.3226498,113.0816012,0,,,OMSO2e,4,,0
2026-07-18,L100000101567,Guang'an power station,Sichuan,30.5288201,106.8264802,0,,,OMSO2e,4,,0
2026-07-18,L100000101580,Tianming power station,Sichuan,31.869616,104.910148,0,,,OMSO2e,4,,0
2026-07-18,L100000101588,Panshan power station,Tianjin,39.9801382,117.4630704,1,TJ_pilot,2013.0,OMSO2e,4,,0
2026-07-18,L100000101589,Tianjin Beijiang power station,Tianjin,39.2193209,117.9298639,1,TJ_pilot,2013.0,OMSO2e,4,,0
2026-07-18,L100000101617,East Hope Metals Wucaiwan power station,Xinjiang,44.6829461,89.1158667,0,,,OMSO2e,4,,0
2026-07-18,L100000101668,Xinjiang Qiya Smelter power station,Xinjiang,44.8955881,89.049629,0,,,OMSO2e,4,,0
2026-07-18,L100000101675,Shenhua Guoneng Hami power station,Xinjiang,42.411226,93.009166,0,,,OMSO2e,4,,0
2026-07-18,L100000101677,Shenhua Zhundong Wucaiwan power station,Xinjiang,44.795533,89.149825,0,,,OMSO2e,4,,0
2026-07-18,L100000101681,Tianchi Changji cogen power station,Xinjiang,44.004362,87.171961,0,,,OMSO2e,4,,0
2026-07-18,L100000101682,Tianchi Energy Zhundong Wucaiwan power station,Xinjiang,44.8524482,89.1959171,0,,,OMSO2e,4,,0
2026-07-18,L100000101696,Wucaiwan Bei'er power station,Xinjiang,44.8388927,89.1908616,0,,,OMSO2e,4,,0
2026-07-18,L100000101697,Wujiaqu power station,Xinjiang,44.26892,87.687877,0,,,OMSO2e,4,,0
2026-07-18,L100000101709,XPCC Shihezi Cogen power station,Xinjiang,44.428094,86.093609,0,,,OMSO2e,4,,0
2026-07-18,L100000101716,Diandong power station,Yunnan,25.19943,104.6819,0,,,OMSO2e,4,,0
2026-07-18,L100000101730,Wushashan power station,Zhejiang,29.505411,121.662934,0,,,OMSO2e,4,,0
2026-07-18,L100000101731,Beilun power station,Zhejiang,29.9427256,121.8131207,0,,,OMSO2e,4,,0
2026-07-18,L100000101732,Guohua Zhoushan power station,Zhejiang,30.103996,122.184817,0,,,OMSO2e,4,,0
2026-07-18,L100000101736,Yuhuan power station,Zhejiang,28.1151529,121.1391369,0,,,OMSO2e,4,,0
2026-07-18,L100000101737,China Resources Wenzhou power station,Zhejiang,27.4974228,120.6631851,0,,,OMSO2e,4,,0
2026-07-18,L100000101739,Jiaxing power station,Zhejiang,30.62804,121.14422,0,,,OMSO2e,4,,0
2026-07-18,L100000101742,Lanxi power station,Zhejiang,29.1866175,119.5068449,0,,,OMSO2e,4,,0
2026-07-18,L100000101747,Ninghai power station,Zhejiang,29.4817622,121.5114792,0,,,OMSO2e,4,,0
2026-07-18,L100000101750,Zhejiang Taizhou-2 power station,Zhejiang,29.012395,121.695507,0,,,OMSO2e,4,,0
2026-07-18,L100000101761,Zheneng Liuheng power station,Zhejiang,29.7593387,122.1266091,0,,,OMSO2e,4,,0
2026-07-18,L100000101762,Zheneng Wenzhou power station,Zhejiang,27.9957103,120.8358582,0,,,OMSO2e,4,,0
2026-07-18,L100000101763,Zheneng Yueqing power station,Zhejiang,28.1704074,121.0889375,0,,,OMSO2e,4,,0
2026-07-18,L100000104506,Fu County power station,Shaanxi,35.858656,109.2167,0,,,OMSO2e,4,,0
2026-07-18,L100000104758,Hubei Yicheng power station,Hubei,31.781843,112.129461,1,HB_pilot,2014.0,OMSO2e,4,,0
2026-07-18,L100000104917,Shanggao power station,Jiangxi,28.185566,114.825697,0,,,OMSO2e,4,,0
2026-07-18,L100000104944,Hami-Chongqing UHV Transmission Line power station,Xinjiang,44.53792,92.926001,0,,,OMSO2e,4,,0
2026-07-18,L100000104970,Jiangsu Guoxin Shazhou power station,Jiangsu,31.985654,120.684419,0,,,OMSO2e,4,,0
2026-07-18,L100000105025,Datong-2 power station,Shanxi,40.0279118,113.2933181,0,,,OMSO2e,4,,0
2026-07-17,L100000100200,Anhui Bengbu power station,Anhui,32.78444,117.11472,0,,,OMSO2e,4,,0
2026-07-17,L100000100201,Anhui Huainan Panji power station,Anhui,32.76917,116.759595,0,,,OMSO2e,4,,0
2026-07-17,L100000100205,Chizhou Jiuhua power station,Anhui,30.7531097,117.5906618,0,,,OMSO2e,4,,0
2026-07-17,L100000100206,Pingwei power station,Anhui,32.68417,116.901389,0,,,OMSO2e,4,,0
2026-07-17,L100000100211,Fuyang power station,Anhui,33.00444,115.845278,0,,,OMSO2e,4,,0
2026-07-17,L100000100218,Wuhu power station,Anhui,31.2372348,118.1497184,0,,,OMSO2e,4,,0
2026-07-17,L100000100222,Huaibei Pingshan power station,Anhui,33.83392,116.831102,0,,,OMSO2e,4,,0
2026-07-17,L100000100223,Huainan Fengtai power station,Anhui,32.758,116.65,0,,,OMSO2e,4,,0
2026-07-17,L100000100225,Huainan Luohe power station,Anhui,32.68455,117.07511,0,,,OMSO2e,4,,0
2026-07-17,L100000100226,Huainan Tianji power station,Anhui,32.7465,116.8127,0,,,OMSO2e,4,,0
2026-07-17,L100000100233,Lixin Banji power station,Anhui,32.897245,116.242561,0,,,OMSO2e,4,,0
2026-07-17,L100000100237,Anqing power station,Anhui,30.541,117.1717,0,,,OMSO2e,4,,0
2026-07-17,L100000100240,Suzhou Qianyingzi power station,Anhui,33.5107954,116.9261351,0,,,OMSO2e,4,,0
2026-07-17,L100000100242,Tongling Wanneng power station,Anhui,30.88181,117.76439,0,,,OMSO2e,4,,0
2026-07-17,L100000100245,Ma'anshan power station,Anhui,31.750737,118.4796925,0,,,OMSO2e,4,,0
2026-07-17,L100000100269,Chongqing Shuanghuai power station,Chongqing,30.1611074,106.5480599,1,CQ_pilot,2013.0,OMSO2e,4,,0
2026-07-17,L100000100272,Luohuang power station,Chongqing,29.347364,106.433182,1,CQ_pilot,2013.0,OMSO2e,4,,0
2026-07-17,L100000100276,Chongqing Wanzhou power station,Chongqing,30.677938,108.398976,1,CQ_pilot,2013.0,OMSO2e,4,,0
2026-07-17,L100000100283,Ningde power station,Fujian,26.7574469,119.7353942,1,FJ_pilot,2016.0,OMSO2e,4,0.0200000014156103,3
2026-07-17,L100000100285,Fujian Hongshan power station,Fujian,24.7272766,118.7496944,1,FJ_pilot,2016.0,OMSO2e,4,0.1449999809265136,4
2026-07-17,L100000100287,Fuzhou Kemen power station,Fujian,26.3734254,119.7622418,1,FJ_pilot,2016.0,OMSO2e,4,-0.050000000745058,5
2026-07-17,L100000100288,Fuzhou Jiangyin power station,Fujian,25.438464,119.3396226,1,FJ_pilot,2016.0,OMSO2e,4,-0.2259999811649322,5
2026-07-17,L100000100291,Houshi power station,Fujian,24.3030594,118.1259157,1,FJ_pilot,2016.0,OMSO2e,4,-0.0560000017285347,5
2026-07-17,L100000100293,Huaneng Fuzhou power station,Fujian,25.99083,119.4816,1,FJ_pilot,2016.0,OMSO2e,4,-0.044999998062849,4
2026-07-17,L100000100298,Luoyuan Bay power station,Fujian,26.385334,119.789459,1,FJ_pilot,2016.0,OMSO2e,4,-0.0466666668653488,6
2026-07-17,L100000100299,Meizhouwan power station,Fujian,25.1608278,119.0333354,1,FJ_pilot,2016.0,OMSO2e,4,-0.072000004351139,5
2026-07-17,L100000100300,Nanpu Quanzhou power station,Fujian,25.2044,118.94385,1,FJ_pilot,2016.0,OMSO2e,4,-0.1166666746139526,3
2026-07-17,L100000100303,Xiamen Songyu power station,Fujian,24.4460582,118.0267975,1,FJ_pilot,2016.0,OMSO2e,4,-0.1099999994039535,2
2026-07-17,L100000100318,Guazhou Changle power station,Gansu,40.6599,96.513,0,,,OMSO2e,4,,0
2026-07-17,L100000100320,Zhangye power station,Gansu,39.071222,100.462929,0,,,OMSO2e,4,,0
2026-07-17,L100000100326,Pingliang power station,Gansu,35.5017,106.7861,0,,,OMSO2e,4,-0.0883333384990692,6
2026-07-17,L100000100328,Gansu Zhengning power station,Gansu,35.268403,107.975564,0,,,OMSO2e,4,0.027999997138977,5
2026-07-17,L100000100339,Lingtai power station,Gansu,35.0858218,107.7152829,0,,,OMSO2e,4,-0.0583333373069763,6
2026-07-17,L100000100347,Chaozhou Sanbaimen power station,Guangdong,23.56645,117.0972,1,GD_pilot,2013.0,OMSO2e,4,-0.1400000005960464,2
2026-07-17,L100000100354,Leizhou power station,Guangdong,20.51161,109.82803,1,GD_pilot,2013.0,OMSO2e,4,0.0599999986588954,2
2026-07-17,L100000100358,Guangdong Huilai power station,Guangdong,23.0047771,116.5472388,1,GD_pilot,2013.0,OMSO2e,4,,0
2026-07-17,L100000100359,Guangdong Huizhou Pinghai power station,Guangdong,22.6064638,114.741919,1,GD_pilot,2013.0,OMSO2e,4,,0
2026-07-17,L100000100361,Guangdong Shaoguan power station,Guangdong,24.682,113.605,1,GD_pilot,2013.0,OMSO2e,4,,0
2026-07-17,L100000100372,Taishan power station,Guangdong,21.8667,112.9228,1,GD_pilot,2013.0,OMSO2e,4,,0
2026-07-17,L100000100377,Heyuan power station,Guangdong,23.567222,114.640278,1,GD_pilot,2013.0,OMSO2e,4,,0
2026-07-17,L100000100381,Haimen power station,Guangdong,23.1899,116.6548,1,GD_pilot,2013.0,OMSO2e,4,,0
2026-07-17,L100000100390,Lufeng Jiahuwan power station,Guangdong,22.832499,115.985482,1,GD_pilot,2013.0,OMSO2e,4,,0
2026-07-17,L100000100392,Maoming Bohe power station,Guangdong,21.441033,111.289628,1,GD_pilot,2013.0,OMSO2e,4,0.1800000071525573,1
2026-07-17,L100000100402,Shenhua Qingyuan power station,Guangdong,24.417008,113.540884,1,GD_pilot,2013.0,OMSO2e,4,,0
2026-07-17,L100000100407,Shanwei Haifeng CCS power station,Guangdong,22.7545453,115.0419938,1,GD_pilot,2013.0,OMSO2e,4,,0
2026-07-17,L100000100408,Shanwei Honghaiwan power station,Guangdong,22.70695,115.55529,1,GD_pilot,2013.0,OMSO2e,4,,0
2026-07-17,L100000100417,Yangxi Zhujiang power station,Guangdong,21.54264,111.67033,1,GD_pilot,2013.0,OMSO2e,4,,0
2026-07-17,L100000100418,Dabu power station,Guangdong,24.4057171,116.5877945,1,GD_pilot,2013.0,OMSO2e,4,,0
2026-07-17,L100000100430,Beihai Bebuwan power station,Guangxi,21.5821851,109.5816259,0,,,OMSO2e,4,-0.0840000063180923,5
2026-07-17,L100000100436,Fangchenggang Qisha power station,Guangxi,21.5914,108.3946,0,,,OMSO2e,4,0.0299999993294477,4
2026-07-17,L100000100437,Beihai power station,Guangxi,21.535871,109.590176,0,,,OMSO2e,4,-0.0933333337306976,6
2026-07-17,L100000100444,Hezhou power station,Guangxi,24.73609,111.34667,0,,,OMSO2e,4,,0
2026-07-17,L100000100452,Qinzhou power station,Guangxi,21.7004655,108.6243063,0,,,OMSO2e,4,0.0599999986588954,3
2026-07-17,L100000100477,Guizhou Fa'er power station,Guizhou,26.3259319,104.7705622,0,,,OMSO2e,4,,0
2026-07-17,L100000100498,Panxian-2 power station,Guizhou,25.4686039,104.5924059,0,,,OMSO2e,4,,0
2026-07-17,L100000100502,Qianxi power station,Guizhou,27.0516899,106.1252456,0,,,OMSO2e,4,,0
2026-07-17,L100000100542,China Resources Caofeidian power station,Hebei,38.9960653,118.4875488,0,,,OMSO2e,4,,0
2026-07-17,L100000100551,Dingzhou power station,Hebei,38.5122064,114.8433969,0,,,OMSO2e,4,-0.1116666793823242,6
2026-07-17,L100000100568,Shang'an power station,Hebei,38.05729,114.19627,0,,,OMSO2e,4,-0.2000000029802322,3
2026-07-17,L100000100569,Hebei Cangdong power station,Hebei,38.31,117.8786111,0,,,OMSO2e,4,,0
2026-07-17,L100000100591,Xibaipo power station,Hebei,38.245068,114.2149428,0,,,OMSO2e,4,-0.0933333337306976,6
2026-07-17,L100000100598,Zhangjiakou power station,Hebei,40.6595781,114.9438143,0,,,OMSO2e,4,0.2683333158493042,6
2026-07-17,L100000100610,Qitaihe power station,Heilongjiang,45.7604176,131.0533476,0,,,OMSO2e,4,0.0700000002980232,6
2026-07-17,L100000100647,Datang Sanmenxia power station,Henan,34.6855176,111.0274363,0,,,OMSO2e,4,,0
2026-07-17,L100000100648,Xinyang power station,Henan,32.109018,114.140877,0,,,OMSO2e,4,,0
2026-07-17,L100000100650,Dengfeng-2 power station,Henan,34.39274,113.19878,0,,,OMSO2e,4,,0
2026-07-17,L100000100657,Hebi power station,Henan,35.851366,114.1798126,0,,,OMSO2e,4,,0
2026-07-17,L100000100664,Henan Xin'an power station,Henan,34.7413202,112.0634119,0,,,OMSO2e,4,,0
2026-07-17,L100000100665,Henan Xinmi power station,Henan,34.50003,113.59801,0,,,OMSO2e,4,,0
2026-07-17,L100000100677,Qinbei power station,Henan,35.1676,112.71654,0,,,OMSO2e,4,,0
2026-07-17,L100000100680,Jiaozuo Danhe power station,Henan,35.188487,112.887561,0,,,OMSO2e,4,,0
2026-07-17,L100000100696,Nanyang Yahekou power station,Henan,33.3086427,112.644474,0,,,OMSO2e,4,,0
2026-07-17,L100000100697,Pingdingshan Luyang power station,Henan,33.82189,113.01438,0,,,OMSO2e,4,,0
2026-07-17,L100000100707,Nanyang Neixiang power station,Henan,33.086416,111.90004,0,,,OMSO2e,4,,0
2026-07-17,L100000100716,Xuchang Yulong power station,Henan,34.1751132,113.3581446,0,,,OMSO2e,4,,0
2026-07-17,L100000100717,Yaomeng power station,Henan,33.7379928,113.2418822,0,,,OMSO2e,4,,0
2026-07-17,L100000100730,Dabieshan power station,Hubei,31.1420662,114.8921871,1,HB_pilot,2014.0,OMSO2e,4,,0
2026-07-17,L100000100737,Hanchuan power station,Hubei,30.6566087,113.9172741,1,HB_pilot,2014.0,OMSO2e,4,,0
2026-07-17,L100000100740,Huadian Xisaishan power station,Hubei,30.203056,115.180278,1,HB_pilot,2014.0,OMSO2e,4,,0
2026-07-17,L100000100742,Yangluo power station,Hubei,30.6938889,114.5430556,1,HB_pilot,2014.0,OMSO2e,4,,0
2026-07-17,L100000100745,Hubei Ezhou power station,Hubei,30.5517656,114.6420121,1,HB_pilot,2014.0,OMSO2e,4,,0
2026-07-17,L100000100751,Puqi Xianning power station,Hubei,29.66523,113.87296,1,HB_pilot,2014.0,OMSO2e,4,,0
2026-07-17,L100000100760,Huadian Xiangyang power station,Hubei,31.9118256,112.16692,1,HB_pilot,2014.0,OMSO2e,4,,0
2026-07-17,L100000100771,Pingjiang power station,Hunan,28.808542,113.54144,0,,,OMSO2e,4,,0
2026-07-17,L100000100773,Huaneng Yueyang power station,Hunan,29.4497908,113.1623018,0,,,OMSO2e,4,,0
2026-07-17,L100000100779,Jinzhushan power station,Hunan,27.6252776,111.4823651,0,,,OMSO2e,4,,0
2026-07-17,L100000100782,Liyujiang power station,Hunan,25.940443,113.192476,0,,,OMSO2e,4,,0
2026-07-17,L100000100785,Shenhua Yongzhou power station,Hunan,26.56672,111.492692,0,,,OMSO2e,4,,0
2026-07-17,L100000100786,Guoneng Yueyang power station,Hunan,29.6129835,112.754572,0,,,OMSO2e,4,,0
2026-07-17,L100000100788,Xiangtan power station,Hunan,27.8282792,112.9968045,0,,,OMSO2e,4,,0
2026-07-17,L100000100789,Yiyang power station,Hunan,28.5966667,112.2686111,0,,,OMSO2e,4,,0
2026-07-17,L100000100795,Baotou Aluminum power station,Inner Mongolia,40.557202,110.148382,1,IM_voluntary,2015.0,OMSO2e,4,0.2266666740179062,6
2026-07-17,L100000100811,Chifeng Yuanbaoshan power station,Inner Mongolia,42.303333,119.324167,1,IM_voluntary,2015.0,OMSO2e,4,,0
2026-07-17,L100000100813,Chuangyuan Smelter power station,Inner Mongolia,45.437275,119.427496,1,IM_voluntary,2015.0,OMSO2e,4,,0
2026-07-17,L100000100822,Daihai power station,Inner Mongolia,40.519675,112.667725,1,IM_voluntary,2015.0,OMSO2e,4,0.1650000065565109,6
2026-07-17,L100000100823,Dalate power station,Inner Mongolia,40.36695,109.99604,1,IM_voluntary,2015.0,OMSO2e,4,0.2362499982118606,8
2026-07-17,L100000100830,Togtoh power station,Inner Mongolia,40.1952329,111.358881,1,IM_voluntary,2015.0,OMSO2e,4,0.0316666699945926,6
2026-07-17,L100000100845,Guoneng Shanghaimiao power station,Inner Mongolia,38.309587,106.679378,1,IM_voluntary,2015.0,OMSO2e,4,-0.2249999642372131,6
2026-07-17,L100000100847,Jiangsu Energy Group Wulagai power station,Inner Mongolia,45.955947,119.106454,1,IM_voluntary,2015.0,OMSO2e,4,,0
2026-07-17,L100000100861,Hohhot Jinshan cogen power station,Inner Mongolia,40.7072133,111.4600879,1,IM_voluntary,2015.0,OMSO2e,4,0.0799999982118606,6
2026-07-17,L100000100863,Hongjun Aluminum power station,Inner Mongolia,45.5128784,119.6504373,1,IM_voluntary,2015.0,OMSO2e,4,,0
2026-07-17,L100000100887,Shangdu power station,Inner Mongolia,42.22369,116.029256,1,IM_voluntary,2015.0,OMSO2e,4,-0.2433333247900009,6
2026-07-17,L100000100888,Inner Mongolia Changcheng power station,Inner Mongolia,38.249688,106.657876,1,IM_voluntary,2015.0,OMSO2e,4,-0.2249999642372131,6
2026-07-17,L100000100894,Yimin power station,Inner Mongolia,48.549722,119.773889,1,IM_voluntary,2015.0,OMSO2e,4,,0
2026-07-17,L100000100899,Huolinhe Zhanute power station,Inner Mongolia,45.409847,119.596739,1,IM_voluntary,2015.0,OMSO2e,4,,0
2026-07-17,L100000100910,Jining power station,Inner Mongolia,41.053294,113.153289,1,IM_voluntary,2015.0,OMSO2e,4,0.3183333575725555,6
2026-07-17,L100000100913,Junggar Suancigou power station,Inner Mongolia,39.711744,111.200548,1,IM_voluntary,2015.0,OMSO2e,4,0.0916666612029075,6
2026-07-17,L100000100933,Mengtai Beijiao power station,Inner Mongolia,39.846004,109.984888,1,IM_voluntary,2015.0,OMSO2e,4,-0.103750005364418,8
2026-07-17,L100000100937,Ordos Power Qipanjing power station,Inner Mongolia,39.385235,106.965664,1,IM_voluntary,2015.0,OMSO2e,4,0.4950000047683716,4
2026-07-17,L100000100948,Inner Mongolia Shenglu power station,Inner Mongolia,38.373756,106.782583,1,IM_voluntary,2015.0,OMSO2e,4,-0.3899999558925628,5
2026-07-17,L100000100954,Tongliao power station,Inner Mongolia,43.6713737,122.1535206,1,IM_voluntary,2015.0,OMSO2e,4,,0
2026-07-17,L100000100969,Changshu-1 power station,Jiangsu,31.753204,120.9634852,0,,,OMSO2e,4,,0
2026-07-17,L100000100970,Changshu-2 power station,Jiangsu,31.757764,120.97813,0,,,OMSO2e,4,,0
2026-07-17,L100000100973,Yancheng Binhai power station,Jiangsu,34.307421,120.246943,0,,,OMSO2e,4,,0
2026-07-17,L100000100974,Changzhou power station,Jiangsu,31.9583333,119.9925,0,,,OMSO2e,4,,0
2026-07-17,L100000100982,Taizhou power station,Jiangsu,32.187206,119.914444,0,,,OMSO2e,4,,0
2026-07-17,L100000100984,Guohua Xuzhou power station,Jiangsu,34.395144,117.259705,0,,,OMSO2e,4,,0
2026-07-17,L100000100988,Jurong power station,Jiangsu,32.19575,119.2497,0,,,OMSO2e,4,,0
2026-07-17,L100000100993,Jinling power station,Jiangsu,32.17178,119.01977,0,,,OMSO2e,4,,0
2026-07-17,L100000100997,Huaneng Taicang power station,Jiangsu,31.656908,121.17932,0,,,OMSO2e,4,,0
2026-07-17,L100000100998,Jianbi power station,Jiangsu,32.17693,119.57554,0,,,OMSO2e,4,,0
2026-07-17,L100000101000,Guoxin Jingjiang power station,Jiangsu,32.030487,120.383144,0,,,OMSO2e,4,,0
2026-07-17,L100000101005,Jiangsu Nantong power station,Jiangsu,32.03214,120.76956,0,,,OMSO2e,4,,0
2026-07-17,L100000101008,Jiangsu Sheyanggang power station,Jiangsu,33.8185009,120.4633498,0,,,OMSO2e,4,,0
2026-07-17,L100000101018,Ligang power station,Jiangsu,31.940813,120.0766476,0,,,OMSO2e,4,,0
2026-07-17,L100000101020,Lusigang power station,Jiangsu,32.05858,121.72669,0,,,OMSO2e,4,,0
2026-07-17,L100000101039,Xinhai power station,Jiangsu,34.57789,119.12671,0,,,OMSO2e,4,,0
2026-07-17,L100000101044,Xuzhou Pengcheng power station,Jiangsu,34.3779,117.17591,0,,,OMSO2e,4,,0
2026-07-17,L100000101047,Guoxin Yangzhou power station,Jiangsu,32.267778,119.419444,0,,,OMSO2e,4,,0
2026-07-17,L100000101053,Zhangjiagang Shazhou power station,Jiangsu,31.989733,120.6879258,0,,,OMSO2e,4,,0
2026-07-17,L100000101057,Fuzhou power station,Jiangxi,27.7844943,116.5644289,0,,,OMSO2e,4,,0
2026-07-17,L100000101058,Datang Xinyu power station,Jiangxi,27.679755,114.956506,0,,,OMSO2e,4,0.209999993443489,4
2026-07-17,L100000101060,Fengcheng power station,Jiangxi,28.1943602,115.7088424,0,,,OMSO2e,4,0.0359999984502792,5
2026-07-17,L100000101063,Guixi power station,Jiangxi,28.28914,117.2235,0,,,OMSO2e,4,,0
2026-07-17,L100000101068,Jinggangshan power station,Jiangxi,27.0474697,115.0203859,0,,,OMSO2e,4,,0
2026-07-17,L100000101069,Ruijin power station,Jiangxi,25.9244055,115.1028219,0,,,OMSO2e,4,,0
2026-07-17,L100000101074,Shenhua Jiujiang power station,Jiangxi,29.826619,116.375973,0,,,OMSO2e,4,,0
2026-07-17,L100000101114,Shuangliao power station,Jilin,43.5282178,123.4633255,0,,,OMSO2e,4,,0
2026-07-17,L100000101160,Yingkou power station,Liaoning,40.303837,122.105968,0,,,OMSO2e,4,,0
2026-07-17,L100000101178,Suizhong power station,Liaoning,40.07962,120.00959,0,,,OMSO2e,4,,0
2026-07-17,L100000101181,Tieling power station,Liaoning,42.3450141,123.8030455,0,,,OMSO2e,4,,0
2026-07-17,L100000101187,Daba power station,Ningxia,37.9916691,105.9247833,0,,,OMSO2e,4,0.1599999964237213,1
2026-07-17,L100000101190,Ningdong Fangjiazhuang power station,Ningxia,37.837649,106.666501,0,,,OMSO2e,4,-0.1457142680883407,7
2026-07-17,L100000101191,Shizuishan power station,Ningxia,39.2848224,106.7890371,0,,,OMSO2e,4,0.4950000047683716,4
2026-07-17,L100000101192,Ningdong power station,Ningxia,37.844757,106.786777,0,,,OMSO2e,4,0.0271428823471069,7
2026-07-17,L100000101203,Ningxia Lingwu power station,Ningxia,38.148333,106.345833,0,,,OMSO2e,4,-0.1116666421294212,6
2026-07-17,L100000101219,Yuanyang Lake power station,Ningxia,38.0575,106.691389,0,,,OMSO2e,4,0.3350000381469726,6
2026-07-17,L100000101244,Fugu Qingshuichuan power station,Shaanxi,39.2048853,111.1190328,0,,,OMSO2e,4,0.3283333480358124,6
2026-07-17,L100000101246,Guodian Baoji-2 power station,Shaanxi,34.4980333,107.2181511,0,,,OMSO2e,4,-0.0949999988079071,6
2026-07-17,L100000101252,Hancheng power station,Shaanxi,35.6007189,110.5557051,0,,,OMSO2e,4,0.1842857152223587,7
2026-07-17,L100000101265,Leilongwan power station,Shaanxi,37.925376,109.101678,0,,,OMSO2e,4,8.514949634275126e-09,7
2026-07-17,L100000101269,Pucheng power station,Shaanxi,34.9779314,109.7999759,0,,,OMSO2e,4,0.2299999743700027,6
2026-07-17,L100000101277,Fugu Miaogoumen power station,Shaanxi,39.208319,110.784956,0,,,OMSO2e,4,0.2233333438634872,6
2026-07-17,L100000101278,Jinjie power station,Shaanxi,38.7368389,110.1661297,0,,,OMSO2e,4,0.1016666665673255,6
2026-07-17,L100000101297,Yulin Hengshan power station,Shaanxi,38.03372,109.415067,0,,,OMSO2e,4,-0.0433333180844783,6
2026-07-17,L100000101307,Binzhou Boxing power station,Shandong,37.27629,118.330855,0,,,OMSO2e,4,,0
2026-07-17,L100000101316,Datang Dongying power station,Shandong,38.113151,118.910229,0,,,OMSO2e,4,,0
2026-07-17,L100000101332,Guohua Shouguang power station,Shandong,37.269686,118.906738,0,,,OMSO2e,4,,0
2026-07-17,L100000101339,Huadian Laizhou power station,Shandong,37.432222,120.018056,0,,,OMSO2e,4,,0
2026-07-17,L100000101341,Shiliquan power station,Shandong,34.814444,117.573056,0,,,OMSO2e,4,,0
2026-07-17,L100000101342,Huadian Weifang power station,Shandong,36.6656392,119.2632115,0,,,OMSO2e,4,,0
2026-07-17,L100000101344,Huaneng Dezhou power station,Shandong,37.449349,116.2415516,0,,,OMSO2e,4,,0
2026-07-17,L100000101348,Huaneng Laiwu power station,Shandong,36.1342702,117.6849675,0,,,OMSO2e,4,,0
2026-07-17,L100000101383,Rizhao power station,Shandong,35.3454727,119.5104761,0,,,OMSO2e,4,,0
2026-07-17,L100000101399,Shiheng-2 power station,Shandong,36.2123187,116.5136301,0,,,OMSO2e,4,,0
2026-07-17,L100000101409,Weihai power station,Shandong,37.44899,122.20724,0,,,OMSO2e,4,,0
2026-07-17,L100000101415,Weiqiao Huji power station,Shandong,37.347901,117.781587,0,,,OMSO2e,4,,0
2026-07-17,L100000101420,Weiqiao Zouping-1 power station,Shandong,36.9106725,117.7853572,0,,,OMSO2e,4,,0
2026-07-17,L100000101425,Weiqiao Zouping-7 power station,Shandong,36.896297,117.860459,0,,,OMSO2e,4,,0
2026-07-17,L100000101429,Shandong Xinfa Xinyuan power station,Shandong,36.615766,116.225215,0,,,OMSO2e,4,,0
2026-07-17,L100000101442,Zouxian power station,Shandong,35.3255698,116.9260912,0,,,OMSO2e,4,,0
2026-07-17,L100000101444,Shanghai Caojing power station,Shanghai,30.76073,121.4008,1,SH_pilot,2013.0,OMSO2e,4,,0
2026-07-17,L100000101447,Shanghai Shidongkou power station,Shanghai,31.4650719,121.4048433,1,SH_pilot,2013.0,OMSO2e,4,,0
2026-07-17,L100000101448,Waigaoqiao power station,Shanghai,31.3536333,121.6002746,1,SH_pilot,2013.0,OMSO2e,4,,0
2026-07-17,L100000101515,Shanxi Zhaoguang power station,Shanxi,36.5537987,111.6917736,0,,,OMSO2e,4,0.0580000057816505,5
2026-07-17,L100000101518,Shenhua Hequ power station,Shanxi,39.3830746,111.1843014,0,,,OMSO2e,4,0.2000000029802322,7
2026-07-17,L100000101519,Shentou power station,Shanxi,39.550981,112.488736,0,,,OMSO2e,4,0.1950000077486038,6
2026-07-17,L100000101529,Tongmei Tashan power station,Shanxi,39.9249917,113.0839199,0,,,OMSO2e,4,0.4242857098579407,7
2026-07-17,L100000101542,Xishan Gujiao power station,Shanxi,37.8952266,112.0930982,0,,,OMSO2e,4,-0.1133333370089531,6
2026-07-17,L100000101543,Yangcheng power station,Shanxi,35.466123,112.5742039,0,,,OMSO2e,4,,0
2026-07-17,L100000101551,Yuguang Coal power station,Shanxi,38.078135,113.482791,0,,,OMSO2e,4,-0.1319999992847442,5
2026-07-17,L100000101554,Zhangshan power station,Shanxi,36.326115,113.081402,0,,,OMSO2e,4,,0
2026-07-17,L100000101555,Changzhi power station,Shanxi,36.3226498,113.0816012,0,,,OMSO2e,4,,0
2026-07-17,L100000101567,Guang'an power station,Sichuan,30.5288201,106.8264802,0,,,OMSO2e,4,,0
2026-07-17,L100000101580,Tianming power station,Sichuan,31.869616,104.910148,0,,,OMSO2e,4,,0
2026-07-17,L100000101588,Panshan power station,Tianjin,39.9801382,117.4630704,1,TJ_pilot,2013.0,OMSO2e,4,0.0574999973177909,4
2026-07-17,L100000101589,Tianjin Beijiang power station,Tianjin,39.2193209,117.9298639,1,TJ_pilot,2013.0,OMSO2e,4,-0.0166666600853204,3
2026-07-17,L100000101617,East Hope Metals Wucaiwan power station,Xinjiang,44.6829461,89.1158667,0,,,OMSO2e,4,0.089999996125698,7
2026-07-17,L100000101668,Xinjiang Qiya Smelter power station,Xinjiang,44.8955881,89.049629,0,,,OMSO2e,4,0.1525000035762787,8
2026-07-17,L100000101675,Shenhua Guoneng Hami power station,Xinjiang,42.411226,93.009166,0,,,OMSO2e,4,,0
2026-07-17,L100000101677,Shenhua Zhundong Wucaiwan power station,Xinjiang,44.795533,89.149825,0,,,OMSO2e,4,0.0800000056624412,6
2026-07-17,L100000101681,Tianchi Changji cogen power station,Xinjiang,44.004362,87.171961,0,,,OMSO2e,4,0.1700000017881393,6
2026-07-17,L100000101682,Tianchi Energy Zhundong Wucaiwan power station,Xinjiang,44.8524482,89.1959171,0,,,OMSO2e,4,0.1212500035762786,8
2026-07-17,L100000101696,Wucaiwan Bei'er power station,Xinjiang,44.8388927,89.1908616,0,,,OMSO2e,4,0.0988888964056968,9
2026-07-17,L100000101697,Wujiaqu power station,Xinjiang,44.26892,87.687877,0,,,OMSO2e,4,-0.1483333259820938,6
2026-07-17,L100000101709,XPCC Shihezi Cogen power station,Xinjiang,44.428094,86.093609,0,,,OMSO2e,4,0.0285714231431484,7
2026-07-17,L100000101716,Diandong power station,Yunnan,25.19943,104.6819,0,,,OMSO2e,4,,0
2026-07-17,L100000101730,Wushashan power station,Zhejiang,29.505411,121.662934,0,,,OMSO2e,4,,0
2026-07-17,L100000101731,Beilun power station,Zhejiang,29.9427256,121.8131207,0,,,OMSO2e,4,,0
2026-07-17,L100000101732,Guohua Zhoushan power station,Zhejiang,30.103996,122.184817,0,,,OMSO2e,4,,0
2026-07-17,L100000101736,Yuhuan power station,Zhejiang,28.1151529,121.1391369,0,,,OMSO2e,4,-0.0166666656732559,3
2026-07-17,L100000101737,China Resources Wenzhou power station,Zhejiang,27.4974228,120.6631851,0,,,OMSO2e,4,-0.0016666585579514,6
2026-07-17,L100000101739,Jiaxing power station,Zhejiang,30.62804,121.14422,0,,,OMSO2e,4,,0
2026-07-17,L100000101742,Lanxi power station,Zhejiang,29.1866175,119.5068449,0,,,OMSO2e,4,,0
2026-07-17,L100000101747,Ninghai power station,Zhejiang,29.4817622,121.5114792,0,,,OMSO2e,4,,0
2026-07-17,L100000101750,Zhejiang Taizhou-2 power station,Zhejiang,29.012395,121.695507,0,,,OMSO2e,4,,0
2026-07-17,L100000101761,Zheneng Liuheng power station,Zhejiang,29.7593387,122.1266091,0,,,OMSO2e,4,,0
2026-07-17,L100000101762,Zheneng Wenzhou power station,Zhejiang,27.9957103,120.8358582,0,,,OMSO2e,4,0.0066666677594184,6
2026-07-17,L100000101763,Zheneng Yueqing power station,Zhejiang,28.1704074,121.0889375,0,,,OMSO2e,4,-0.0166666656732559,3
2026-07-17,L100000104506,Fu County power station,Shaanxi,35.858656,109.2167,0,,,OMSO2e,4,0.4457142651081085,7
2026-07-17,L100000104758,Hubei Yicheng power station,Hubei,31.781843,112.129461,1,HB_pilot,2014.0,OMSO2e,4,,0
2026-07-17,L100000104917,Shanggao power station,Jiangxi,28.185566,114.825697,0,,,OMSO2e,4,0.0099999997764825,1
2026-07-17,L100000104944,Hami-Chongqing UHV Transmission Line power station,Xinjiang,44.53792,92.926001,0,,,OMSO2e,4,,0
2026-07-17,L100000104970,Jiangsu Guoxin Shazhou power station,Jiangsu,31.985654,120.684419,0,,,OMSO2e,4,,0
2026-07-17,L100000105025,Datong-2 power station,Shanxi,40.0279118,113.2933181,0,,,OMSO2e,4,0.4850000143051147,6
2026-07-16,L100000100200,Anhui Bengbu power station,Anhui,32.78444,117.11472,0,,,OMSO2e,4,0.1300000101327896,6
2026-07-16,L100000100201,Anhui Huainan Panji power station,Anhui,32.76917,116.759595,0,,,OMSO2e,4,0.1733333319425583,3
2026-07-16,L100000100205,Chizhou Jiuhua power station,Anhui,30.7531097,117.5906618,0,,,OMSO2e,4,0.3600000143051147,4
2026-07-16,L100000100206,Pingwei power station,Anhui,32.68417,116.901389,0,,,OMSO2e,4,0.135000005364418,6
2026-07-16,L100000100211,Fuyang power station,Anhui,33.00444,115.845278,0,,,OMSO2e,4,,0
2026-07-16,L100000100218,Wuhu power station,Anhui,31.2372348,118.1497184,0,,,OMSO2e,4,0.1980000138282776,5
2026-07-16,L100000100222,Huaibei Pingshan power station,Anhui,33.83392,116.831102,0,,,OMSO2e,4,,0
2026-07-16,L100000100223,Huainan Fengtai power station,Anhui,32.758,116.65,0,,,OMSO2e,4,0.1650000065565109,4
2026-07-16,L100000100225,Huainan Luohe power station,Anhui,32.68455,117.07511,0,,,OMSO2e,4,0.0749999955296516,6
2026-07-16,L100000100226,Huainan Tianji power station,Anhui,32.7465,116.8127,0,,,OMSO2e,4,0.1800000071525573,5
2026-07-16,L100000100233,Lixin Banji power station,Anhui,32.897245,116.242561,0,,,OMSO2e,4,0.1400000005960464,2
2026-07-16,L100000100237,Anqing power station,Anhui,30.541,117.1717,0,,,OMSO2e,4,0.1199999973177909,6
2026-07-16,L100000100240,Suzhou Qianyingzi power station,Anhui,33.5107954,116.9261351,0,,,OMSO2e,4,,0
2026-07-16,L100000100242,Tongling Wanneng power station,Anhui,30.88181,117.76439,0,,,OMSO2e,4,0.4679999947547912,5
2026-07-16,L100000100245,Ma'anshan power station,Anhui,31.750737,118.4796925,0,,,OMSO2e,4,-0.1899999976158142,2
2026-07-16,L100000100269,Chongqing Shuanghuai power station,Chongqing,30.1611074,106.5480599,1,CQ_pilot,2013.0,OMSO2e,4,,0
2026-07-16,L100000100272,Luohuang power station,Chongqing,29.347364,106.433182,1,CQ_pilot,2013.0,OMSO2e,4,,0
2026-07-16,L100000100276,Chongqing Wanzhou power station,Chongqing,30.677938,108.398976,1,CQ_pilot,2013.0,OMSO2e,4,,0
2026-07-16,L100000100283,Ningde power station,Fujian,26.7574469,119.7353942,1,FJ_pilot,2016.0,OMSO2e,4,,0
2026-07-16,L100000100285,Fujian Hongshan power station,Fujian,24.7272766,118.7496944,1,FJ_pilot,2016.0,OMSO2e,4,-0.0300000011920928,3
2026-07-16,L100000100287,Fuzhou Kemen power station,Fujian,26.3734254,119.7622418,1,FJ_pilot,2016.0,OMSO2e,4,,0
2026-07-16,L100000100288,Fuzhou Jiangyin power station,Fujian,25.438464,119.3396226,1,FJ_pilot,2016.0,OMSO2e,4,0.2199999839067459,3
2026-07-16,L100000100291,Houshi power station,Fujian,24.3030594,118.1259157,1,FJ_pilot,2016.0,OMSO2e,4,-0.0850000008940696,6
2026-07-16,L100000100293,Huaneng Fuzhou power station,Fujian,25.99083,119.4816,1,FJ_pilot,2016.0,OMSO2e,4,,0
2026-07-16,L100000100298,Luoyuan Bay power station,Fujian,26.385334,119.789459,1,FJ_pilot,2016.0,OMSO2e,4,,0
2026-07-16,L100000100299,Meizhouwan power station,Fujian,25.1608278,119.0333354,1,FJ_pilot,2016.0,OMSO2e,4,0.2616666853427887,6
2026-07-16,L100000100300,Nanpu Quanzhou power station,Fujian,25.2044,118.94385,1,FJ_pilot,2016.0,OMSO2e,4,0.2199999988079071,4
2026-07-16,L100000100303,Xiamen Songyu power station,Fujian,24.4460582,118.0267975,1,FJ_pilot,2016.0,OMSO2e,4,-0.2800000011920929,3
2026-07-16,L100000100318,Guazhou Changle power station,Gansu,40.6599,96.513,0,,,OMSO2e,4,-0.0583333373069763,6
2026-07-16,L100000100320,Zhangye power station,Gansu,39.071222,100.462929,0,,,OMSO2e,4,0.1500000059604644,6
2026-07-16,L100000100326,Pingliang power station,Gansu,35.5017,106.7861,0,,,OMSO2e,4,,0
2026-07-16,L100000100328,Gansu Zhengning power station,Gansu,35.268403,107.975564,0,,,OMSO2e,4,,0
2026-07-16,L100000100339,Lingtai power station,Gansu,35.0858218,107.7152829,0,,,OMSO2e,4,,0
2026-07-16,L100000100347,Chaozhou Sanbaimen power station,Guangdong,23.56645,117.0972,1,GD_pilot,2013.0,OMSO2e,4,,0
2026-07-16,L100000100354,Leizhou power station,Guangdong,20.51161,109.82803,1,GD_pilot,2013.0,OMSO2e,4,,0
2026-07-16,L100000100358,Guangdong Huilai power station,Guangdong,23.0047771,116.5472388,1,GD_pilot,2013.0,OMSO2e,4,,0
2026-07-16,L100000100359,Guangdong Huizhou Pinghai power station,Guangdong,22.6064638,114.741919,1,GD_pilot,2013.0,OMSO2e,4,,0
2026-07-16,L100000100361,Guangdong Shaoguan power station,Guangdong,24.682,113.605,1,GD_pilot,2013.0,OMSO2e,4,,0
2026-07-16,L100000100372,Taishan power station,Guangdong,21.8667,112.9228,1,GD_pilot,2013.0,OMSO2e,4,,0
2026-07-16,L100000100377,Heyuan power station,Guangdong,23.567222,114.640278,1,GD_pilot,2013.0,OMSO2e,4,,0
2026-07-16,L100000100381,Haimen power station,Guangdong,23.1899,116.6548,1,GD_pilot,2013.0,OMSO2e,4,,0
2026-07-16,L100000100390,Lufeng Jiahuwan power station,Guangdong,22.832499,115.985482,1,GD_pilot,2013.0,OMSO2e,4,,0
2026-07-16,L100000100392,Maoming Bohe power station,Guangdong,21.441033,111.289628,1,GD_pilot,2013.0,OMSO2e,4,,0
2026-07-16,L100000100402,Shenhua Qingyuan power station,Guangdong,24.417008,113.540884,1,GD_pilot,2013.0,OMSO2e,4,,0
2026-07-16,L100000100407,Shanwei Haifeng CCS power station,Guangdong,22.7545453,115.0419938,1,GD_pilot,2013.0,OMSO2e,4,,0
2026-07-16,L100000100408,Shanwei Honghaiwan power station,Guangdong,22.70695,115.55529,1,GD_pilot,2013.0,OMSO2e,4,,0
2026-07-16,L100000100417,Yangxi Zhujiang power station,Guangdong,21.54264,111.67033,1,GD_pilot,2013.0,OMSO2e,4,,0
2026-07-16,L100000100418,Dabu power station,Guangdong,24.4057171,116.5877945,1,GD_pilot,2013.0,OMSO2e,4,,0
2026-07-16,L100000100430,Beihai Bebuwan power station,Guangxi,21.5821851,109.5816259,0,,,OMSO2e,4,,0
2026-07-16,L100000100436,Fangchenggang Qisha power station,Guangxi,21.5914,108.3946,0,,,OMSO2e,4,,0
2026-07-16,L100000100437,Beihai power station,Guangxi,21.535871,109.590176,0,,,OMSO2e,4,,0
2026-07-16,L100000100444,Hezhou power station,Guangxi,24.73609,111.34667,0,,,OMSO2e,4,,0
2026-07-16,L100000100452,Qinzhou power station,Guangxi,21.7004655,108.6243063,0,,,OMSO2e,4,,0
2026-07-16,L100000100477,Guizhou Fa'er power station,Guizhou,26.3259319,104.7705622,0,,,OMSO2e,4,-0.1600000113248825,3
2026-07-16,L100000100498,Panxian-2 power station,Guizhou,25.4686039,104.5924059,0,,,OMSO2e,4,-0.1500000059604644,1
2026-07-16,L100000100502,Qianxi power station,Guizhou,27.0516899,106.1252456,0,,,OMSO2e,4,0.4799999892711639,2
2026-07-16,L100000100542,China Resources Caofeidian power station,Hebei,38.9960653,118.4875488,0,,,OMSO2e,4,,0
2026-07-16,L100000100551,Dingzhou power station,Hebei,38.5122064,114.8433969,0,,,OMSO2e,4,,0
2026-07-16,L100000100568,Shang'an power station,Hebei,38.05729,114.19627,0,,,OMSO2e,4,,0
2026-07-16,L100000100569,Hebei Cangdong power station,Hebei,38.31,117.8786111,0,,,OMSO2e,4,,0
2026-07-16,L100000100591,Xibaipo power station,Hebei,38.245068,114.2149428,0,,,OMSO2e,4,,0
2026-07-16,L100000100598,Zhangjiakou power station,Hebei,40.6595781,114.9438143,0,,,OMSO2e,4,,0
2026-07-16,L100000100610,Qitaihe power station,Heilongjiang,45.7604176,131.0533476,0,,,OMSO2e,4,,0
2026-07-16,L100000100647,Datang Sanmenxia power station,Henan,34.6855176,111.0274363,0,,,OMSO2e,4,,0
2026-07-16,L100000100648,Xinyang power station,Henan,32.109018,114.140877,0,,,OMSO2e,4,,0
2026-07-16,L100000100650,Dengfeng-2 power station,Henan,34.39274,113.19878,0,,,OMSO2e,4,,0
2026-07-16,L100000100657,Hebi power station,Henan,35.851366,114.1798126,0,,,OMSO2e,4,,0
2026-07-16,L100000100664,Henan Xin'an power station,Henan,34.7413202,112.0634119,0,,,OMSO2e,4,,0
2026-07-16,L100000100665,Henan Xinmi power station,Henan,34.50003,113.59801,0,,,OMSO2e,4,,0
2026-07-16,L100000100677,Qinbei power station,Henan,35.1676,112.71654,0,,,OMSO2e,4,,0
2026-07-16,L100000100680,Jiaozuo Danhe power station,Henan,35.188487,112.887561,0,,,OMSO2e,4,,0
2026-07-16,L100000100696,Nanyang Yahekou power station,Henan,33.3086427,112.644474,0,,,OMSO2e,4,,0
2026-07-16,L100000100697,Pingdingshan Luyang power station,Henan,33.82189,113.01438,0,,,OMSO2e,4,,0
2026-07-16,L100000100707,Nanyang Neixiang power station,Henan,33.086416,111.90004,0,,,OMSO2e,4,,0
2026-07-16,L100000100716,Xuchang Yulong power station,Henan,34.1751132,113.3581446,0,,,OMSO2e,4,,0
2026-07-16,L100000100717,Yaomeng power station,Henan,33.7379928,113.2418822,0,,,OMSO2e,4,,0
2026-07-16,L100000100730,Dabieshan power station,Hubei,31.1420662,114.8921871,1,HB_pilot,2014.0,OMSO2e,4,,0
2026-07-16,L100000100737,Hanchuan power station,Hubei,30.6566087,113.9172741,1,HB_pilot,2014.0,OMSO2e,4,,0
2026-07-16,L100000100740,Huadian Xisaishan power station,Hubei,30.203056,115.180278,1,HB_pilot,2014.0,OMSO2e,4,,0
2026-07-16,L100000100742,Yangluo power station,Hubei,30.6938889,114.5430556,1,HB_pilot,2014.0,OMSO2e,4,,0
2026-07-16,L100000100745,Hubei Ezhou power station,Hubei,30.5517656,114.6420121,1,HB_pilot,2014.0,OMSO2e,4,,0
2026-07-16,L100000100751,Puqi Xianning power station,Hubei,29.66523,113.87296,1,HB_pilot,2014.0,OMSO2e,4,,0
2026-07-16,L100000100760,Huadian Xiangyang power station,Hubei,31.9118256,112.16692,1,HB_pilot,2014.0,OMSO2e,4,,0
2026-07-16,L100000100771,Pingjiang power station,Hunan,28.808542,113.54144,0,,,OMSO2e,4,,0
2026-07-16,L100000100773,Huaneng Yueyang power station,Hunan,29.4497908,113.1623018,0,,,OMSO2e,4,,0
2026-07-16,L100000100779,Jinzhushan power station,Hunan,27.6252776,111.4823651,0,,,OMSO2e,4,,0
2026-07-16,L100000100782,Liyujiang power station,Hunan,25.940443,113.192476,0,,,OMSO2e,4,,0
2026-07-16,L100000100785,Shenhua Yongzhou power station,Hunan,26.56672,111.492692,0,,,OMSO2e,4,,0
2026-07-16,L100000100786,Guoneng Yueyang power station,Hunan,29.6129835,112.754572,0,,,OMSO2e,4,,0
2026-07-16,L100000100788,Xiangtan power station,Hunan,27.8282792,112.9968045,0,,,OMSO2e,4,,0
2026-07-16,L100000100789,Yiyang power station,Hunan,28.5966667,112.2686111,0,,,OMSO2e,4,,0
2026-07-16,L100000100795,Baotou Aluminum power station,Inner Mongolia,40.557202,110.148382,1,IM_voluntary,2015.0,OMSO2e,4,,0
2026-07-16,L100000100811,Chifeng Yuanbaoshan power station,Inner Mongolia,42.303333,119.324167,1,IM_voluntary,2015.0,OMSO2e,4,0.4220000207424164,5
2026-07-16,L100000100813,Chuangyuan Smelter power station,Inner Mongolia,45.437275,119.427496,1,IM_voluntary,2015.0,OMSO2e,4,0.2085714191198349,7
2026-07-16,L100000100822,Daihai power station,Inner Mongolia,40.519675,112.667725,1,IM_voluntary,2015.0,OMSO2e,4,,0
2026-07-16,L100000100823,Dalate power station,Inner Mongolia,40.36695,109.99604,1,IM_voluntary,2015.0,OMSO2e,4,,0
2026-07-16,L100000100830,Togtoh power station,Inner Mongolia,40.1952329,111.358881,1,IM_voluntary,2015.0,OMSO2e,4,,0
2026-07-16,L100000100845,Guoneng Shanghaimiao power station,Inner Mongolia,38.309587,106.679378,1,IM_voluntary,2015.0,OMSO2e,4,,0
2026-07-16,L100000100847,Jiangsu Energy Group Wulagai power station,Inner Mongolia,45.955947,119.106454,1,IM_voluntary,2015.0,OMSO2e,4,-0.135000005364418,6
2026-07-16,L100000100861,Hohhot Jinshan cogen power station,Inner Mongolia,40.7072133,111.4600879,1,IM_voluntary,2015.0,OMSO2e,4,,0
2026-07-16,L100000100863,Hongjun Aluminum power station,Inner Mongolia,45.5128784,119.6504373,1,IM_voluntary,2015.0,OMSO2e,4,0.375,6
2026-07-16,L100000100887,Shangdu power station,Inner Mongolia,42.22369,116.029256,1,IM_voluntary,2015.0,OMSO2e,4,-0.2000000029802322,2
2026-07-16,L100000100888,Inner Mongolia Changcheng power station,Inner Mongolia,38.249688,106.657876,1,IM_voluntary,2015.0,OMSO2e,4,,0
2026-07-16,L100000100894,Yimin power station,Inner Mongolia,48.549722,119.773889,1,IM_voluntary,2015.0,OMSO2e,4,,0
2026-07-16,L100000100899,Huolinhe Zhanute power station,Inner Mongolia,45.409847,119.596739,1,IM_voluntary,2015.0,OMSO2e,4,0.2600000202655792,7
2026-07-16,L100000100910,Jining power station,Inner Mongolia,41.053294,113.153289,1,IM_voluntary,2015.0,OMSO2e,4,,0
2026-07-16,L100000100913,Junggar Suancigou power station,Inner Mongolia,39.711744,111.200548,1,IM_voluntary,2015.0,OMSO2e,4,,0
2026-07-16,L100000100933,Mengtai Beijiao power station,Inner Mongolia,39.846004,109.984888,1,IM_voluntary,2015.0,OMSO2e,4,,0
2026-07-16,L100000100937,Ordos Power Qipanjing power station,Inner Mongolia,39.385235,106.965664,1,IM_voluntary,2015.0,OMSO2e,4,,0
2026-07-16,L100000100948,Inner Mongolia Shenglu power station,Inner Mongolia,38.373756,106.782583,1,IM_voluntary,2015.0,OMSO2e,4,,0
2026-07-16,L100000100954,Tongliao power station,Inner Mongolia,43.6713737,122.1535206,1,IM_voluntary,2015.0,OMSO2e,4,-0.1328571438789367,7
2026-07-16,L100000100969,Changshu-1 power station,Jiangsu,31.753204,120.9634852,0,,,OMSO2e,4,,0
2026-07-16,L100000100970,Changshu-2 power station,Jiangsu,31.757764,120.97813,0,,,OMSO2e,4,,0
2026-07-16,L100000100973,Yancheng Binhai power station,Jiangsu,34.307421,120.246943,0,,,OMSO2e,4,,0
2026-07-16,L100000100974,Changzhou power station,Jiangsu,31.9583333,119.9925,0,,,OMSO2e,4,,0
2026-07-16,L100000100982,Taizhou power station,Jiangsu,32.187206,119.914444,0,,,OMSO2e,4,,0
2026-07-16,L100000100984,Guohua Xuzhou power station,Jiangsu,34.395144,117.259705,0,,,OMSO2e,4,,0
2026-07-16,L100000100988,Jurong power station,Jiangsu,32.19575,119.2497,0,,,OMSO2e,4,,0
2026-07-16,L100000100993,Jinling power station,Jiangsu,32.17178,119.01977,0,,,OMSO2e,4,,0
2026-07-16,L100000100997,Huaneng Taicang power station,Jiangsu,31.656908,121.17932,0,,,OMSO2e,4,,0
2026-07-16,L100000100998,Jianbi power station,Jiangsu,32.17693,119.57554,0,,,OMSO2e,4,,0
2026-07-16,L100000101000,Guoxin Jingjiang power station,Jiangsu,32.030487,120.383144,0,,,OMSO2e,4,,0
2026-07-16,L100000101005,Jiangsu Nantong power station,Jiangsu,32.03214,120.76956,0,,,OMSO2e,4,,0
2026-07-16,L100000101008,Jiangsu Sheyanggang power station,Jiangsu,33.8185009,120.4633498,0,,,OMSO2e,4,,0
2026-07-16,L100000101018,Ligang power station,Jiangsu,31.940813,120.0766476,0,,,OMSO2e,4,,0
2026-07-16,L100000101020,Lusigang power station,Jiangsu,32.05858,121.72669,0,,,OMSO2e,4,,0
2026-07-16,L100000101039,Xinhai power station,Jiangsu,34.57789,119.12671,0,,,OMSO2e,4,,0
2026-07-16,L100000101044,Xuzhou Pengcheng power station,Jiangsu,34.3779,117.17591,0,,,OMSO2e,4,,0
2026-07-16,L100000101047,Guoxin Yangzhou power station,Jiangsu,32.267778,119.419444,0,,,OMSO2e,4,,0
2026-07-16,L100000101053,Zhangjiagang Shazhou power station,Jiangsu,31.989733,120.6879258,0,,,OMSO2e,4,,0
2026-07-16,L100000101057,Fuzhou power station,Jiangxi,27.7844943,116.5644289,0,,,OMSO2e,4,,0
2026-07-16,L100000101058,Datang Xinyu power station,Jiangxi,27.679755,114.956506,0,,,OMSO2e,4,,0
2026-07-16,L100000101060,Fengcheng power station,Jiangxi,28.1943602,115.7088424,0,,,OMSO2e,4,,0
2026-07-16,L100000101063,Guixi power station,Jiangxi,28.28914,117.2235,0,,,OMSO2e,4,,0
2026-07-16,L100000101068,Jinggangshan power station,Jiangxi,27.0474697,115.0203859,0,,,OMSO2e,4,,0
2026-07-16,L100000101069,Ruijin power station,Jiangxi,25.9244055,115.1028219,0,,,OMSO2e,4,,0
2026-07-16,L100000101074,Shenhua Jiujiang power station,Jiangxi,29.826619,116.375973,0,,,OMSO2e,4,,0
2026-07-16,L100000101114,Shuangliao power station,Jilin,43.5282178,123.4633255,0,,,OMSO2e,4,-0.2442857176065445,7
2026-07-16,L100000101160,Yingkou power station,Liaoning,40.303837,122.105968,0,,,OMSO2e,4,,0
2026-07-16,L100000101178,Suizhong power station,Liaoning,40.07962,120.00959,0,,,OMSO2e,4,,0
2026-07-16,L100000101181,Tieling power station,Liaoning,42.3450141,123.8030455,0,,,OMSO2e,4,0.4614285826683044,7
2026-07-16,L100000101187,Daba power station,Ningxia,37.9916691,105.9247833,0,,,OMSO2e,4,,0
2026-07-16,L100000101190,Ningdong Fangjiazhuang power station,Ningxia,37.837649,106.666501,0,,,OMSO2e,4,,0
2026-07-16,L100000101191,Shizuishan power station,Ningxia,39.2848224,106.7890371,0,,,OMSO2e,4,,0
2026-07-16,L100000101192,Ningdong power station,Ningxia,37.844757,106.786777,0,,,OMSO2e,4,,0
2026-07-16,L100000101203,Ningxia Lingwu power station,Ningxia,38.148333,106.345833,0,,,OMSO2e,4,,0
2026-07-16,L100000101219,Yuanyang Lake power station,Ningxia,38.0575,106.691389,0,,,OMSO2e,4,,0
2026-07-16,L100000101244,Fugu Qingshuichuan power station,Shaanxi,39.2048853,111.1190328,0,,,OMSO2e,4,,0
2026-07-16,L100000101246,Guodian Baoji-2 power station,Shaanxi,34.4980333,107.2181511,0,,,OMSO2e,4,,0
2026-07-16,L100000101252,Hancheng power station,Shaanxi,35.6007189,110.5557051,0,,,OMSO2e,4,,0
2026-07-16,L100000101265,Leilongwan power station,Shaanxi,37.925376,109.101678,0,,,OMSO2e,4,,0
2026-07-16,L100000101269,Pucheng power station,Shaanxi,34.9779314,109.7999759,0,,,OMSO2e,4,,0
2026-07-16,L100000101277,Fugu Miaogoumen power station,Shaanxi,39.208319,110.784956,0,,,OMSO2e,4,,0
2026-07-16,L100000101278,Jinjie power station,Shaanxi,38.7368389,110.1661297,0,,,OMSO2e,4,,0
2026-07-16,L100000101297,Yulin Hengshan power station,Shaanxi,38.03372,109.415067,0,,,OMSO2e,4,,0
2026-07-16,L100000101307,Binzhou Boxing power station,Shandong,37.27629,118.330855,0,,,OMSO2e,4,,0
2026-07-16,L100000101316,Datang Dongying power station,Shandong,38.113151,118.910229,0,,,OMSO2e,4,,0
2026-07-16,L100000101332,Guohua Shouguang power station,Shandong,37.269686,118.906738,0,,,OMSO2e,4,,0
2026-07-16,L100000101339,Huadian Laizhou power station,Shandong,37.432222,120.018056,0,,,OMSO2e,4,,0
2026-07-16,L100000101341,Shiliquan power station,Shandong,34.814444,117.573056,0,,,OMSO2e,4,,0
2026-07-16,L100000101342,Huadian Weifang power station,Shandong,36.6656392,119.2632115,0,,,OMSO2e,4,,0
2026-07-16,L100000101344,Huaneng Dezhou power station,Shandong,37.449349,116.2415516,0,,,OMSO2e,4,-0.3899999856948852,5
2026-07-16,L100000101348,Huaneng Laiwu power station,Shandong,36.1342702,117.6849675,0,,,OMSO2e,4,-0.0214285682886838,7
2026-07-16,L100000101383,Rizhao power station,Shandong,35.3454727,119.5104761,0,,,OMSO2e,4,,0
2026-07-16,L100000101399,Shiheng-2 power station,Shandong,36.2123187,116.5136301,0,,,OMSO2e,4,0.3600000143051147,2
2026-07-16,L100000101409,Weihai power station,Shandong,37.44899,122.20724,0,,,OMSO2e,4,,0
2026-07-16,L100000101415,Weiqiao Huji power station,Shandong,37.347901,117.781587,0,,,OMSO2e,4,,0
2026-07-16,L100000101420,Weiqiao Zouping-1 power station,Shandong,36.9106725,117.7853572,0,,,OMSO2e,4,0.4620000422000885,5
2026-07-16,L100000101425,Weiqiao Zouping-7 power station,Shandong,36.896297,117.860459,0,,,OMSO2e,4,0.449999988079071,4
2026-07-16,L100000101429,Shandong Xinfa Xinyuan power station,Shandong,36.615766,116.225215,0,,,OMSO2e,4,0.1733333319425583,6
2026-07-16,L100000101442,Zouxian power station,Shandong,35.3255698,116.9260912,0,,,OMSO2e,4,-0.1500000059604644,1
2026-07-16,L100000101444,Shanghai Caojing power station,Shanghai,30.76073,121.4008,1,SH_pilot,2013.0,OMSO2e,4,-0.0799999982118606,1
2026-07-16,L100000101447,Shanghai Shidongkou power station,Shanghai,31.4650719,121.4048433,1,SH_pilot,2013.0,OMSO2e,4,,0
2026-07-16,L100000101448,Waigaoqiao power station,Shanghai,31.3536333,121.6002746,1,SH_pilot,2013.0,OMSO2e,4,,0
2026-07-16,L100000101515,Shanxi Zhaoguang power station,Shanxi,36.5537987,111.6917736,0,,,OMSO2e,4,,0
2026-07-16,L100000101518,Shenhua Hequ power station,Shanxi,39.3830746,111.1843014,0,,,OMSO2e,4,,0
2026-07-16,L100000101519,Shentou power station,Shanxi,39.550981,112.488736,0,,,OMSO2e,4,,0
2026-07-16,L100000101529,Tongmei Tashan power station,Shanxi,39.9249917,113.0839199,0,,,OMSO2e,4,,0
2026-07-16,L100000101542,Xishan Gujiao power station,Shanxi,37.8952266,112.0930982,0,,,OMSO2e,4,,0
2026-07-16,L100000101543,Yangcheng power station,Shanxi,35.466123,112.5742039,0,,,OMSO2e,4,,0
2026-07-16,L100000101551,Yuguang Coal power station,Shanxi,38.078135,113.482791,0,,,OMSO2e,4,,0
2026-07-16,L100000101554,Zhangshan power station,Shanxi,36.326115,113.081402,0,,,OMSO2e,4,,0
2026-07-16,L100000101555,Changzhi power station,Shanxi,36.3226498,113.0816012,0,,,OMSO2e,4,,0
2026-07-16,L100000101567,Guang'an power station,Sichuan,30.5288201,106.8264802,0,,,OMSO2e,4,,0
2026-07-16,L100000101580,Tianming power station,Sichuan,31.869616,104.910148,0,,,OMSO2e,4,,0
2026-07-16,L100000101588,Panshan power station,Tianjin,39.9801382,117.4630704,1,TJ_pilot,2013.0,OMSO2e,4,0.9700000286102296,3
2026-07-16,L100000101589,Tianjin Beijiang power station,Tianjin,39.2193209,117.9298639,1,TJ_pilot,2013.0,OMSO2e,4,,0
2026-07-16,L100000101617,East Hope Metals Wucaiwan power station,Xinjiang,44.6829461,89.1158667,0,,,OMSO2e,4,,0
2026-07-16,L100000101668,Xinjiang Qiya Smelter power station,Xinjiang,44.8955881,89.049629,0,,,OMSO2e,4,,0
2026-07-16,L100000101675,Shenhua Guoneng Hami power station,Xinjiang,42.411226,93.009166,0,,,OMSO2e,4,0.0939999967813491,5
2026-07-16,L100000101677,Shenhua Zhundong Wucaiwan power station,Xinjiang,44.795533,89.149825,0,,,OMSO2e,4,,0
2026-07-16,L100000101681,Tianchi Changji cogen power station,Xinjiang,44.004362,87.171961,0,,,OMSO2e,4,,0
2026-07-16,L100000101682,Tianchi Energy Zhundong Wucaiwan power station,Xinjiang,44.8524482,89.1959171,0,,,OMSO2e,4,,0
2026-07-16,L100000101696,Wucaiwan Bei'er power station,Xinjiang,44.8388927,89.1908616,0,,,OMSO2e,4,,0
2026-07-16,L100000101697,Wujiaqu power station,Xinjiang,44.26892,87.687877,0,,,OMSO2e,4,,0
2026-07-16,L100000101709,XPCC Shihezi Cogen power station,Xinjiang,44.428094,86.093609,0,,,OMSO2e,4,,0
2026-07-16,L100000101716,Diandong power station,Yunnan,25.19943,104.6819,0,,,OMSO2e,4,-0.1700000017881393,3
2026-07-16,L100000101730,Wushashan power station,Zhejiang,29.505411,121.662934,0,,,OMSO2e,4,-0.3199999928474426,1
2026-07-16,L100000101731,Beilun power station,Zhejiang,29.9427256,121.8131207,0,,,OMSO2e,4,0.1624999940395355,4
2026-07-16,L100000101732,Guohua Zhoushan power station,Zhejiang,30.103996,122.184817,0,,,OMSO2e,4,0.2149999886751175,6
2026-07-16,L100000101736,Yuhuan power station,Zhejiang,28.1151529,121.1391369,0,,,OMSO2e,4,0.1500000059604644,1
2026-07-16,L100000101737,China Resources Wenzhou power station,Zhejiang,27.4974228,120.6631851,0,,,OMSO2e,4,,0
2026-07-16,L100000101739,Jiaxing power station,Zhejiang,30.62804,121.14422,0,,,OMSO2e,4,-0.1099999994039535,1
2026-07-16,L100000101742,Lanxi power station,Zhejiang,29.1866175,119.5068449,0,,,OMSO2e,4,,0
2026-07-16,L100000101747,Ninghai power station,Zhejiang,29.4817622,121.5114792,0,,,OMSO2e,4,,0
2026-07-16,L100000101750,Zhejiang Taizhou-2 power station,Zhejiang,29.012395,121.695507,0,,,OMSO2e,4,,0
2026-07-16,L100000101761,Zheneng Liuheng power station,Zhejiang,29.7593387,122.1266091,0,,,OMSO2e,4,0.0866666734218597,6
2026-07-16,L100000101762,Zheneng Wenzhou power station,Zhejiang,27.9957103,120.8358582,0,,,OMSO2e,4,,0
2026-07-16,L100000101763,Zheneng Yueqing power station,Zhejiang,28.1704074,121.0889375,0,,,OMSO2e,4,0.1500000059604644,1
2026-07-16,L100000104506,Fu County power station,Shaanxi,35.858656,109.2167,0,,,OMSO2e,4,,0
2026-07-16,L100000104758,Hubei Yicheng power station,Hubei,31.781843,112.129461,1,HB_pilot,2014.0,OMSO2e,4,,0
2026-07-16,L100000104917,Shanggao power station,Jiangxi,28.185566,114.825697,0,,,OMSO2e,4,,0
2026-07-16,L100000104944,Hami-Chongqing UHV Transmission Line power station,Xinjiang,44.53792,92.926001,0,,,OMSO2e,4,0.3533333241939544,3
2026-07-16,L100000104970,Jiangsu Guoxin Shazhou power station,Jiangsu,31.985654,120.684419,0,,,OMSO2e,4,,0
2026-07-16,L100000105025,Datong-2 power station,Shanxi,40.0279118,113.2933181,0,,,OMSO2e,4,,0
2026-07-15,L100000100200,Anhui Bengbu power station,Anhui,32.78444,117.11472,0,,,OMSO2e,4,,0
2026-07-15,L100000100201,Anhui Huainan Panji power station,Anhui,32.76917,116.759595,0,,,OMSO2e,4,,0
2026-07-15,L100000100205,Chizhou Jiuhua power station,Anhui,30.7531097,117.5906618,0,,,OMSO2e,4,,0
2026-07-15,L100000100206,Pingwei power station,Anhui,32.68417,116.901389,0,,,OMSO2e,4,,0
2026-07-15,L100000100211,Fuyang power station,Anhui,33.00444,115.845278,0,,,OMSO2e,4,,0
2026-07-15,L100000100218,Wuhu power station,Anhui,31.2372348,118.1497184,0,,,OMSO2e,4,,0
2026-07-15,L100000100222,Huaibei Pingshan power station,Anhui,33.83392,116.831102,0,,,OMSO2e,4,,0
2026-07-15,L100000100223,Huainan Fengtai power station,Anhui,32.758,116.65,0,,,OMSO2e,4,,0
2026-07-15,L100000100225,Huainan Luohe power station,Anhui,32.68455,117.07511,0,,,OMSO2e,4,,0
2026-07-15,L100000100226,Huainan Tianji power station,Anhui,32.7465,116.8127,0,,,OMSO2e,4,,0
2026-07-15,L100000100233,Lixin Banji power station,Anhui,32.897245,116.242561,0,,,OMSO2e,4,,0
2026-07-15,L100000100237,Anqing power station,Anhui,30.541,117.1717,0,,,OMSO2e,4,,0
2026-07-15,L100000100240,Suzhou Qianyingzi power station,Anhui,33.5107954,116.9261351,0,,,OMSO2e,4,,0
2026-07-15,L100000100242,Tongling Wanneng power station,Anhui,30.88181,117.76439,0,,,OMSO2e,4,,0
2026-07-15,L100000100245,Ma'anshan power station,Anhui,31.750737,118.4796925,0,,,OMSO2e,4,,0
2026-07-15,L100000100269,Chongqing Shuanghuai power station,Chongqing,30.1611074,106.5480599,1,CQ_pilot,2013.0,OMSO2e,4,-0.0750000029802322,6
2026-07-15,L100000100272,Luohuang power station,Chongqing,29.347364,106.433182,1,CQ_pilot,2013.0,OMSO2e,4,0.2299999743700027,6
2026-07-15,L100000100276,Chongqing Wanzhou power station,Chongqing,30.677938,108.398976,1,CQ_pilot,2013.0,OMSO2e,4,0.0557142831385135,7
2026-07-15,L100000100283,Ningde power station,Fujian,26.7574469,119.7353942,1,FJ_pilot,2016.0,OMSO2e,4,,0
2026-07-15,L100000100285,Fujian Hongshan power station,Fujian,24.7272766,118.7496944,1,FJ_pilot,2016.0,OMSO2e,4,,0
2026-07-15,L100000100287,Fuzhou Kemen power station,Fujian,26.3734254,119.7622418,1,FJ_pilot,2016.0,OMSO2e,4,,0
2026-07-15,L100000100288,Fuzhou Jiangyin power station,Fujian,25.438464,119.3396226,1,FJ_pilot,2016.0,OMSO2e,4,,0
2026-07-15,L100000100291,Houshi power station,Fujian,24.3030594,118.1259157,1,FJ_pilot,2016.0,OMSO2e,4,,0
2026-07-15,L100000100293,Huaneng Fuzhou power station,Fujian,25.99083,119.4816,1,FJ_pilot,2016.0,OMSO2e,4,,0
2026-07-15,L100000100298,Luoyuan Bay power station,Fujian,26.385334,119.789459,1,FJ_pilot,2016.0,OMSO2e,4,,0
2026-07-15,L100000100299,Meizhouwan power station,Fujian,25.1608278,119.0333354,1,FJ_pilot,2016.0,OMSO2e,4,,0
2026-07-15,L100000100300,Nanpu Quanzhou power station,Fujian,25.2044,118.94385,1,FJ_pilot,2016.0,OMSO2e,4,,0
2026-07-15,L100000100303,Xiamen Songyu power station,Fujian,24.4460582,118.0267975,1,FJ_pilot,2016.0,OMSO2e,4,,0
2026-07-15,L100000100318,Guazhou Changle power station,Gansu,40.6599,96.513,0,,,OMSO2e,4,,0
2026-07-15,L100000100320,Zhangye power station,Gansu,39.071222,100.462929,0,,,OMSO2e,4,,0
2026-07-15,L100000100326,Pingliang power station,Gansu,35.5017,106.7861,0,,,OMSO2e,4,,0
2026-07-15,L100000100328,Gansu Zhengning power station,Gansu,35.268403,107.975564,0,,,OMSO2e,4,,0
2026-07-15,L100000100339,Lingtai power station,Gansu,35.0858218,107.7152829,0,,,OMSO2e,4,,0
2026-07-15,L100000100347,Chaozhou Sanbaimen power station,Guangdong,23.56645,117.0972,1,GD_pilot,2013.0,OMSO2e,4,,0
2026-07-15,L100000100354,Leizhou power station,Guangdong,20.51161,109.82803,1,GD_pilot,2013.0,OMSO2e,4,,0
2026-07-15,L100000100358,Guangdong Huilai power station,Guangdong,23.0047771,116.5472388,1,GD_pilot,2013.0,OMSO2e,4,,0
2026-07-15,L100000100359,Guangdong Huizhou Pinghai power station,Guangdong,22.6064638,114.741919,1,GD_pilot,2013.0,OMSO2e,4,,0
2026-07-15,L100000100361,Guangdong Shaoguan power station,Guangdong,24.682,113.605,1,GD_pilot,2013.0,OMSO2e,4,,0
2026-07-15,L100000100372,Taishan power station,Guangdong,21.8667,112.9228,1,GD_pilot,2013.0,OMSO2e,4,,0
2026-07-15,L100000100377,Heyuan power station,Guangdong,23.567222,114.640278,1,GD_pilot,2013.0,OMSO2e,4,,0
2026-07-15,L100000100381,Haimen power station,Guangdong,23.1899,116.6548,1,GD_pilot,2013.0,OMSO2e,4,,0
2026-07-15,L100000100390,Lufeng Jiahuwan power station,Guangdong,22.832499,115.985482,1,GD_pilot,2013.0,OMSO2e,4,,0
2026-07-15,L100000100392,Maoming Bohe power station,Guangdong,21.441033,111.289628,1,GD_pilot,2013.0,OMSO2e,4,,0
2026-07-15,L100000100402,Shenhua Qingyuan power station,Guangdong,24.417008,113.540884,1,GD_pilot,2013.0,OMSO2e,4,,0
2026-07-15,L100000100407,Shanwei Haifeng CCS power station,Guangdong,22.7545453,115.0419938,1,GD_pilot,2013.0,OMSO2e,4,,0
2026-07-15,L100000100408,Shanwei Honghaiwan power station,Guangdong,22.70695,115.55529,1,GD_pilot,2013.0,OMSO2e,4,,0
2026-07-15,L100000100417,Yangxi Zhujiang power station,Guangdong,21.54264,111.67033,1,GD_pilot,2013.0,OMSO2e,4,,0
2026-07-15,L100000100418,Dabu power station,Guangdong,24.4057171,116.5877945,1,GD_pilot,2013.0,OMSO2e,4,,0
2026-07-15,L100000100430,Beihai Bebuwan power station,Guangxi,21.5821851,109.5816259,0,,,OMSO2e,4,,0
2026-07-15,L100000100436,Fangchenggang Qisha power station,Guangxi,21.5914,108.3946,0,,,OMSO2e,4,,0
2026-07-15,L100000100437,Beihai power station,Guangxi,21.535871,109.590176,0,,,OMSO2e,4,,0
2026-07-15,L100000100444,Hezhou power station,Guangxi,24.73609,111.34667,0,,,OMSO2e,4,,0
2026-07-15,L100000100452,Qinzhou power station,Guangxi,21.7004655,108.6243063,0,,,OMSO2e,4,,0
2026-07-15,L100000100477,Guizhou Fa'er power station,Guizhou,26.3259319,104.7705622,0,,,OMSO2e,4,,0
2026-07-15,L100000100498,Panxian-2 power station,Guizhou,25.4686039,104.5924059,0,,,OMSO2e,4,,0
2026-07-15,L100000100502,Qianxi power station,Guizhou,27.0516899,106.1252456,0,,,OMSO2e,4,,0
2026-07-15,L100000100542,China Resources Caofeidian power station,Hebei,38.9960653,118.4875488,0,,,OMSO2e,4,,0
2026-07-15,L100000100551,Dingzhou power station,Hebei,38.5122064,114.8433969,0,,,OMSO2e,4,,0
2026-07-15,L100000100568,Shang'an power station,Hebei,38.05729,114.19627,0,,,OMSO2e,4,,0
2026-07-15,L100000100569,Hebei Cangdong power station,Hebei,38.31,117.8786111,0,,,OMSO2e,4,,0
2026-07-15,L100000100591,Xibaipo power station,Hebei,38.245068,114.2149428,0,,,OMSO2e,4,,0
2026-07-15,L100000100598,Zhangjiakou power station,Hebei,40.6595781,114.9438143,0,,,OMSO2e,4,,0
2026-07-15,L100000100610,Qitaihe power station,Heilongjiang,45.7604176,131.0533476,0,,,OMSO2e,4,-0.0883333384990692,6
2026-07-15,L100000100647,Datang Sanmenxia power station,Henan,34.6855176,111.0274363,0,,,OMSO2e,4,,0
2026-07-15,L100000100648,Xinyang power station,Henan,32.109018,114.140877,0,,,OMSO2e,4,,0
2026-07-15,L100000100650,Dengfeng-2 power station,Henan,34.39274,113.19878,0,,,OMSO2e,4,,0
2026-07-15,L100000100657,Hebi power station,Henan,35.851366,114.1798126,0,,,OMSO2e,4,,0
2026-07-15,L100000100664,Henan Xin'an power station,Henan,34.7413202,112.0634119,0,,,OMSO2e,4,,0
2026-07-15,L100000100665,Henan Xinmi power station,Henan,34.50003,113.59801,0,,,OMSO2e,4,,0
2026-07-15,L100000100677,Qinbei power station,Henan,35.1676,112.71654,0,,,OMSO2e,4,,0
2026-07-15,L100000100680,Jiaozuo Danhe power station,Henan,35.188487,112.887561,0,,,OMSO2e,4,,0
2026-07-15,L100000100696,Nanyang Yahekou power station,Henan,33.3086427,112.644474,0,,,OMSO2e,4,,0
2026-07-15,L100000100697,Pingdingshan Luyang power station,Henan,33.82189,113.01438,0,,,OMSO2e,4,,0
2026-07-15,L100000100707,Nanyang Neixiang power station,Henan,33.086416,111.90004,0,,,OMSO2e,4,,0
2026-07-15,L100000100716,Xuchang Yulong power station,Henan,34.1751132,113.3581446,0,,,OMSO2e,4,,0
2026-07-15,L100000100717,Yaomeng power station,Henan,33.7379928,113.2418822,0,,,OMSO2e,4,,0
2026-07-15,L100000100730,Dabieshan power station,Hubei,31.1420662,114.8921871,1,HB_pilot,2014.0,OMSO2e,4,-0.2399999946355819,1
2026-07-15,L100000100737,Hanchuan power station,Hubei,30.6566087,113.9172741,1,HB_pilot,2014.0,OMSO2e,4,,0
2026-07-15,L100000100740,Huadian Xisaishan power station,Hubei,30.203056,115.180278,1,HB_pilot,2014.0,OMSO2e,4,0.0599999986588954,3
2026-07-15,L100000100742,Yangluo power station,Hubei,30.6938889,114.5430556,1,HB_pilot,2014.0,OMSO2e,4,0.25,1
2026-07-15,L100000100745,Hubei Ezhou power station,Hubei,30.5517656,114.6420121,1,HB_pilot,2014.0,OMSO2e,4,0.1550000011920929,2
2026-07-15,L100000100751,Puqi Xianning power station,Hubei,29.66523,113.87296,1,HB_pilot,2014.0,OMSO2e,4,,0
2026-07-15,L100000100760,Huadian Xiangyang power station,Hubei,31.9118256,112.16692,1,HB_pilot,2014.0,OMSO2e,4,,0
2026-07-15,L100000100771,Pingjiang power station,Hunan,28.808542,113.54144,0,,,OMSO2e,4,-0.1150000020861625,4
2026-07-15,L100000100773,Huaneng Yueyang power station,Hunan,29.4497908,113.1623018,0,,,OMSO2e,4,-0.1150000095367431,6
2026-07-15,L100000100779,Jinzhushan power station,Hunan,27.6252776,111.4823651,0,,,OMSO2e,4,,0
2026-07-15,L100000100782,Liyujiang power station,Hunan,25.940443,113.192476,0,,,OMSO2e,4,,0
2026-07-15,L100000100785,Shenhua Yongzhou power station,Hunan,26.56672,111.492692,0,,,OMSO2e,4,,0
2026-07-15,L100000100786,Guoneng Yueyang power station,Hunan,29.6129835,112.754572,0,,,OMSO2e,4,0.0383333303034305,6
2026-07-15,L100000100788,Xiangtan power station,Hunan,27.8282792,112.9968045,0,,,OMSO2e,4,-0.0799999982118606,2
2026-07-15,L100000100789,Yiyang power station,Hunan,28.5966667,112.2686111,0,,,OMSO2e,4,0.2100000083446502,7
2026-07-15,L100000100795,Baotou Aluminum power station,Inner Mongolia,40.557202,110.148382,1,IM_voluntary,2015.0,OMSO2e,4,0.2316666692495346,6
2026-07-15,L100000100811,Chifeng Yuanbaoshan power station,Inner Mongolia,42.303333,119.324167,1,IM_voluntary,2015.0,OMSO2e,4,,0
2026-07-15,L100000100813,Chuangyuan Smelter power station,Inner Mongolia,45.437275,119.427496,1,IM_voluntary,2015.0,OMSO2e,4,,0
2026-07-15,L100000100822,Daihai power station,Inner Mongolia,40.519675,112.667725,1,IM_voluntary,2015.0,OMSO2e,4,,0
2026-07-15,L100000100823,Dalate power station,Inner Mongolia,40.36695,109.99604,1,IM_voluntary,2015.0,OMSO2e,4,0.2487500011920929,8
2026-07-15,L100000100830,Togtoh power station,Inner Mongolia,40.1952329,111.358881,1,IM_voluntary,2015.0,OMSO2e,4,0.1816666573286056,6
2026-07-15,L100000100845,Guoneng Shanghaimiao power station,Inner Mongolia,38.309587,106.679378,1,IM_voluntary,2015.0,OMSO2e,4,,0
2026-07-15,L100000100847,Jiangsu Energy Group Wulagai power station,Inner Mongolia,45.955947,119.106454,1,IM_voluntary,2015.0,OMSO2e,4,,0
2026-07-15,L100000100861,Hohhot Jinshan cogen power station,Inner Mongolia,40.7072133,111.4600879,1,IM_voluntary,2015.0,OMSO2e,4,0.1950000077486038,6
2026-07-15,L100000100863,Hongjun Aluminum power station,Inner Mongolia,45.5128784,119.6504373,1,IM_voluntary,2015.0,OMSO2e,4,,0
2026-07-15,L100000100887,Shangdu power station,Inner Mongolia,42.22369,116.029256,1,IM_voluntary,2015.0,OMSO2e,4,,0
2026-07-15,L100000100888,Inner Mongolia Changcheng power station,Inner Mongolia,38.249688,106.657876,1,IM_voluntary,2015.0,OMSO2e,4,,0
2026-07-15,L100000100894,Yimin power station,Inner Mongolia,48.549722,119.773889,1,IM_voluntary,2015.0,OMSO2e,4,,0
2026-07-15,L100000100899,Huolinhe Zhanute power station,Inner Mongolia,45.409847,119.596739,1,IM_voluntary,2015.0,OMSO2e,4,,0
2026-07-15,L100000100910,Jining power station,Inner Mongolia,41.053294,113.153289,1,IM_voluntary,2015.0,OMSO2e,4,,0
2026-07-15,L100000100913,Junggar Suancigou power station,Inner Mongolia,39.711744,111.200548,1,IM_voluntary,2015.0,OMSO2e,4,0.6700000166893005,6
2026-07-15,L100000100933,Mengtai Beijiao power station,Inner Mongolia,39.846004,109.984888,1,IM_voluntary,2015.0,OMSO2e,4,0.0249999966472387,8
2026-07-15,L100000100937,Ordos Power Qipanjing power station,Inner Mongolia,39.385235,106.965664,1,IM_voluntary,2015.0,OMSO2e,4,0.3199999928474426,4
2026-07-15,L100000100948,Inner Mongolia Shenglu power station,Inner Mongolia,38.373756,106.782583,1,IM_voluntary,2015.0,OMSO2e,4,,0
2026-07-15,L100000100954,Tongliao power station,Inner Mongolia,43.6713737,122.1535206,1,IM_voluntary,2015.0,OMSO2e,4,,0
2026-07-15,L100000100969,Changshu-1 power station,Jiangsu,31.753204,120.9634852,0,,,OMSO2e,4,,0
2026-07-15,L100000100970,Changshu-2 power station,Jiangsu,31.757764,120.97813,0,,,OMSO2e,4,,0
2026-07-15,L100000100973,Yancheng Binhai power station,Jiangsu,34.307421,120.246943,0,,,OMSO2e,4,,0
2026-07-15,L100000100974,Changzhou power station,Jiangsu,31.9583333,119.9925,0,,,OMSO2e,4,,0
2026-07-15,L100000100982,Taizhou power station,Jiangsu,32.187206,119.914444,0,,,OMSO2e,4,,0
2026-07-15,L100000100984,Guohua Xuzhou power station,Jiangsu,34.395144,117.259705,0,,,OMSO2e,4,,0
2026-07-15,L100000100988,Jurong power station,Jiangsu,32.19575,119.2497,0,,,OMSO2e,4,,0
2026-07-15,L100000100993,Jinling power station,Jiangsu,32.17178,119.01977,0,,,OMSO2e,4,,0
2026-07-15,L100000100997,Huaneng Taicang power station,Jiangsu,31.656908,121.17932,0,,,OMSO2e,4,,0
2026-07-15,L100000100998,Jianbi power station,Jiangsu,32.17693,119.57554,0,,,OMSO2e,4,,0
2026-07-15,L100000101000,Guoxin Jingjiang power station,Jiangsu,32.030487,120.383144,0,,,OMSO2e,4,,0
2026-07-15,L100000101005,Jiangsu Nantong power station,Jiangsu,32.03214,120.76956,0,,,OMSO2e,4,,0
2026-07-15,L100000101008,Jiangsu Sheyanggang power station,Jiangsu,33.8185009,120.4633498,0,,,OMSO2e,4,,0
2026-07-15,L100000101018,Ligang power station,Jiangsu,31.940813,120.0766476,0,,,OMSO2e,4,,0
2026-07-15,L100000101020,Lusigang power station,Jiangsu,32.05858,121.72669,0,,,OMSO2e,4,,0
2026-07-15,L100000101039,Xinhai power station,Jiangsu,34.57789,119.12671,0,,,OMSO2e,4,,0
2026-07-15,L100000101044,Xuzhou Pengcheng power station,Jiangsu,34.3779,117.17591,0,,,OMSO2e,4,,0
2026-07-15,L100000101047,Guoxin Yangzhou power station,Jiangsu,32.267778,119.419444,0,,,OMSO2e,4,,0
2026-07-15,L100000101053,Zhangjiagang Shazhou power station,Jiangsu,31.989733,120.6879258,0,,,OMSO2e,4,,0
2026-07-15,L100000101057,Fuzhou power station,Jiangxi,27.7844943,116.5644289,0,,,OMSO2e,4,,0
2026-07-15,L100000101058,Datang Xinyu power station,Jiangxi,27.679755,114.956506,0,,,OMSO2e,4,0.010000005364418,6
2026-07-15,L100000101060,Fengcheng power station,Jiangxi,28.1943602,115.7088424,0,,,OMSO2e,4,0.0800000056624412,5
2026-07-15,L100000101063,Guixi power station,Jiangxi,28.28914,117.2235,0,,,OMSO2e,4,,0
2026-07-15,L100000101068,Jinggangshan power station,Jiangxi,27.0474697,115.0203859,0,,,OMSO2e,4,-0.0399999991059303,4
2026-07-15,L100000101069,Ruijin power station,Jiangxi,25.9244055,115.1028219,0,,,OMSO2e,4,-0.1099999994039535,1
2026-07-15,L100000101074,Shenhua Jiujiang power station,Jiangxi,29.826619,116.375973,0,,,OMSO2e,4,,0
2026-07-15,L100000101114,Shuangliao power station,Jilin,43.5282178,123.4633255,0,,,OMSO2e,4,0.2750000059604645,2
2026-07-15,L100000101160,Yingkou power station,Liaoning,40.303837,122.105968,0,,,OMSO2e,4,,0
2026-07-15,L100000101178,Suizhong power station,Liaoning,40.07962,120.00959,0,,,OMSO2e,4,,0
2026-07-15,L100000101181,Tieling power station,Liaoning,42.3450141,123.8030455,0,,,OMSO2e,4,-0.0900000035762786,1
2026-07-15,L100000101187,Daba power station,Ningxia,37.9916691,105.9247833,0,,,OMSO2e,4,,0
2026-07-15,L100000101190,Ningdong Fangjiazhuang power station,Ningxia,37.837649,106.666501,0,,,OMSO2e,4,,0
2026-07-15,L100000101191,Shizuishan power station,Ningxia,39.2848224,106.7890371,0,,,OMSO2e,4,0.3199999928474426,2
2026-07-15,L100000101192,Ningdong power station,Ningxia,37.844757,106.786777,0,,,OMSO2e,4,,0
2026-07-15,L100000101203,Ningxia Lingwu power station,Ningxia,38.148333,106.345833,0,,,OMSO2e,4,,0
2026-07-15,L100000101219,Yuanyang Lake power station,Ningxia,38.0575,106.691389,0,,,OMSO2e,4,,0
2026-07-15,L100000101244,Fugu Qingshuichuan power station,Shaanxi,39.2048853,111.1190328,0,,,OMSO2e,4,0.1566666811704635,6
2026-07-15,L100000101246,Guodian Baoji-2 power station,Shaanxi,34.4980333,107.2181511,0,,,OMSO2e,4,,0
2026-07-15,L100000101252,Hancheng power station,Shaanxi,35.6007189,110.5557051,0,,,OMSO2e,4,,0
2026-07-15,L100000101265,Leilongwan power station,Shaanxi,37.925376,109.101678,0,,,OMSO2e,4,0.4342857003211975,7
2026-07-15,L100000101269,Pucheng power station,Shaanxi,34.9779314,109.7999759,0,,,OMSO2e,4,,0
2026-07-15,L100000101277,Fugu Miaogoumen power station,Shaanxi,39.208319,110.784956,0,,,OMSO2e,4,0.0566666722297668,6
2026-07-15,L100000101278,Jinjie power station,Shaanxi,38.7368389,110.1661297,0,,,OMSO2e,4,0.4099999964237213,6
2026-07-15,L100000101297,Yulin Hengshan power station,Shaanxi,38.03372,109.415067,0,,,OMSO2e,4,0.3683333396911621,6
2026-07-15,L100000101307,Binzhou Boxing power station,Shandong,37.27629,118.330855,0,,,OMSO2e,4,,0
2026-07-15,L100000101316,Datang Dongying power station,Shandong,38.113151,118.910229,0,,,OMSO2e,4,,0
2026-07-15,L100000101332,Guohua Shouguang power station,Shandong,37.269686,118.906738,0,,,OMSO2e,4,,0
2026-07-15,L100000101339,Huadian Laizhou power station,Shandong,37.432222,120.018056,0,,,OMSO2e,4,,0
2026-07-15,L100000101341,Shiliquan power station,Shandong,34.814444,117.573056,0,,,OMSO2e,4,,0
2026-07-15,L100000101342,Huadian Weifang power station,Shandong,36.6656392,119.2632115,0,,,OMSO2e,4,,0
2026-07-15,L100000101344,Huaneng Dezhou power station,Shandong,37.449349,116.2415516,0,,,OMSO2e,4,,0
2026-07-15,L100000101348,Huaneng Laiwu power station,Shandong,36.1342702,117.6849675,0,,,OMSO2e,4,,0
2026-07-15,L100000101383,Rizhao power station,Shandong,35.3454727,119.5104761,0,,,OMSO2e,4,,0
2026-07-15,L100000101399,Shiheng-2 power station,Shandong,36.2123187,116.5136301,0,,,OMSO2e,4,,0
2026-07-15,L100000101409,Weihai power station,Shandong,37.44899,122.20724,0,,,OMSO2e,4,,0
2026-07-15,L100000101415,Weiqiao Huji power station,Shandong,37.347901,117.781587,0,,,OMSO2e,4,,0
2026-07-15,L100000101420,Weiqiao Zouping-1 power station,Shandong,36.9106725,117.7853572,0,,,OMSO2e,4,,0
2026-07-15,L100000101425,Weiqiao Zouping-7 power station,Shandong,36.896297,117.860459,0,,,OMSO2e,4,,0
2026-07-15,L100000101429,Shandong Xinfa Xinyuan power station,Shandong,36.615766,116.225215,0,,,OMSO2e,4,,0
2026-07-15,L100000101442,Zouxian power station,Shandong,35.3255698,116.9260912,0,,,OMSO2e,4,,0
2026-07-15,L100000101444,Shanghai Caojing power station,Shanghai,30.76073,121.4008,1,SH_pilot,2013.0,OMSO2e,4,,0
2026-07-15,L100000101447,Shanghai Shidongkou power station,Shanghai,31.4650719,121.4048433,1,SH_pilot,2013.0,OMSO2e,4,,0
2026-07-15,L100000101448,Waigaoqiao power station,Shanghai,31.3536333,121.6002746,1,SH_pilot,2013.0,OMSO2e,4,,0
2026-07-15,L100000101515,Shanxi Zhaoguang power station,Shanxi,36.5537987,111.6917736,0,,,OMSO2e,4,0.209999993443489,3
2026-07-15,L100000101518,Shenhua Hequ power station,Shanxi,39.3830746,111.1843014,0,,,OMSO2e,4,0.3842857182025909,7
2026-07-15,L100000101519,Shentou power station,Shanxi,39.550981,112.488736,0,,,OMSO2e,4,-0.1550000011920929,4
2026-07-15,L100000101529,Tongmei Tashan power station,Shanxi,39.9249917,113.0839199,0,,,OMSO2e,4,,0
2026-07-15,L100000101542,Xishan Gujiao power station,Shanxi,37.8952266,112.0930982,0,,,OMSO2e,4,-0.098333328962326,6
2026-07-15,L100000101543,Yangcheng power station,Shanxi,35.466123,112.5742039,0,,,OMSO2e,4,,0
2026-07-15,L100000101551,Yuguang Coal power station,Shanxi,38.078135,113.482791,0,,,OMSO2e,4,,0
2026-07-15,L100000101554,Zhangshan power station,Shanxi,36.326115,113.081402,0,,,OMSO2e,4,-0.1099999994039535,1
2026-07-15,L100000101555,Changzhi power station,Shanxi,36.3226498,113.0816012,0,,,OMSO2e,4,-0.1099999994039535,1
2026-07-15,L100000101567,Guang'an power station,Sichuan,30.5288201,106.8264802,0,,,OMSO2e,4,0.3766666650772095,6
2026-07-15,L100000101580,Tianming power station,Sichuan,31.869616,104.910148,0,,,OMSO2e,4,,0
2026-07-15,L100000101588,Panshan power station,Tianjin,39.9801382,117.4630704,1,TJ_pilot,2013.0,OMSO2e,4,,0
2026-07-15,L100000101589,Tianjin Beijiang power station,Tianjin,39.2193209,117.9298639,1,TJ_pilot,2013.0,OMSO2e,4,,0
2026-07-15,L100000101617,East Hope Metals Wucaiwan power station,Xinjiang,44.6829461,89.1158667,0,,,OMSO2e,4,,0
2026-07-15,L100000101668,Xinjiang Qiya Smelter power station,Xinjiang,44.8955881,89.049629,0,,,OMSO2e,4,,0
2026-07-15,L100000101675,Shenhua Guoneng Hami power station,Xinjiang,42.411226,93.009166,0,,,OMSO2e,4,,0
2026-07-15,L100000101677,Shenhua Zhundong Wucaiwan power station,Xinjiang,44.795533,89.149825,0,,,OMSO2e,4,,0
2026-07-15,L100000101681,Tianchi Changji cogen power station,Xinjiang,44.004362,87.171961,0,,,OMSO2e,4,,0
2026-07-15,L100000101682,Tianchi Energy Zhundong Wucaiwan power station,Xinjiang,44.8524482,89.1959171,0,,,OMSO2e,4,,0
2026-07-15,L100000101696,Wucaiwan Bei'er power station,Xinjiang,44.8388927,89.1908616,0,,,OMSO2e,4,,0
2026-07-15,L100000101697,Wujiaqu power station,Xinjiang,44.26892,87.687877,0,,,OMSO2e,4,,0
2026-07-15,L100000101709,XPCC Shihezi Cogen power station,Xinjiang,44.428094,86.093609,0,,,OMSO2e,4,,0
2026-07-15,L100000101716,Diandong power station,Yunnan,25.19943,104.6819,0,,,OMSO2e,4,,0
2026-07-15,L100000101730,Wushashan power station,Zhejiang,29.505411,121.662934,0,,,OMSO2e,4,,0
2026-07-15,L100000101731,Beilun power station,Zhejiang,29.9427256,121.8131207,0,,,OMSO2e,4,,0
2026-07-15,L100000101732,Guohua Zhoushan power station,Zhejiang,30.103996,122.184817,0,,,OMSO2e,4,,0
2026-07-15,L100000101736,Yuhuan power station,Zhejiang,28.1151529,121.1391369,0,,,OMSO2e,4,,0
2026-07-15,L100000101737,China Resources Wenzhou power station,Zhejiang,27.4974228,120.6631851,0,,,OMSO2e,4,,0
2026-07-15,L100000101739,Jiaxing power station,Zhejiang,30.62804,121.14422,0,,,OMSO2e,4,,0
2026-07-15,L100000101742,Lanxi power station,Zhejiang,29.1866175,119.5068449,0,,,OMSO2e,4,,0
2026-07-15,L100000101747,Ninghai power station,Zhejiang,29.4817622,121.5114792,0,,,OMSO2e,4,,0
2026-07-15,L100000101750,Zhejiang Taizhou-2 power station,Zhejiang,29.012395,121.695507,0,,,OMSO2e,4,,0
2026-07-15,L100000101761,Zheneng Liuheng power station,Zhejiang,29.7593387,122.1266091,0,,,OMSO2e,4,,0
2026-07-15,L100000101762,Zheneng Wenzhou power station,Zhejiang,27.9957103,120.8358582,0,,,OMSO2e,4,,0
2026-07-15,L100000101763,Zheneng Yueqing power station,Zhejiang,28.1704074,121.0889375,0,,,OMSO2e,4,,0
2026-07-15,L100000104506,Fu County power station,Shaanxi,35.858656,109.2167,0,,,OMSO2e,4,,0
2026-07-15,L100000104758,Hubei Yicheng power station,Hubei,31.781843,112.129461,1,HB_pilot,2014.0,OMSO2e,4,,0
2026-07-15,L100000104917,Shanggao power station,Jiangxi,28.185566,114.825697,0,,,OMSO2e,4,0.0866666734218597,3
2026-07-15,L100000104944,Hami-Chongqing UHV Transmission Line power station,Xinjiang,44.53792,92.926001,0,,,OMSO2e,4,,0
2026-07-15,L100000104970,Jiangsu Guoxin Shazhou power station,Jiangsu,31.985654,120.684419,0,,,OMSO2e,4,,0
2026-07-15,L100000105025,Datong-2 power station,Shanxi,40.0279118,113.2933181,0,,,OMSO2e,4,,0
2026-07-14,L100000100200,Anhui Bengbu power station,Anhui,32.78444,117.11472,0,,,OMSO2e,4,,0
2026-07-14,L100000100201,Anhui Huainan Panji power station,Anhui,32.76917,116.759595,0,,,OMSO2e,4,0.0399999991059303,1
2026-07-14,L100000100205,Chizhou Jiuhua power station,Anhui,30.7531097,117.5906618,0,,,OMSO2e,4,-0.0650000050663948,6
2026-07-14,L100000100206,Pingwei power station,Anhui,32.68417,116.901389,0,,,OMSO2e,4,-0.0300000011920928,2
2026-07-14,L100000100211,Fuyang power station,Anhui,33.00444,115.845278,0,,,OMSO2e,4,,0
2026-07-14,L100000100218,Wuhu power station,Anhui,31.2372348,118.1497184,0,,,OMSO2e,4,,0
2026-07-14,L100000100222,Huaibei Pingshan power station,Anhui,33.83392,116.831102,0,,,OMSO2e,4,0.0075000012293457,4
2026-07-14,L100000100223,Huainan Fengtai power station,Anhui,32.758,116.65,0,,,OMSO2e,4,0.0399999991059303,2
2026-07-14,L100000100225,Huainan Luohe power station,Anhui,32.68455,117.07511,0,,,OMSO2e,4,-0.1000000014901161,1
2026-07-14,L100000100226,Huainan Tianji power station,Anhui,32.7465,116.8127,0,,,OMSO2e,4,0.0399999991059303,1
2026-07-14,L100000100233,Lixin Banji power station,Anhui,32.897245,116.242561,0,,,OMSO2e,4,0.1200000047683715,3
2026-07-14,L100000100237,Anqing power station,Anhui,30.541,117.1717,0,,,OMSO2e,4,0.036666665226221,6
2026-07-14,L100000100240,Suzhou Qianyingzi power station,Anhui,33.5107954,116.9261351,0,,,OMSO2e,4,0.0566666685044765,3
2026-07-14,L100000100242,Tongling Wanneng power station,Anhui,30.88181,117.76439,0,,,OMSO2e,4,0.0379999950528144,5
2026-07-14,L100000100245,Ma'anshan power station,Anhui,31.750737,118.4796925,0,,,OMSO2e,4,,0
2026-07-14,L100000100269,Chongqing Shuanghuai power station,Chongqing,30.1611074,106.5480599,1,CQ_pilot,2013.0,OMSO2e,4,,0
2026-07-14,L100000100272,Luohuang power station,Chongqing,29.347364,106.433182,1,CQ_pilot,2013.0,OMSO2e,4,,0
2026-07-14,L100000100276,Chongqing Wanzhou power station,Chongqing,30.677938,108.398976,1,CQ_pilot,2013.0,OMSO2e,4,,0
2026-07-14,L100000100283,Ningde power station,Fujian,26.7574469,119.7353942,1,FJ_pilot,2016.0,OMSO2e,4,0.1599999964237213,2
2026-07-14,L100000100285,Fujian Hongshan power station,Fujian,24.7272766,118.7496944,1,FJ_pilot,2016.0,OMSO2e,4,-0.1899999976158142,4
2026-07-14,L100000100287,Fuzhou Kemen power station,Fujian,26.3734254,119.7622418,1,FJ_pilot,2016.0,OMSO2e,4,0.0333333313465118,6
2026-07-14,L100000100288,Fuzhou Jiangyin power station,Fujian,25.438464,119.3396226,1,FJ_pilot,2016.0,OMSO2e,4,-0.1400000005960464,5
2026-07-14,L100000100291,Houshi power station,Fujian,24.3030594,118.1259157,1,FJ_pilot,2016.0,OMSO2e,4,,0
2026-07-14,L100000100293,Huaneng Fuzhou power station,Fujian,25.99083,119.4816,1,FJ_pilot,2016.0,OMSO2e,4,-0.1199999973177909,2
2026-07-14,L100000100298,Luoyuan Bay power station,Fujian,26.385334,119.789459,1,FJ_pilot,2016.0,OMSO2e,4,0.042857140302658,7
2026-07-14,L100000100299,Meizhouwan power station,Fujian,25.1608278,119.0333354,1,FJ_pilot,2016.0,OMSO2e,4,-0.2025000005960464,4
2026-07-14,L100000100300,Nanpu Quanzhou power station,Fujian,25.2044,118.94385,1,FJ_pilot,2016.0,OMSO2e,4,-0.1899999976158142,2
2026-07-14,L100000100303,Xiamen Songyu power station,Fujian,24.4460582,118.0267975,1,FJ_pilot,2016.0,OMSO2e,4,,0
2026-07-14,L100000100318,Guazhou Changle power station,Gansu,40.6599,96.513,0,,,OMSO2e,4,0.0874999910593032,8
2026-07-14,L100000100320,Zhangye power station,Gansu,39.071222,100.462929,0,,,OMSO2e,4,,0
2026-07-14,L100000100326,Pingliang power station,Gansu,35.5017,106.7861,0,,,OMSO2e,4,,0
2026-07-14,L100000100328,Gansu Zhengning power station,Gansu,35.268403,107.975564,0,,,OMSO2e,4,,0
2026-07-14,L100000100339,Lingtai power station,Gansu,35.0858218,107.7152829,0,,,OMSO2e,4,,0
2026-07-14,L100000100347,Chaozhou Sanbaimen power station,Guangdong,23.56645,117.0972,1,GD_pilot,2013.0,OMSO2e,4,,0
2026-07-14,L100000100354,Leizhou power station,Guangdong,20.51161,109.82803,1,GD_pilot,2013.0,OMSO2e,4,,0
2026-07-14,L100000100358,Guangdong Huilai power station,Guangdong,23.0047771,116.5472388,1,GD_pilot,2013.0,OMSO2e,4,,0
2026-07-14,L100000100359,Guangdong Huizhou Pinghai power station,Guangdong,22.6064638,114.741919,1,GD_pilot,2013.0,OMSO2e,4,,0
2026-07-14,L100000100361,Guangdong Shaoguan power station,Guangdong,24.682,113.605,1,GD_pilot,2013.0,OMSO2e,4,,0
2026-07-14,L100000100372,Taishan power station,Guangdong,21.8667,112.9228,1,GD_pilot,2013.0,OMSO2e,4,,0
2026-07-14,L100000100377,Heyuan power station,Guangdong,23.567222,114.640278,1,GD_pilot,2013.0,OMSO2e,4,,0
2026-07-14,L100000100381,Haimen power station,Guangdong,23.1899,116.6548,1,GD_pilot,2013.0,OMSO2e,4,,0
2026-07-14,L100000100390,Lufeng Jiahuwan power station,Guangdong,22.832499,115.985482,1,GD_pilot,2013.0,OMSO2e,4,,0
2026-07-14,L100000100392,Maoming Bohe power station,Guangdong,21.441033,111.289628,1,GD_pilot,2013.0,OMSO2e,4,,0
2026-07-14,L100000100402,Shenhua Qingyuan power station,Guangdong,24.417008,113.540884,1,GD_pilot,2013.0,OMSO2e,4,,0
2026-07-14,L100000100407,Shanwei Haifeng CCS power station,Guangdong,22.7545453,115.0419938,1,GD_pilot,2013.0,OMSO2e,4,,0
2026-07-14,L100000100408,Shanwei Honghaiwan power station,Guangdong,22.70695,115.55529,1,GD_pilot,2013.0,OMSO2e,4,,0
2026-07-14,L100000100417,Yangxi Zhujiang power station,Guangdong,21.54264,111.67033,1,GD_pilot,2013.0,OMSO2e,4,,0
2026-07-14,L100000100418,Dabu power station,Guangdong,24.4057171,116.5877945,1,GD_pilot,2013.0,OMSO2e,4,,0
2026-07-14,L100000100430,Beihai Bebuwan power station,Guangxi,21.5821851,109.5816259,0,,,OMSO2e,4,,0
2026-07-14,L100000100436,Fangchenggang Qisha power station,Guangxi,21.5914,108.3946,0,,,OMSO2e,4,,0
2026-07-14,L100000100437,Beihai power station,Guangxi,21.535871,109.590176,0,,,OMSO2e,4,,0
2026-07-14,L100000100444,Hezhou power station,Guangxi,24.73609,111.34667,0,,,OMSO2e,4,,0
2026-07-14,L100000100452,Qinzhou power station,Guangxi,21.7004655,108.6243063,0,,,OMSO2e,4,,0
2026-07-14,L100000100477,Guizhou Fa'er power station,Guizhou,26.3259319,104.7705622,0,,,OMSO2e,4,,0
2026-07-14,L100000100498,Panxian-2 power station,Guizhou,25.4686039,104.5924059,0,,,OMSO2e,4,,0
2026-07-14,L100000100502,Qianxi power station,Guizhou,27.0516899,106.1252456,0,,,OMSO2e,4,,0
2026-07-14,L100000100542,China Resources Caofeidian power station,Hebei,38.9960653,118.4875488,0,,,OMSO2e,4,0.1733333319425583,6
2026-07-14,L100000100551,Dingzhou power station,Hebei,38.5122064,114.8433969,0,,,OMSO2e,4,,0
2026-07-14,L100000100568,Shang'an power station,Hebei,38.05729,114.19627,0,,,OMSO2e,4,,0
2026-07-14,L100000100569,Hebei Cangdong power station,Hebei,38.31,117.8786111,0,,,OMSO2e,4,-0.03999999538064,3
2026-07-14,L100000100591,Xibaipo power station,Hebei,38.245068,114.2149428,0,,,OMSO2e,4,,0
2026-07-14,L100000100598,Zhangjiakou power station,Hebei,40.6595781,114.9438143,0,,,OMSO2e,4,-0.010000005364418,2
2026-07-14,L100000100610,Qitaihe power station,Heilongjiang,45.7604176,131.0533476,0,,,OMSO2e,4,,0
2026-07-14,L100000100647,Datang Sanmenxia power station,Henan,34.6855176,111.0274363,0,,,OMSO2e,4,,0
2026-07-14,L100000100648,Xinyang power station,Henan,32.109018,114.140877,0,,,OMSO2e,4,,0
2026-07-14,L100000100650,Dengfeng-2 power station,Henan,34.39274,113.19878,0,,,OMSO2e,4,,0
2026-07-14,L100000100657,Hebi power station,Henan,35.851366,114.1798126,0,,,OMSO2e,4,-0.1299999952316284,5
2026-07-14,L100000100664,Henan Xin'an power station,Henan,34.7413202,112.0634119,0,,,OMSO2e,4,,0
2026-07-14,L100000100665,Henan Xinmi power station,Henan,34.50003,113.59801,0,,,OMSO2e,4,-0.050000000745058,2
2026-07-14,L100000100677,Qinbei power station,Henan,35.1676,112.71654,0,,,OMSO2e,4,,0
2026-07-14,L100000100680,Jiaozuo Danhe power station,Henan,35.188487,112.887561,0,,,OMSO2e,4,-0.0299999993294477,1
2026-07-14,L100000100696,Nanyang Yahekou power station,Henan,33.3086427,112.644474,0,,,OMSO2e,4,,0
2026-07-14,L100000100697,Pingdingshan Luyang power station,Henan,33.82189,113.01438,0,,,OMSO2e,4,,0
2026-07-14,L100000100707,Nanyang Neixiang power station,Henan,33.086416,111.90004,0,,,OMSO2e,4,-0.1499999910593032,4
2026-07-14,L100000100716,Xuchang Yulong power station,Henan,34.1751132,113.3581446,0,,,OMSO2e,4,,0
2026-07-14,L100000100717,Yaomeng power station,Henan,33.7379928,113.2418822,0,,,OMSO2e,4,,0
2026-07-14,L100000100730,Dabieshan power station,Hubei,31.1420662,114.8921871,1,HB_pilot,2014.0,OMSO2e,4,,0
2026-07-14,L100000100737,Hanchuan power station,Hubei,30.6566087,113.9172741,1,HB_pilot,2014.0,OMSO2e,4,0.1539999991655349,5
2026-07-14,L100000100740,Huadian Xisaishan power station,Hubei,30.203056,115.180278,1,HB_pilot,2014.0,OMSO2e,4,,0
2026-07-14,L100000100742,Yangluo power station,Hubei,30.6938889,114.5430556,1,HB_pilot,2014.0,OMSO2e,4,,0
2026-07-14,L100000100745,Hubei Ezhou power station,Hubei,30.5517656,114.6420121,1,HB_pilot,2014.0,OMSO2e,4,,0
2026-07-14,L100000100751,Puqi Xianning power station,Hubei,29.66523,113.87296,1,HB_pilot,2014.0,OMSO2e,4,-0.0928571373224258,7
2026-07-14,L100000100760,Huadian Xiangyang power station,Hubei,31.9118256,112.16692,1,HB_pilot,2014.0,OMSO2e,4,0.0399999916553497,6
2026-07-14,L100000100771,Pingjiang power station,Hunan,28.808542,113.54144,0,,,OMSO2e,4,0.3949999809265136,2
2026-07-14,L100000100773,Huaneng Yueyang power station,Hunan,29.4497908,113.1623018,0,,,OMSO2e,4,0.0283333286643028,6
2026-07-14,L100000100779,Jinzhushan power station,Hunan,27.6252776,111.4823651,0,,,OMSO2e,4,-0.1050000041723251,2
2026-07-14,L100000100782,Liyujiang power station,Hunan,25.940443,113.192476,0,,,OMSO2e,4,,0
2026-07-14,L100000100785,Shenhua Yongzhou power station,Hunan,26.56672,111.492692,0,,,OMSO2e,4,,0
2026-07-14,L100000100786,Guoneng Yueyang power station,Hunan,29.6129835,112.754572,0,,,OMSO2e,4,-0.0600000023841857,6
2026-07-14,L100000100788,Xiangtan power station,Hunan,27.8282792,112.9968045,0,,,OMSO2e,4,0.0500000044703483,4
2026-07-14,L100000100789,Yiyang power station,Hunan,28.5966667,112.2686111,0,,,OMSO2e,4,0.057142861187458,7
2026-07-14,L100000100795,Baotou Aluminum power station,Inner Mongolia,40.557202,110.148382,1,IM_voluntary,2015.0,OMSO2e,4,0.2200000137090683,6
2026-07-14,L100000100811,Chifeng Yuanbaoshan power station,Inner Mongolia,42.303333,119.324167,1,IM_voluntary,2015.0,OMSO2e,4,-0.0239999983459711,5
2026-07-14,L100000100813,Chuangyuan Smelter power station,Inner Mongolia,45.437275,119.427496,1,IM_voluntary,2015.0,OMSO2e,4,0.0999999940395355,6
2026-07-14,L100000100822,Daihai power station,Inner Mongolia,40.519675,112.667725,1,IM_voluntary,2015.0,OMSO2e,4,,0
2026-07-14,L100000100823,Dalate power station,Inner Mongolia,40.36695,109.99604,1,IM_voluntary,2015.0,OMSO2e,4,0.2200000137090683,6
2026-07-14,L100000100830,Togtoh power station,Inner Mongolia,40.1952329,111.358881,1,IM_voluntary,2015.0,OMSO2e,4,,0
2026-07-14,L100000100845,Guoneng Shanghaimiao power station,Inner Mongolia,38.309587,106.679378,1,IM_voluntary,2015.0,OMSO2e,4,,0
2026-07-14,L100000100847,Jiangsu Energy Group Wulagai power station,Inner Mongolia,45.955947,119.106454,1,IM_voluntary,2015.0,OMSO2e,4,0.2339999675750732,5
2026-07-14,L100000100861,Hohhot Jinshan cogen power station,Inner Mongolia,40.7072133,111.4600879,1,IM_voluntary,2015.0,OMSO2e,4,0.1199999973177909,2
2026-07-14,L100000100863,Hongjun Aluminum power station,Inner Mongolia,45.5128784,119.6504373,1,IM_voluntary,2015.0,OMSO2e,4,0.0633333325386047,3
2026-07-14,L100000100887,Shangdu power station,Inner Mongolia,42.22369,116.029256,1,IM_voluntary,2015.0,OMSO2e,4,-0.0700000002980232,2
2026-07-14,L100000100888,Inner Mongolia Changcheng power station,Inner Mongolia,38.249688,106.657876,1,IM_voluntary,2015.0,OMSO2e,4,,0
2026-07-14,L100000100894,Yimin power station,Inner Mongolia,48.549722,119.773889,1,IM_voluntary,2015.0,OMSO2e,4,,0
2026-07-14,L100000100899,Huolinhe Zhanute power station,Inner Mongolia,45.409847,119.596739,1,IM_voluntary,2015.0,OMSO2e,4,0.1124999970197677,4
2026-07-14,L100000100910,Jining power station,Inner Mongolia,41.053294,113.153289,1,IM_voluntary,2015.0,OMSO2e,4,,0
2026-07-14,L100000100913,Junggar Suancigou power station,Inner Mongolia,39.711744,111.200548,1,IM_voluntary,2015.0,OMSO2e,4,,0
2026-07-14,L100000100933,Mengtai Beijiao power station,Inner Mongolia,39.846004,109.984888,1,IM_voluntary,2015.0,OMSO2e,4,,0
2026-07-14,L100000100937,Ordos Power Qipanjing power station,Inner Mongolia,39.385235,106.965664,1,IM_voluntary,2015.0,OMSO2e,4,,0
2026-07-14,L100000100948,Inner Mongolia Shenglu power station,Inner Mongolia,38.373756,106.782583,1,IM_voluntary,2015.0,OMSO2e,4,,0
2026-07-14,L100000100954,Tongliao power station,Inner Mongolia,43.6713737,122.1535206,1,IM_voluntary,2015.0,OMSO2e,4,,0
2026-07-14,L100000100969,Changshu-1 power station,Jiangsu,31.753204,120.9634852,0,,,OMSO2e,4,,0
2026-07-14,L100000100970,Changshu-2 power station,Jiangsu,31.757764,120.97813,0,,,OMSO2e,4,,0
2026-07-14,L100000100973,Yancheng Binhai power station,Jiangsu,34.307421,120.246943,0,,,OMSO2e,4,,0
2026-07-14,L100000100974,Changzhou power station,Jiangsu,31.9583333,119.9925,0,,,OMSO2e,4,,0
2026-07-14,L100000100982,Taizhou power station,Jiangsu,32.187206,119.914444,0,,,OMSO2e,4,,0
2026-07-14,L100000100984,Guohua Xuzhou power station,Jiangsu,34.395144,117.259705,0,,,OMSO2e,4,0.0900000035762786,2
2026-07-14,L100000100988,Jurong power station,Jiangsu,32.19575,119.2497,0,,,OMSO2e,4,,0
2026-07-14,L100000100993,Jinling power station,Jiangsu,32.17178,119.01977,0,,,OMSO2e,4,,0
2026-07-14,L100000100997,Huaneng Taicang power station,Jiangsu,31.656908,121.17932,0,,,OMSO2e,4,,0
2026-07-14,L100000100998,Jianbi power station,Jiangsu,32.17693,119.57554,0,,,OMSO2e,4,,0
2026-07-14,L100000101000,Guoxin Jingjiang power station,Jiangsu,32.030487,120.383144,0,,,OMSO2e,4,,0
2026-07-14,L100000101005,Jiangsu Nantong power station,Jiangsu,32.03214,120.76956,0,,,OMSO2e,4,,0
2026-07-14,L100000101008,Jiangsu Sheyanggang power station,Jiangsu,33.8185009,120.4633498,0,,,OMSO2e,4,,0
2026-07-14,L100000101018,Ligang power station,Jiangsu,31.940813,120.0766476,0,,,OMSO2e,4,,0
2026-07-14,L100000101020,Lusigang power station,Jiangsu,32.05858,121.72669,0,,,OMSO2e,4,-0.0399999991059303,5
2026-07-14,L100000101039,Xinhai power station,Jiangsu,34.57789,119.12671,0,,,OMSO2e,4,0.3675000071525574,4
2026-07-14,L100000101044,Xuzhou Pengcheng power station,Jiangsu,34.3779,117.17591,0,,,OMSO2e,4,0.0966666713356971,3
2026-07-14,L100000101047,Guoxin Yangzhou power station,Jiangsu,32.267778,119.419444,0,,,OMSO2e,4,,0
2026-07-14,L100000101053,Zhangjiagang Shazhou power station,Jiangsu,31.989733,120.6879258,0,,,OMSO2e,4,,0
2026-07-14,L100000101057,Fuzhou power station,Jiangxi,27.7844943,116.5644289,0,,,OMSO2e,4,,0
2026-07-14,L100000101058,Datang Xinyu power station,Jiangxi,27.679755,114.956506,0,,,OMSO2e,4,,0
2026-07-14,L100000101060,Fengcheng power station,Jiangxi,28.1943602,115.7088424,0,,,OMSO2e,4,,0
2026-07-14,L100000101063,Guixi power station,Jiangxi,28.28914,117.2235,0,,,OMSO2e,4,0.0099999997764825,2
2026-07-14,L100000101068,Jinggangshan power station,Jiangxi,27.0474697,115.0203859,0,,,OMSO2e,4,,0
2026-07-14,L100000101069,Ruijin power station,Jiangxi,25.9244055,115.1028219,0,,,OMSO2e,4,,0
2026-07-14,L100000101074,Shenhua Jiujiang power station,Jiangxi,29.826619,116.375973,0,,,OMSO2e,4,0.1000000014901161,7
2026-07-14,L100000101114,Shuangliao power station,Jilin,43.5282178,123.4633255,0,,,OMSO2e,4,,0
2026-07-14,L100000101160,Yingkou power station,Liaoning,40.303837,122.105968,0,,,OMSO2e,4,,0
2026-07-14,L100000101178,Suizhong power station,Liaoning,40.07962,120.00959,0,,,OMSO2e,4,-0.0314285680651664,7
2026-07-14,L100000101181,Tieling power station,Liaoning,42.3450141,123.8030455,0,,,OMSO2e,4,,0
2026-07-14,L100000101187,Daba power station,Ningxia,37.9916691,105.9247833,0,,,OMSO2e,4,,0
2026-07-14,L100000101190,Ningdong Fangjiazhuang power station,Ningxia,37.837649,106.666501,0,,,OMSO2e,4,,0
2026-07-14,L100000101191,Shizuishan power station,Ningxia,39.2848224,106.7890371,0,,,OMSO2e,4,,0
2026-07-14,L100000101192,Ningdong power station,Ningxia,37.844757,106.786777,0,,,OMSO2e,4,,0
2026-07-14,L100000101203,Ningxia Lingwu power station,Ningxia,38.148333,106.345833,0,,,OMSO2e,4,,0
2026-07-14,L100000101219,Yuanyang Lake power station,Ningxia,38.0575,106.691389,0,,,OMSO2e,4,,0
2026-07-14,L100000101244,Fugu Qingshuichuan power station,Shaanxi,39.2048853,111.1190328,0,,,OMSO2e,4,,0
2026-07-14,L100000101246,Guodian Baoji-2 power station,Shaanxi,34.4980333,107.2181511,0,,,OMSO2e,4,,0
2026-07-14,L100000101252,Hancheng power station,Shaanxi,35.6007189,110.5557051,0,,,OMSO2e,4,,0
2026-07-14,L100000101265,Leilongwan power station,Shaanxi,37.925376,109.101678,0,,,OMSO2e,4,,0
2026-07-14,L100000101269,Pucheng power station,Shaanxi,34.9779314,109.7999759,0,,,OMSO2e,4,,0
2026-07-14,L100000101277,Fugu Miaogoumen power station,Shaanxi,39.208319,110.784956,0,,,OMSO2e,4,,0
2026-07-14,L100000101278,Jinjie power station,Shaanxi,38.7368389,110.1661297,0,,,OMSO2e,4,,0
2026-07-14,L100000101297,Yulin Hengshan power station,Shaanxi,38.03372,109.415067,0,,,OMSO2e,4,,0
2026-07-14,L100000101307,Binzhou Boxing power station,Shandong,37.27629,118.330855,0,,,OMSO2e,4,,0
2026-07-14,L100000101316,Datang Dongying power station,Shandong,38.113151,118.910229,0,,,OMSO2e,4,-0.0442857146263122,7
2026-07-14,L100000101332,Guohua Shouguang power station,Shandong,37.269686,118.906738,0,,,OMSO2e,4,,0
2026-07-14,L100000101339,Huadian Laizhou power station,Shandong,37.432222,120.018056,0,,,OMSO2e,4,,0
2026-07-14,L100000101341,Shiliquan power station,Shandong,34.814444,117.573056,0,,,OMSO2e,4,,0
2026-07-14,L100000101342,Huadian Weifang power station,Shandong,36.6656392,119.2632115,0,,,OMSO2e,4,,0
2026-07-14,L100000101344,Huaneng Dezhou power station,Shandong,37.449349,116.2415516,0,,,OMSO2e,4,0.0399999991059303,3
2026-07-14,L100000101348,Huaneng Laiwu power station,Shandong,36.1342702,117.6849675,0,,,OMSO2e,4,0.3000000119209289,5
2026-07-14,L100000101383,Rizhao power station,Shandong,35.3454727,119.5104761,0,,,OMSO2e,4,0.1299999952316284,2
2026-07-14,L100000101399,Shiheng-2 power station,Shandong,36.2123187,116.5136301,0,,,OMSO2e,4,0.0200000014156103,3
2026-07-14,L100000101409,Weihai power station,Shandong,37.44899,122.20724,0,,,OMSO2e,4,,0
2026-07-14,L100000101415,Weiqiao Huji power station,Shandong,37.347901,117.781587,0,,,OMSO2e,4,0.1225000098347663,4
2026-07-14,L100000101420,Weiqiao Zouping-1 power station,Shandong,36.9106725,117.7853572,0,,,OMSO2e,4,0.4000000059604645,1
2026-07-14,L100000101425,Weiqiao Zouping-7 power station,Shandong,36.896297,117.860459,0,,,OMSO2e,4,0.4000000059604645,1
2026-07-14,L100000101429,Shandong Xinfa Xinyuan power station,Shandong,36.615766,116.225215,0,,,OMSO2e,4,0.0866666659712791,3
2026-07-14,L100000101442,Zouxian power station,Shandong,35.3255698,116.9260912,0,,,OMSO2e,4,0.1199999973177909,1
2026-07-14,L100000101444,Shanghai Caojing power station,Shanghai,30.76073,121.4008,1,SH_pilot,2013.0,OMSO2e,4,-0.0625,4
2026-07-14,L100000101447,Shanghai Shidongkou power station,Shanghai,31.4650719,121.4048433,1,SH_pilot,2013.0,OMSO2e,4,0.1500000059604644,2
2026-07-14,L100000101448,Waigaoqiao power station,Shanghai,31.3536333,121.6002746,1,SH_pilot,2013.0,OMSO2e,4,0.1500000059604644,3
2026-07-14,L100000101515,Shanxi Zhaoguang power station,Shanxi,36.5537987,111.6917736,0,,,OMSO2e,4,,0
2026-07-14,L100000101518,Shenhua Hequ power station,Shanxi,39.3830746,111.1843014,0,,,OMSO2e,4,,0
2026-07-14,L100000101519,Shentou power station,Shanxi,39.550981,112.488736,0,,,OMSO2e,4,,0
2026-07-14,L100000101529,Tongmei Tashan power station,Shanxi,39.9249917,113.0839199,0,,,OMSO2e,4,,0
2026-07-14,L100000101542,Xishan Gujiao power station,Shanxi,37.8952266,112.0930982,0,,,OMSO2e,4,,0
2026-07-14,L100000101543,Yangcheng power station,Shanxi,35.466123,112.5742039,0,,,OMSO2e,4,,0
2026-07-14,L100000101551,Yuguang Coal power station,Shanxi,38.078135,113.482791,0,,,OMSO2e,4,,0
2026-07-14,L100000101554,Zhangshan power station,Shanxi,36.326115,113.081402,0,,,OMSO2e,4,,0
2026-07-14,L100000101555,Changzhi power station,Shanxi,36.3226498,113.0816012,0,,,OMSO2e,4,,0
2026-07-14,L100000101567,Guang'an power station,Sichuan,30.5288201,106.8264802,0,,,OMSO2e,4,,0
2026-07-14,L100000101580,Tianming power station,Sichuan,31.869616,104.910148,0,,,OMSO2e,4,,0
2026-07-14,L100000101588,Panshan power station,Tianjin,39.9801382,117.4630704,1,TJ_pilot,2013.0,OMSO2e,4,,0
2026-07-14,L100000101589,Tianjin Beijiang power station,Tianjin,39.2193209,117.9298639,1,TJ_pilot,2013.0,OMSO2e,4,0.181999996304512,5
2026-07-14,L100000101617,East Hope Metals Wucaiwan power station,Xinjiang,44.6829461,89.1158667,0,,,OMSO2e,4,,0
2026-07-14,L100000101668,Xinjiang Qiya Smelter power station,Xinjiang,44.8955881,89.049629,0,,,OMSO2e,4,,0
2026-07-14,L100000101675,Shenhua Guoneng Hami power station,Xinjiang,42.411226,93.009166,0,,,OMSO2e,4,0.1062499955296516,8
2026-07-14,L100000101677,Shenhua Zhundong Wucaiwan power station,Xinjiang,44.795533,89.149825,0,,,OMSO2e,4,,0
2026-07-14,L100000101681,Tianchi Changji cogen power station,Xinjiang,44.004362,87.171961,0,,,OMSO2e,4,,0
2026-07-14,L100000101682,Tianchi Energy Zhundong Wucaiwan power station,Xinjiang,44.8524482,89.1959171,0,,,OMSO2e,4,,0
2026-07-14,L100000101696,Wucaiwan Bei'er power station,Xinjiang,44.8388927,89.1908616,0,,,OMSO2e,4,,0
2026-07-14,L100000101697,Wujiaqu power station,Xinjiang,44.26892,87.687877,0,,,OMSO2e,4,,0
2026-07-14,L100000101709,XPCC Shihezi Cogen power station,Xinjiang,44.428094,86.093609,0,,,OMSO2e,4,,0
2026-07-14,L100000101716,Diandong power station,Yunnan,25.19943,104.6819,0,,,OMSO2e,4,,0
2026-07-14,L100000101730,Wushashan power station,Zhejiang,29.505411,121.662934,0,,,OMSO2e,4,0.0416666604578495,6
2026-07-14,L100000101731,Beilun power station,Zhejiang,29.9427256,121.8131207,0,,,OMSO2e,4,0.1179999932646751,5
2026-07-14,L100000101732,Guohua Zhoushan power station,Zhejiang,30.103996,122.184817,0,,,OMSO2e,4,0.0016666650772094,6
2026-07-14,L100000101736,Yuhuan power station,Zhejiang,28.1151529,121.1391369,0,,,OMSO2e,4,-0.0999999940395355,4
2026-07-14,L100000101737,China Resources Wenzhou power station,Zhejiang,27.4974228,120.6631851,0,,,OMSO2e,4,0.2479999810457229,5
2026-07-14,L100000101739,Jiaxing power station,Zhejiang,30.62804,121.14422,0,,,OMSO2e,4,-0.1324999928474426,4
2026-07-14,L100000101742,Lanxi power station,Zhejiang,29.1866175,119.5068449,0,,,OMSO2e,4,,0
2026-07-14,L100000101747,Ninghai power station,Zhejiang,29.4817622,121.5114792,0,,,OMSO2e,4,0.0600000023841857,4
2026-07-14,L100000101750,Zhejiang Taizhou-2 power station,Zhejiang,29.012395,121.695507,0,,,OMSO2e,4,-0.0233333315700292,6
2026-07-14,L100000101761,Zheneng Liuheng power station,Zhejiang,29.7593387,122.1266091,0,,,OMSO2e,4,0.0116666629910469,6
2026-07-14,L100000101762,Zheneng Wenzhou power station,Zhejiang,27.9957103,120.8358582,0,,,OMSO2e,4,-0.0540000088512897,5
2026-07-14,L100000101763,Zheneng Yueqing power station,Zhejiang,28.1704074,121.0889375,0,,,OMSO2e,4,-0.0999999940395355,4
2026-07-14,L100000104506,Fu County power station,Shaanxi,35.858656,109.2167,0,,,OMSO2e,4,,0
2026-07-14,L100000104758,Hubei Yicheng power station,Hubei,31.781843,112.129461,1,HB_pilot,2014.0,OMSO2e,4,0.0600000023841857,6
2026-07-14,L100000104917,Shanggao power station,Jiangxi,28.185566,114.825697,0,,,OMSO2e,4,,0
2026-07-14,L100000104944,Hami-Chongqing UHV Transmission Line power station,Xinjiang,44.53792,92.926001,0,,,OMSO2e,4,0.1499999910593032,3
2026-07-14,L100000104970,Jiangsu Guoxin Shazhou power station,Jiangsu,31.985654,120.684419,0,,,OMSO2e,4,,0
2026-07-14,L100000105025,Datong-2 power station,Shanxi,40.0279118,113.2933181,0,,,OMSO2e,4,,0
2026-07-13,L100000100200,Anhui Bengbu power station,Anhui,32.78444,117.11472,0,,,OMSO2e,4,,0
2026-07-13,L100000100201,Anhui Huainan Panji power station,Anhui,32.76917,116.759595,0,,,OMSO2e,4,,0
2026-07-13,L100000100205,Chizhou Jiuhua power station,Anhui,30.7531097,117.5906618,0,,,OMSO2e,4,,0
2026-07-13,L100000100206,Pingwei power station,Anhui,32.68417,116.901389,0,,,OMSO2e,4,,0
2026-07-13,L100000100211,Fuyang power station,Anhui,33.00444,115.845278,0,,,OMSO2e,4,,0
2026-07-13,L100000100218,Wuhu power station,Anhui,31.2372348,118.1497184,0,,,OMSO2e,4,,0
2026-07-13,L100000100222,Huaibei Pingshan power station,Anhui,33.83392,116.831102,0,,,OMSO2e,4,,0
2026-07-13,L100000100223,Huainan Fengtai power station,Anhui,32.758,116.65,0,,,OMSO2e,4,,0
2026-07-13,L100000100225,Huainan Luohe power station,Anhui,32.68455,117.07511,0,,,OMSO2e,4,,0
2026-07-13,L100000100226,Huainan Tianji power station,Anhui,32.7465,116.8127,0,,,OMSO2e,4,,0
2026-07-13,L100000100233,Lixin Banji power station,Anhui,32.897245,116.242561,0,,,OMSO2e,4,,0
2026-07-13,L100000100237,Anqing power station,Anhui,30.541,117.1717,0,,,OMSO2e,4,,0
2026-07-13,L100000100240,Suzhou Qianyingzi power station,Anhui,33.5107954,116.9261351,0,,,OMSO2e,4,,0
2026-07-13,L100000100242,Tongling Wanneng power station,Anhui,30.88181,117.76439,0,,,OMSO2e,4,,0
2026-07-13,L100000100245,Ma'anshan power station,Anhui,31.750737,118.4796925,0,,,OMSO2e,4,,0
2026-07-13,L100000100269,Chongqing Shuanghuai power station,Chongqing,30.1611074,106.5480599,1,CQ_pilot,2013.0,OMSO2e,4,0.2266666442155838,6
2026-07-13,L100000100272,Luohuang power station,Chongqing,29.347364,106.433182,1,CQ_pilot,2013.0,OMSO2e,4,0.0850000008940696,6
2026-07-13,L100000100276,Chongqing Wanzhou power station,Chongqing,30.677938,108.398976,1,CQ_pilot,2013.0,OMSO2e,4,0.3642857074737549,7
2026-07-13,L100000100283,Ningde power station,Fujian,26.7574469,119.7353942,1,FJ_pilot,2016.0,OMSO2e,4,,0
2026-07-13,L100000100285,Fujian Hongshan power station,Fujian,24.7272766,118.7496944,1,FJ_pilot,2016.0,OMSO2e,4,,0
2026-07-13,L100000100287,Fuzhou Kemen power station,Fujian,26.3734254,119.7622418,1,FJ_pilot,2016.0,OMSO2e,4,,0
2026-07-13,L100000100288,Fuzhou Jiangyin power station,Fujian,25.438464,119.3396226,1,FJ_pilot,2016.0,OMSO2e,4,,0
2026-07-13,L100000100291,Houshi power station,Fujian,24.3030594,118.1259157,1,FJ_pilot,2016.0,OMSO2e,4,,0
2026-07-13,L100000100293,Huaneng Fuzhou power station,Fujian,25.99083,119.4816,1,FJ_pilot,2016.0,OMSO2e,4,,0
2026-07-13,L100000100298,Luoyuan Bay power station,Fujian,26.385334,119.789459,1,FJ_pilot,2016.0,OMSO2e,4,,0
2026-07-13,L100000100299,Meizhouwan power station,Fujian,25.1608278,119.0333354,1,FJ_pilot,2016.0,OMSO2e,4,,0
2026-07-13,L100000100300,Nanpu Quanzhou power station,Fujian,25.2044,118.94385,1,FJ_pilot,2016.0,OMSO2e,4,,0
2026-07-13,L100000100303,Xiamen Songyu power station,Fujian,24.4460582,118.0267975,1,FJ_pilot,2016.0,OMSO2e,4,,0
2026-07-13,L100000100318,Guazhou Changle power station,Gansu,40.6599,96.513,0,,,OMSO2e,4,,0
2026-07-13,L100000100320,Zhangye power station,Gansu,39.071222,100.462929,0,,,OMSO2e,4,,0
2026-07-13,L100000100326,Pingliang power station,Gansu,35.5017,106.7861,0,,,OMSO2e,4,-0.0733333304524421,3
2026-07-13,L100000100328,Gansu Zhengning power station,Gansu,35.268403,107.975564,0,,,OMSO2e,4,0.123999997973442,5
2026-07-13,L100000100339,Lingtai power station,Gansu,35.0858218,107.7152829,0,,,OMSO2e,4,-0.0066666700877249,6
2026-07-13,L100000100347,Chaozhou Sanbaimen power station,Guangdong,23.56645,117.0972,1,GD_pilot,2013.0,OMSO2e,4,,0
2026-07-13,L100000100354,Leizhou power station,Guangdong,20.51161,109.82803,1,GD_pilot,2013.0,OMSO2e,4,,0
2026-07-13,L100000100358,Guangdong Huilai power station,Guangdong,23.0047771,116.5472388,1,GD_pilot,2013.0,OMSO2e,4,,0
2026-07-13,L100000100359,Guangdong Huizhou Pinghai power station,Guangdong,22.6064638,114.741919,1,GD_pilot,2013.0,OMSO2e,4,,0
2026-07-13,L100000100361,Guangdong Shaoguan power station,Guangdong,24.682,113.605,1,GD_pilot,2013.0,OMSO2e,4,,0
2026-07-13,L100000100372,Taishan power station,Guangdong,21.8667,112.9228,1,GD_pilot,2013.0,OMSO2e,4,,0
2026-07-13,L100000100377,Heyuan power station,Guangdong,23.567222,114.640278,1,GD_pilot,2013.0,OMSO2e,4,,0
2026-07-13,L100000100381,Haimen power station,Guangdong,23.1899,116.6548,1,GD_pilot,2013.0,OMSO2e,4,,0
2026-07-13,L100000100390,Lufeng Jiahuwan power station,Guangdong,22.832499,115.985482,1,GD_pilot,2013.0,OMSO2e,4,,0
2026-07-13,L100000100392,Maoming Bohe power station,Guangdong,21.441033,111.289628,1,GD_pilot,2013.0,OMSO2e,4,0.0366666689515113,3
2026-07-13,L100000100402,Shenhua Qingyuan power station,Guangdong,24.417008,113.540884,1,GD_pilot,2013.0,OMSO2e,4,,0
2026-07-13,L100000100407,Shanwei Haifeng CCS power station,Guangdong,22.7545453,115.0419938,1,GD_pilot,2013.0,OMSO2e,4,,0
2026-07-13,L100000100408,Shanwei Honghaiwan power station,Guangdong,22.70695,115.55529,1,GD_pilot,2013.0,OMSO2e,4,,0
2026-07-13,L100000100417,Yangxi Zhujiang power station,Guangdong,21.54264,111.67033,1,GD_pilot,2013.0,OMSO2e,4,-0.0174999982118606,4
2026-07-13,L100000100418,Dabu power station,Guangdong,24.4057171,116.5877945,1,GD_pilot,2013.0,OMSO2e,4,,0
2026-07-13,L100000100430,Beihai Bebuwan power station,Guangxi,21.5821851,109.5816259,0,,,OMSO2e,4,0.1000000014901161,5
2026-07-13,L100000100436,Fangchenggang Qisha power station,Guangxi,21.5914,108.3946,0,,,OMSO2e,4,-0.0833333358168602,6
2026-07-13,L100000100437,Beihai power station,Guangxi,21.535871,109.590176,0,,,OMSO2e,4,0.1000000014901161,6
2026-07-13,L100000100444,Hezhou power station,Guangxi,24.73609,111.34667,0,,,OMSO2e,4,0.4099999964237213,2
2026-07-13,L100000100452,Qinzhou power station,Guangxi,21.7004655,108.6243063,0,,,OMSO2e,4,-0.0599999986588954,6
2026-07-13,L100000100477,Guizhou Fa'er power station,Guizhou,26.3259319,104.7705622,0,,,OMSO2e,4,-0.2060000002384185,5
2026-07-13,L100000100498,Panxian-2 power station,Guizhou,25.4686039,104.5924059,0,,,OMSO2e,4,,0
2026-07-13,L100000100502,Qianxi power station,Guizhou,27.0516899,106.1252456,0,,,OMSO2e,4,-0.1200000122189521,6
2026-07-13,L100000100542,China Resources Caofeidian power station,Hebei,38.9960653,118.4875488,0,,,OMSO2e,4,,0
2026-07-13,L100000100551,Dingzhou power station,Hebei,38.5122064,114.8433969,0,,,OMSO2e,4,,0
2026-07-13,L100000100568,Shang'an power station,Hebei,38.05729,114.19627,0,,,OMSO2e,4,,0
2026-07-13,L100000100569,Hebei Cangdong power station,Hebei,38.31,117.8786111,0,,,OMSO2e,4,,0
2026-07-13,L100000100591,Xibaipo power station,Hebei,38.245068,114.2149428,0,,,OMSO2e,4,,0
2026-07-13,L100000100598,Zhangjiakou power station,Hebei,40.6595781,114.9438143,0,,,OMSO2e,4,,0
2026-07-13,L100000100610,Qitaihe power station,Heilongjiang,45.7604176,131.0533476,0,,,OMSO2e,4,,0
2026-07-13,L100000100647,Datang Sanmenxia power station,Henan,34.6855176,111.0274363,0,,,OMSO2e,4,,0
2026-07-13,L100000100648,Xinyang power station,Henan,32.109018,114.140877,0,,,OMSO2e,4,,0
2026-07-13,L100000100650,Dengfeng-2 power station,Henan,34.39274,113.19878,0,,,OMSO2e,4,,0
2026-07-13,L100000100657,Hebi power station,Henan,35.851366,114.1798126,0,,,OMSO2e,4,,0
2026-07-13,L100000100664,Henan Xin'an power station,Henan,34.7413202,112.0634119,0,,,OMSO2e,4,,0
2026-07-13,L100000100665,Henan Xinmi power station,Henan,34.50003,113.59801,0,,,OMSO2e,4,,0
2026-07-13,L100000100677,Qinbei power station,Henan,35.1676,112.71654,0,,,OMSO2e,4,,0
2026-07-13,L100000100680,Jiaozuo Danhe power station,Henan,35.188487,112.887561,0,,,OMSO2e,4,,0
2026-07-13,L100000100696,Nanyang Yahekou power station,Henan,33.3086427,112.644474,0,,,OMSO2e,4,,0
2026-07-13,L100000100697,Pingdingshan Luyang power station,Henan,33.82189,113.01438,0,,,OMSO2e,4,,0
2026-07-13,L100000100707,Nanyang Neixiang power station,Henan,33.086416,111.90004,0,,,OMSO2e,4,,0
2026-07-13,L100000100716,Xuchang Yulong power station,Henan,34.1751132,113.3581446,0,,,OMSO2e,4,,0
2026-07-13,L100000100717,Yaomeng power station,Henan,33.7379928,113.2418822,0,,,OMSO2e,4,,0
2026-07-13,L100000100730,Dabieshan power station,Hubei,31.1420662,114.8921871,1,HB_pilot,2014.0,OMSO2e,4,,0
2026-07-13,L100000100737,Hanchuan power station,Hubei,30.6566087,113.9172741,1,HB_pilot,2014.0,OMSO2e,4,,0
2026-07-13,L100000100740,Huadian Xisaishan power station,Hubei,30.203056,115.180278,1,HB_pilot,2014.0,OMSO2e,4,,0
2026-07-13,L100000100742,Yangluo power station,Hubei,30.6938889,114.5430556,1,HB_pilot,2014.0,OMSO2e,4,,0
2026-07-13,L100000100745,Hubei Ezhou power station,Hubei,30.5517656,114.6420121,1,HB_pilot,2014.0,OMSO2e,4,,0
2026-07-13,L100000100751,Puqi Xianning power station,Hubei,29.66523,113.87296,1,HB_pilot,2014.0,OMSO2e,4,,0
2026-07-13,L100000100760,Huadian Xiangyang power station,Hubei,31.9118256,112.16692,1,HB_pilot,2014.0,OMSO2e,4,,0
2026-07-13,L100000100771,Pingjiang power station,Hunan,28.808542,113.54144,0,,,OMSO2e,4,,0
2026-07-13,L100000100773,Huaneng Yueyang power station,Hunan,29.4497908,113.1623018,0,,,OMSO2e,4,,0
2026-07-13,L100000100779,Jinzhushan power station,Hunan,27.6252776,111.4823651,0,,,OMSO2e,4,,0
2026-07-13,L100000100782,Liyujiang power station,Hunan,25.940443,113.192476,0,,,OMSO2e,4,,0
2026-07-13,L100000100785,Shenhua Yongzhou power station,Hunan,26.56672,111.492692,0,,,OMSO2e,4,0.209999993443489,1
2026-07-13,L100000100786,Guoneng Yueyang power station,Hunan,29.6129835,112.754572,0,,,OMSO2e,4,,0
2026-07-13,L100000100788,Xiangtan power station,Hunan,27.8282792,112.9968045,0,,,OMSO2e,4,,0
2026-07-13,L100000100789,Yiyang power station,Hunan,28.5966667,112.2686111,0,,,OMSO2e,4,,0
2026-07-13,L100000100795,Baotou Aluminum power station,Inner Mongolia,40.557202,110.148382,1,IM_voluntary,2015.0,OMSO2e,4,,0
2026-07-13,L100000100811,Chifeng Yuanbaoshan power station,Inner Mongolia,42.303333,119.324167,1,IM_voluntary,2015.0,OMSO2e,4,0.2649999856948852,6
2026-07-13,L100000100813,Chuangyuan Smelter power station,Inner Mongolia,45.437275,119.427496,1,IM_voluntary,2015.0,OMSO2e,4,-0.0371428541839122,7
2026-07-13,L100000100822,Daihai power station,Inner Mongolia,40.519675,112.667725,1,IM_voluntary,2015.0,OMSO2e,4,,0
2026-07-13,L100000100823,Dalate power station,Inner Mongolia,40.36695,109.99604,1,IM_voluntary,2015.0,OMSO2e,4,,0
2026-07-13,L100000100830,Togtoh power station,Inner Mongolia,40.1952329,111.358881,1,IM_voluntary,2015.0,OMSO2e,4,,0
2026-07-13,L100000100845,Guoneng Shanghaimiao power station,Inner Mongolia,38.309587,106.679378,1,IM_voluntary,2015.0,OMSO2e,4,-0.1400000005960464,1
2026-07-13,L100000100847,Jiangsu Energy Group Wulagai power station,Inner Mongolia,45.955947,119.106454,1,IM_voluntary,2015.0,OMSO2e,4,0.3633333444595337,6
2026-07-13,L100000100861,Hohhot Jinshan cogen power station,Inner Mongolia,40.7072133,111.4600879,1,IM_voluntary,2015.0,OMSO2e,4,,0
2026-07-13,L100000100863,Hongjun Aluminum power station,Inner Mongolia,45.5128784,119.6504373,1,IM_voluntary,2015.0,OMSO2e,4,0.0733333379030227,6
2026-07-13,L100000100887,Shangdu power station,Inner Mongolia,42.22369,116.029256,1,IM_voluntary,2015.0,OMSO2e,4,,0
2026-07-13,L100000100888,Inner Mongolia Changcheng power station,Inner Mongolia,38.249688,106.657876,1,IM_voluntary,2015.0,OMSO2e,4,-0.1400000005960464,1
2026-07-13,L100000100894,Yimin power station,Inner Mongolia,48.549722,119.773889,1,IM_voluntary,2015.0,OMSO2e,4,-0.2485714256763458,7
2026-07-13,L100000100899,Huolinhe Zhanute power station,Inner Mongolia,45.409847,119.596739,1,IM_voluntary,2015.0,OMSO2e,4,0.0957142934203147,7
2026-07-13,L100000100910,Jining power station,Inner Mongolia,41.053294,113.153289,1,IM_voluntary,2015.0,OMSO2e,4,,0
2026-07-13,L100000100913,Junggar Suancigou power station,Inner Mongolia,39.711744,111.200548,1,IM_voluntary,2015.0,OMSO2e,4,,0
2026-07-13,L100000100933,Mengtai Beijiao power station,Inner Mongolia,39.846004,109.984888,1,IM_voluntary,2015.0,OMSO2e,4,,0
2026-07-13,L100000100937,Ordos Power Qipanjing power station,Inner Mongolia,39.385235,106.965664,1,IM_voluntary,2015.0,OMSO2e,4,,0
2026-07-13,L100000100948,Inner Mongolia Shenglu power station,Inner Mongolia,38.373756,106.782583,1,IM_voluntary,2015.0,OMSO2e,4,-0.1200000047683715,2
2026-07-13,L100000100954,Tongliao power station,Inner Mongolia,43.6713737,122.1535206,1,IM_voluntary,2015.0,OMSO2e,4,0.2628571391105652,7
2026-07-13,L100000100969,Changshu-1 power station,Jiangsu,31.753204,120.9634852,0,,,OMSO2e,4,,0
2026-07-13,L100000100970,Changshu-2 power station,Jiangsu,31.757764,120.97813,0,,,OMSO2e,4,,0
2026-07-13,L100000100973,Yancheng Binhai power station,Jiangsu,34.307421,120.246943,0,,,OMSO2e,4,,0
2026-07-13,L100000100974,Changzhou power station,Jiangsu,31.9583333,119.9925,0,,,OMSO2e,4,,0
2026-07-13,L100000100982,Taizhou power station,Jiangsu,32.187206,119.914444,0,,,OMSO2e,4,,0
2026-07-13,L100000100984,Guohua Xuzhou power station,Jiangsu,34.395144,117.259705,0,,,OMSO2e,4,,0
2026-07-13,L100000100988,Jurong power station,Jiangsu,32.19575,119.2497,0,,,OMSO2e,4,,0
2026-07-13,L100000100993,Jinling power station,Jiangsu,32.17178,119.01977,0,,,OMSO2e,4,,0
2026-07-13,L100000100997,Huaneng Taicang power station,Jiangsu,31.656908,121.17932,0,,,OMSO2e,4,,0
2026-07-13,L100000100998,Jianbi power station,Jiangsu,32.17693,119.57554,0,,,OMSO2e,4,,0
2026-07-13,L100000101000,Guoxin Jingjiang power station,Jiangsu,32.030487,120.383144,0,,,OMSO2e,4,,0
2026-07-13,L100000101005,Jiangsu Nantong power station,Jiangsu,32.03214,120.76956,0,,,OMSO2e,4,,0
2026-07-13,L100000101008,Jiangsu Sheyanggang power station,Jiangsu,33.8185009,120.4633498,0,,,OMSO2e,4,,0
2026-07-13,L100000101018,Ligang power station,Jiangsu,31.940813,120.0766476,0,,,OMSO2e,4,,0
2026-07-13,L100000101020,Lusigang power station,Jiangsu,32.05858,121.72669,0,,,OMSO2e,4,,0
2026-07-13,L100000101039,Xinhai power station,Jiangsu,34.57789,119.12671,0,,,OMSO2e,4,,0
2026-07-13,L100000101044,Xuzhou Pengcheng power station,Jiangsu,34.3779,117.17591,0,,,OMSO2e,4,,0
2026-07-13,L100000101047,Guoxin Yangzhou power station,Jiangsu,32.267778,119.419444,0,,,OMSO2e,4,,0
2026-07-13,L100000101053,Zhangjiagang Shazhou power station,Jiangsu,31.989733,120.6879258,0,,,OMSO2e,4,,0
2026-07-13,L100000101057,Fuzhou power station,Jiangxi,27.7844943,116.5644289,0,,,OMSO2e,4,,0
2026-07-13,L100000101058,Datang Xinyu power station,Jiangxi,27.679755,114.956506,0,,,OMSO2e,4,,0
2026-07-13,L100000101060,Fengcheng power station,Jiangxi,28.1943602,115.7088424,0,,,OMSO2e,4,,0
2026-07-13,L100000101063,Guixi power station,Jiangxi,28.28914,117.2235,0,,,OMSO2e,4,,0
2026-07-13,L100000101068,Jinggangshan power station,Jiangxi,27.0474697,115.0203859,0,,,OMSO2e,4,,0
2026-07-13,L100000101069,Ruijin power station,Jiangxi,25.9244055,115.1028219,0,,,OMSO2e,4,,0
2026-07-13,L100000101074,Shenhua Jiujiang power station,Jiangxi,29.826619,116.375973,0,,,OMSO2e,4,,0
2026-07-13,L100000101114,Shuangliao power station,Jilin,43.5282178,123.4633255,0,,,OMSO2e,4,,0
2026-07-13,L100000101160,Yingkou power station,Liaoning,40.303837,122.105968,0,,,OMSO2e,4,,0
2026-07-13,L100000101178,Suizhong power station,Liaoning,40.07962,120.00959,0,,,OMSO2e,4,,0
2026-07-13,L100000101181,Tieling power station,Liaoning,42.3450141,123.8030455,0,,,OMSO2e,4,,0
2026-07-13,L100000101187,Daba power station,Ningxia,37.9916691,105.9247833,0,,,OMSO2e,4,,0
2026-07-13,L100000101190,Ningdong Fangjiazhuang power station,Ningxia,37.837649,106.666501,0,,,OMSO2e,4,-0.0099999997764825,2
2026-07-13,L100000101191,Shizuishan power station,Ningxia,39.2848224,106.7890371,0,,,OMSO2e,4,,0
2026-07-13,L100000101192,Ningdong power station,Ningxia,37.844757,106.786777,0,,,OMSO2e,4,0.0724999904632568,4
2026-07-13,L100000101203,Ningxia Lingwu power station,Ningxia,38.148333,106.345833,0,,,OMSO2e,4,,0
2026-07-13,L100000101219,Yuanyang Lake power station,Ningxia,38.0575,106.691389,0,,,OMSO2e,4,-0.0750000029802322,2
2026-07-13,L100000101244,Fugu Qingshuichuan power station,Shaanxi,39.2048853,111.1190328,0,,,OMSO2e,4,,0
2026-07-13,L100000101246,Guodian Baoji-2 power station,Shaanxi,34.4980333,107.2181511,0,,,OMSO2e,4,0.0333333276212215,6
2026-07-13,L100000101252,Hancheng power station,Shaanxi,35.6007189,110.5557051,0,,,OMSO2e,4,,0
2026-07-13,L100000101265,Leilongwan power station,Shaanxi,37.925376,109.101678,0,,,OMSO2e,4,,0
2026-07-13,L100000101269,Pucheng power station,Shaanxi,34.9779314,109.7999759,0,,,OMSO2e,4,,0
2026-07-13,L100000101277,Fugu Miaogoumen power station,Shaanxi,39.208319,110.784956,0,,,OMSO2e,4,,0
2026-07-13,L100000101278,Jinjie power station,Shaanxi,38.7368389,110.1661297,0,,,OMSO2e,4,,0
2026-07-13,L100000101297,Yulin Hengshan power station,Shaanxi,38.03372,109.415067,0,,,OMSO2e,4,,0
2026-07-13,L100000101307,Binzhou Boxing power station,Shandong,37.27629,118.330855,0,,,OMSO2e,4,,0
2026-07-13,L100000101316,Datang Dongying power station,Shandong,38.113151,118.910229,0,,,OMSO2e,4,,0
2026-07-13,L100000101332,Guohua Shouguang power station,Shandong,37.269686,118.906738,0,,,OMSO2e,4,,0
2026-07-13,L100000101339,Huadian Laizhou power station,Shandong,37.432222,120.018056,0,,,OMSO2e,4,,0
2026-07-13,L100000101341,Shiliquan power station,Shandong,34.814444,117.573056,0,,,OMSO2e,4,,0
2026-07-13,L100000101342,Huadian Weifang power station,Shandong,36.6656392,119.2632115,0,,,OMSO2e,4,,0
2026-07-13,L100000101344,Huaneng Dezhou power station,Shandong,37.449349,116.2415516,0,,,OMSO2e,4,,0
2026-07-13,L100000101348,Huaneng Laiwu power station,Shandong,36.1342702,117.6849675,0,,,OMSO2e,4,,0
2026-07-13,L100000101383,Rizhao power station,Shandong,35.3454727,119.5104761,0,,,OMSO2e,4,,0
2026-07-13,L100000101399,Shiheng-2 power station,Shandong,36.2123187,116.5136301,0,,,OMSO2e,4,,0
2026-07-13,L100000101409,Weihai power station,Shandong,37.44899,122.20724,0,,,OMSO2e,4,,0
2026-07-13,L100000101415,Weiqiao Huji power station,Shandong,37.347901,117.781587,0,,,OMSO2e,4,,0
2026-07-13,L100000101420,Weiqiao Zouping-1 power station,Shandong,36.9106725,117.7853572,0,,,OMSO2e,4,,0
2026-07-13,L100000101425,Weiqiao Zouping-7 power station,Shandong,36.896297,117.860459,0,,,OMSO2e,4,,0
2026-07-13,L100000101429,Shandong Xinfa Xinyuan power station,Shandong,36.615766,116.225215,0,,,OMSO2e,4,,0
2026-07-13,L100000101442,Zouxian power station,Shandong,35.3255698,116.9260912,0,,,OMSO2e,4,,0
2026-07-13,L100000101444,Shanghai Caojing power station,Shanghai,30.76073,121.4008,1,SH_pilot,2013.0,OMSO2e,4,-0.0125000029802322,4
2026-07-13,L100000101447,Shanghai Shidongkou power station,Shanghai,31.4650719,121.4048433,1,SH_pilot,2013.0,OMSO2e,4,-0.2000000029802322,2
2026-07-13,L100000101448,Waigaoqiao power station,Shanghai,31.3536333,121.6002746,1,SH_pilot,2013.0,OMSO2e,4,0.072500005364418,4
2026-07-13,L100000101515,Shanxi Zhaoguang power station,Shanxi,36.5537987,111.6917736,0,,,OMSO2e,4,,0
2026-07-13,L100000101518,Shenhua Hequ power station,Shanxi,39.3830746,111.1843014,0,,,OMSO2e,4,,0
2026-07-13,L100000101519,Shentou power station,Shanxi,39.550981,112.488736,0,,,OMSO2e,4,,0
2026-07-13,L100000101529,Tongmei Tashan power station,Shanxi,39.9249917,113.0839199,0,,,OMSO2e,4,,0
2026-07-13,L100000101542,Xishan Gujiao power station,Shanxi,37.8952266,112.0930982,0,,,OMSO2e,4,,0
2026-07-13,L100000101543,Yangcheng power station,Shanxi,35.466123,112.5742039,0,,,OMSO2e,4,,0
2026-07-13,L100000101551,Yuguang Coal power station,Shanxi,38.078135,113.482791,0,,,OMSO2e,4,,0
2026-07-13,L100000101554,Zhangshan power station,Shanxi,36.326115,113.081402,0,,,OMSO2e,4,,0
2026-07-13,L100000101555,Changzhi power station,Shanxi,36.3226498,113.0816012,0,,,OMSO2e,4,,0
2026-07-13,L100000101567,Guang'an power station,Sichuan,30.5288201,106.8264802,0,,,OMSO2e,4,0.125,6
2026-07-13,L100000101580,Tianming power station,Sichuan,31.869616,104.910148,0,,,OMSO2e,4,,0
2026-07-13,L100000101588,Panshan power station,Tianjin,39.9801382,117.4630704,1,TJ_pilot,2013.0,OMSO2e,4,,0
2026-07-13,L100000101589,Tianjin Beijiang power station,Tianjin,39.2193209,117.9298639,1,TJ_pilot,2013.0,OMSO2e,4,,0
2026-07-13,L100000101617,East Hope Metals Wucaiwan power station,Xinjiang,44.6829461,89.1158667,0,,,OMSO2e,4,,0
2026-07-13,L100000101668,Xinjiang Qiya Smelter power station,Xinjiang,44.8955881,89.049629,0,,,OMSO2e,4,,0
2026-07-13,L100000101675,Shenhua Guoneng Hami power station,Xinjiang,42.411226,93.009166,0,,,OMSO2e,4,,0
2026-07-13,L100000101677,Shenhua Zhundong Wucaiwan power station,Xinjiang,44.795533,89.149825,0,,,OMSO2e,4,,0
2026-07-13,L100000101681,Tianchi Changji cogen power station,Xinjiang,44.004362,87.171961,0,,,OMSO2e,4,,0
2026-07-13,L100000101682,Tianchi Energy Zhundong Wucaiwan power station,Xinjiang,44.8524482,89.1959171,0,,,OMSO2e,4,,0
2026-07-13,L100000101696,Wucaiwan Bei'er power station,Xinjiang,44.8388927,89.1908616,0,,,OMSO2e,4,,0
2026-07-13,L100000101697,Wujiaqu power station,Xinjiang,44.26892,87.687877,0,,,OMSO2e,4,,0
2026-07-13,L100000101709,XPCC Shihezi Cogen power station,Xinjiang,44.428094,86.093609,0,,,OMSO2e,4,,0
2026-07-13,L100000101716,Diandong power station,Yunnan,25.19943,104.6819,0,,,OMSO2e,4,-0.270000010728836,3
2026-07-13,L100000101730,Wushashan power station,Zhejiang,29.505411,121.662934,0,,,OMSO2e,4,,0
2026-07-13,L100000101731,Beilun power station,Zhejiang,29.9427256,121.8131207,0,,,OMSO2e,4,,0
2026-07-13,L100000101732,Guohua Zhoushan power station,Zhejiang,30.103996,122.184817,0,,,OMSO2e,4,0.4099999964237213,1
2026-07-13,L100000101736,Yuhuan power station,Zhejiang,28.1151529,121.1391369,0,,,OMSO2e,4,0.2800000011920929,1
2026-07-13,L100000101737,China Resources Wenzhou power station,Zhejiang,27.4974228,120.6631851,0,,,OMSO2e,4,,0
2026-07-13,L100000101739,Jiaxing power station,Zhejiang,30.62804,121.14422,0,,,OMSO2e,4,-0.0900000035762786,4
2026-07-13,L100000101742,Lanxi power station,Zhejiang,29.1866175,119.5068449,0,,,OMSO2e,4,,0
2026-07-13,L100000101747,Ninghai power station,Zhejiang,29.4817622,121.5114792,0,,,OMSO2e,4,,0
2026-07-13,L100000101750,Zhejiang Taizhou-2 power station,Zhejiang,29.012395,121.695507,0,,,OMSO2e,4,0.1599999964237213,2
2026-07-13,L100000101761,Zheneng Liuheng power station,Zhejiang,29.7593387,122.1266091,0,,,OMSO2e,4,,0
2026-07-13,L100000101762,Zheneng Wenzhou power station,Zhejiang,27.9957103,120.8358582,0,,,OMSO2e,4,,0
2026-07-13,L100000101763,Zheneng Yueqing power station,Zhejiang,28.1704074,121.0889375,0,,,OMSO2e,4,0.2800000011920929,1
2026-07-13,L100000104506,Fu County power station,Shaanxi,35.858656,109.2167,0,,,OMSO2e,4,,0
2026-07-13,L100000104758,Hubei Yicheng power station,Hubei,31.781843,112.129461,1,HB_pilot,2014.0,OMSO2e,4,,0
2026-07-13,L100000104917,Shanggao power station,Jiangxi,28.185566,114.825697,0,,,OMSO2e,4,,0
2026-07-13,L100000104944,Hami-Chongqing UHV Transmission Line power station,Xinjiang,44.53792,92.926001,0,,,OMSO2e,4,0.4600000083446502,1
2026-07-13,L100000104970,Jiangsu Guoxin Shazhou power station,Jiangsu,31.985654,120.684419,0,,,OMSO2e,4,,0
2026-07-13,L100000105025,Datong-2 power station,Shanxi,40.0279118,113.2933181,0,,,OMSO2e,4,,0
2026-07-12,L100000100200,Anhui Bengbu power station,Anhui,32.78444,117.11472,0,,,OMSO2e,4,,0
2026-07-12,L100000100201,Anhui Huainan Panji power station,Anhui,32.76917,116.759595,0,,,OMSO2e,4,,0
2026-07-12,L100000100205,Chizhou Jiuhua power station,Anhui,30.7531097,117.5906618,0,,,OMSO2e,4,,0
2026-07-12,L100000100206,Pingwei power station,Anhui,32.68417,116.901389,0,,,OMSO2e,4,,0
2026-07-12,L100000100211,Fuyang power station,Anhui,33.00444,115.845278,0,,,OMSO2e,4,,0
2026-07-12,L100000100218,Wuhu power station,Anhui,31.2372348,118.1497184,0,,,OMSO2e,4,,0
2026-07-12,L100000100222,Huaibei Pingshan power station,Anhui,33.83392,116.831102,0,,,OMSO2e,4,,0
2026-07-12,L100000100223,Huainan Fengtai power station,Anhui,32.758,116.65,0,,,OMSO2e,4,,0
2026-07-12,L100000100225,Huainan Luohe power station,Anhui,32.68455,117.07511,0,,,OMSO2e,4,,0
2026-07-12,L100000100226,Huainan Tianji power station,Anhui,32.7465,116.8127,0,,,OMSO2e,4,,0
2026-07-12,L100000100233,Lixin Banji power station,Anhui,32.897245,116.242561,0,,,OMSO2e,4,,0
2026-07-12,L100000100237,Anqing power station,Anhui,30.541,117.1717,0,,,OMSO2e,4,,0
2026-07-12,L100000100240,Suzhou Qianyingzi power station,Anhui,33.5107954,116.9261351,0,,,OMSO2e,4,,0
2026-07-12,L100000100242,Tongling Wanneng power station,Anhui,30.88181,117.76439,0,,,OMSO2e,4,,0
2026-07-12,L100000100245,Ma'anshan power station,Anhui,31.750737,118.4796925,0,,,OMSO2e,4,,0
2026-07-12,L100000100269,Chongqing Shuanghuai power station,Chongqing,30.1611074,106.5480599,1,CQ_pilot,2013.0,OMSO2e,4,,0
2026-07-12,L100000100272,Luohuang power station,Chongqing,29.347364,106.433182,1,CQ_pilot,2013.0,OMSO2e,4,,0
2026-07-12,L100000100276,Chongqing Wanzhou power station,Chongqing,30.677938,108.398976,1,CQ_pilot,2013.0,OMSO2e,4,,0
2026-07-12,L100000100283,Ningde power station,Fujian,26.7574469,119.7353942,1,FJ_pilot,2016.0,OMSO2e,4,,0
2026-07-12,L100000100285,Fujian Hongshan power station,Fujian,24.7272766,118.7496944,1,FJ_pilot,2016.0,OMSO2e,4,0.1824999898672104,4
2026-07-12,L100000100287,Fuzhou Kemen power station,Fujian,26.3734254,119.7622418,1,FJ_pilot,2016.0,OMSO2e,4,,0
2026-07-12,L100000100288,Fuzhou Jiangyin power station,Fujian,25.438464,119.3396226,1,FJ_pilot,2016.0,OMSO2e,4,0.2000000029802322,2
2026-07-12,L100000100291,Houshi power station,Fujian,24.3030594,118.1259157,1,FJ_pilot,2016.0,OMSO2e,4,0.1133333370089531,6
2026-07-12,L100000100293,Huaneng Fuzhou power station,Fujian,25.99083,119.4816,1,FJ_pilot,2016.0,OMSO2e,4,,0
2026-07-12,L100000100298,Luoyuan Bay power station,Fujian,26.385334,119.789459,1,FJ_pilot,2016.0,OMSO2e,4,,0
2026-07-12,L100000100299,Meizhouwan power station,Fujian,25.1608278,119.0333354,1,FJ_pilot,2016.0,OMSO2e,4,0.197500005364418,4
2026-07-12,L100000100300,Nanpu Quanzhou power station,Fujian,25.2044,118.94385,1,FJ_pilot,2016.0,OMSO2e,4,0.2233333438634872,3
2026-07-12,L100000100303,Xiamen Songyu power station,Fujian,24.4460582,118.0267975,1,FJ_pilot,2016.0,OMSO2e,4,0.067500002682209,4
2026-07-12,L100000100318,Guazhou Changle power station,Gansu,40.6599,96.513,0,,,OMSO2e,4,,0
2026-07-12,L100000100320,Zhangye power station,Gansu,39.071222,100.462929,0,,,OMSO2e,4,,0
2026-07-12,L100000100326,Pingliang power station,Gansu,35.5017,106.7861,0,,,OMSO2e,4,,0
2026-07-12,L100000100328,Gansu Zhengning power station,Gansu,35.268403,107.975564,0,,,OMSO2e,4,-0.2199999988079071,2
2026-07-12,L100000100339,Lingtai power station,Gansu,35.0858218,107.7152829,0,,,OMSO2e,4,-0.0480000004172325,5
2026-07-12,L100000100347,Chaozhou Sanbaimen power station,Guangdong,23.56645,117.0972,1,GD_pilot,2013.0,OMSO2e,4,-0.1174999922513961,4
2026-07-12,L100000100354,Leizhou power station,Guangdong,20.51161,109.82803,1,GD_pilot,2013.0,OMSO2e,4,0.1250000149011612,6
2026-07-12,L100000100358,Guangdong Huilai power station,Guangdong,23.0047771,116.5472388,1,GD_pilot,2013.0,OMSO2e,4,,0
2026-07-12,L100000100359,Guangdong Huizhou Pinghai power station,Guangdong,22.6064638,114.741919,1,GD_pilot,2013.0,OMSO2e,4,,0
2026-07-12,L100000100361,Guangdong Shaoguan power station,Guangdong,24.682,113.605,1,GD_pilot,2013.0,OMSO2e,4,-0.1071428507566452,7
2026-07-12,L100000100372,Taishan power station,Guangdong,21.8667,112.9228,1,GD_pilot,2013.0,OMSO2e,4,,0
2026-07-12,L100000100377,Heyuan power station,Guangdong,23.567222,114.640278,1,GD_pilot,2013.0,OMSO2e,4,-0.4799999892711639,1
2026-07-12,L100000100381,Haimen power station,Guangdong,23.1899,116.6548,1,GD_pilot,2013.0,OMSO2e,4,,0
2026-07-12,L100000100390,Lufeng Jiahuwan power station,Guangdong,22.832499,115.985482,1,GD_pilot,2013.0,OMSO2e,4,,0
2026-07-12,L100000100392,Maoming Bohe power station,Guangdong,21.441033,111.289628,1,GD_pilot,2013.0,OMSO2e,4,,0
2026-07-12,L100000100402,Shenhua Qingyuan power station,Guangdong,24.417008,113.540884,1,GD_pilot,2013.0,OMSO2e,4,-0.1499999910593032,6
2026-07-12,L100000100407,Shanwei Haifeng CCS power station,Guangdong,22.7545453,115.0419938,1,GD_pilot,2013.0,OMSO2e,4,,0
2026-07-12,L100000100408,Shanwei Honghaiwan power station,Guangdong,22.70695,115.55529,1,GD_pilot,2013.0,OMSO2e,4,,0
2026-07-12,L100000100417,Yangxi Zhujiang power station,Guangdong,21.54264,111.67033,1,GD_pilot,2013.0,OMSO2e,4,,0
2026-07-12,L100000100418,Dabu power station,Guangdong,24.4057171,116.5877945,1,GD_pilot,2013.0,OMSO2e,4,,0
2026-07-12,L100000100430,Beihai Bebuwan power station,Guangxi,21.5821851,109.5816259,0,,,OMSO2e,4,0.0516666583716869,6
2026-07-12,L100000100436,Fangchenggang Qisha power station,Guangxi,21.5914,108.3946,0,,,OMSO2e,4,0.0549999959766864,6
2026-07-12,L100000100437,Beihai power station,Guangxi,21.535871,109.590176,0,,,OMSO2e,4,0.0716666579246521,6
2026-07-12,L100000100444,Hezhou power station,Guangxi,24.73609,111.34667,0,,,OMSO2e,4,,0
2026-07-12,L100000100452,Qinzhou power station,Guangxi,21.7004655,108.6243063,0,,,OMSO2e,4,0.1216666623950004,6
2026-07-12,L100000100477,Guizhou Fa'er power station,Guizhou,26.3259319,104.7705622,0,,,OMSO2e,4,,0
2026-07-12,L100000100498,Panxian-2 power station,Guizhou,25.4686039,104.5924059,0,,,OMSO2e,4,,0
2026-07-12,L100000100502,Qianxi power station,Guizhou,27.0516899,106.1252456,0,,,OMSO2e,4,,0
2026-07-12,L100000100542,China Resources Caofeidian power station,Hebei,38.9960653,118.4875488,0,,,OMSO2e,4,,0
2026-07-12,L100000100551,Dingzhou power station,Hebei,38.5122064,114.8433969,0,,,OMSO2e,4,,0
2026-07-12,L100000100568,Shang'an power station,Hebei,38.05729,114.19627,0,,,OMSO2e,4,,0
2026-07-12,L100000100569,Hebei Cangdong power station,Hebei,38.31,117.8786111,0,,,OMSO2e,4,,0
2026-07-12,L100000100591,Xibaipo power station,Hebei,38.245068,114.2149428,0,,,OMSO2e,4,,0
2026-07-12,L100000100598,Zhangjiakou power station,Hebei,40.6595781,114.9438143,0,,,OMSO2e,4,,0
2026-07-12,L100000100610,Qitaihe power station,Heilongjiang,45.7604176,131.0533476,0,,,OMSO2e,4,,0
2026-07-12,L100000100647,Datang Sanmenxia power station,Henan,34.6855176,111.0274363,0,,,OMSO2e,4,,0
2026-07-12,L100000100648,Xinyang power station,Henan,32.109018,114.140877,0,,,OMSO2e,4,0.270000010728836,2
2026-07-12,L100000100650,Dengfeng-2 power station,Henan,34.39274,113.19878,0,,,OMSO2e,4,0.084999993443489,2
2026-07-12,L100000100657,Hebi power station,Henan,35.851366,114.1798126,0,,,OMSO2e,4,0.2039999961853027,5
2026-07-12,L100000100664,Henan Xin'an power station,Henan,34.7413202,112.0634119,0,,,OMSO2e,4,,0
2026-07-12,L100000100665,Henan Xinmi power station,Henan,34.50003,113.59801,0,,,OMSO2e,4,0.0966666713356971,6
2026-07-12,L100000100677,Qinbei power station,Henan,35.1676,112.71654,0,,,OMSO2e,4,,0
2026-07-12,L100000100680,Jiaozuo Danhe power station,Henan,35.188487,112.887561,0,,,OMSO2e,4,0.25,1
2026-07-12,L100000100696,Nanyang Yahekou power station,Henan,33.3086427,112.644474,0,,,OMSO2e,4,,0
2026-07-12,L100000100697,Pingdingshan Luyang power station,Henan,33.82189,113.01438,0,,,OMSO2e,4,,0
2026-07-12,L100000100707,Nanyang Neixiang power station,Henan,33.086416,111.90004,0,,,OMSO2e,4,,0
2026-07-12,L100000100716,Xuchang Yulong power station,Henan,34.1751132,113.3581446,0,,,OMSO2e,4,0.3233333230018616,3
2026-07-12,L100000100717,Yaomeng power station,Henan,33.7379928,113.2418822,0,,,OMSO2e,4,,0
2026-07-12,L100000100730,Dabieshan power station,Hubei,31.1420662,114.8921871,1,HB_pilot,2014.0,OMSO2e,4,,0
2026-07-12,L100000100737,Hanchuan power station,Hubei,30.6566087,113.9172741,1,HB_pilot,2014.0,OMSO2e,4,-0.0633333325386047,3
2026-07-12,L100000100740,Huadian Xisaishan power station,Hubei,30.203056,115.180278,1,HB_pilot,2014.0,OMSO2e,4,,0
2026-07-12,L100000100742,Yangluo power station,Hubei,30.6938889,114.5430556,1,HB_pilot,2014.0,OMSO2e,4,,0
2026-07-12,L100000100745,Hubei Ezhou power station,Hubei,30.5517656,114.6420121,1,HB_pilot,2014.0,OMSO2e,4,,0
2026-07-12,L100000100751,Puqi Xianning power station,Hubei,29.66523,113.87296,1,HB_pilot,2014.0,OMSO2e,4,,0
2026-07-12,L100000100760,Huadian Xiangyang power station,Hubei,31.9118256,112.16692,1,HB_pilot,2014.0,OMSO2e,4,,0
2026-07-12,L100000100771,Pingjiang power station,Hunan,28.808542,113.54144,0,,,OMSO2e,4,0.2750000059604645,4
2026-07-12,L100000100773,Huaneng Yueyang power station,Hunan,29.4497908,113.1623018,0,,,OMSO2e,4,-0.0099999951198697,6
2026-07-12,L100000100779,Jinzhushan power station,Hunan,27.6252776,111.4823651,0,,,OMSO2e,4,0.1033333465456962,6
2026-07-12,L100000100782,Liyujiang power station,Hunan,25.940443,113.192476,0,,,OMSO2e,4,,0
2026-07-12,L100000100785,Shenhua Yongzhou power station,Hunan,26.56672,111.492692,0,,,OMSO2e,4,,0
2026-07-12,L100000100786,Guoneng Yueyang power station,Hunan,29.6129835,112.754572,0,,,OMSO2e,4,0.036666665226221,6
2026-07-12,L100000100788,Xiangtan power station,Hunan,27.8282792,112.9968045,0,,,OMSO2e,4,0.3400000035762787,4
2026-07-12,L100000100789,Yiyang power station,Hunan,28.5966667,112.2686111,0,,,OMSO2e,4,-0.2157142907381057,7
2026-07-12,L100000100795,Baotou Aluminum power station,Inner Mongolia,40.557202,110.148382,1,IM_voluntary,2015.0,OMSO2e,4,0.1833333522081375,6
2026-07-12,L100000100811,Chifeng Yuanbaoshan power station,Inner Mongolia,42.303333,119.324167,1,IM_voluntary,2015.0,OMSO2e,4,,0
2026-07-12,L100000100813,Chuangyuan Smelter power station,Inner Mongolia,45.437275,119.427496,1,IM_voluntary,2015.0,OMSO2e,4,,0
2026-07-12,L100000100822,Daihai power station,Inner Mongolia,40.519675,112.667725,1,IM_voluntary,2015.0,OMSO2e,4,0.2516666650772095,6
2026-07-12,L100000100823,Dalate power station,Inner Mongolia,40.36695,109.99604,1,IM_voluntary,2015.0,OMSO2e,4,0.0825000032782554,8
2026-07-12,L100000100830,Togtoh power station,Inner Mongolia,40.1952329,111.358881,1,IM_voluntary,2015.0,OMSO2e,4,-0.1316666603088379,6
2026-07-12,L100000100845,Guoneng Shanghaimiao power station,Inner Mongolia,38.309587,106.679378,1,IM_voluntary,2015.0,OMSO2e,4,0.3520000278949737,5
2026-07-12,L100000100847,Jiangsu Energy Group Wulagai power station,Inner Mongolia,45.955947,119.106454,1,IM_voluntary,2015.0,OMSO2e,4,,0
2026-07-12,L100000100861,Hohhot Jinshan cogen power station,Inner Mongolia,40.7072133,111.4600879,1,IM_voluntary,2015.0,OMSO2e,4,0.0400000065565109,5
2026-07-12,L100000100863,Hongjun Aluminum power station,Inner Mongolia,45.5128784,119.6504373,1,IM_voluntary,2015.0,OMSO2e,4,,0
2026-07-12,L100000100887,Shangdu power station,Inner Mongolia,42.22369,116.029256,1,IM_voluntary,2015.0,OMSO2e,4,,0
2026-07-12,L100000100888,Inner Mongolia Changcheng power station,Inner Mongolia,38.249688,106.657876,1,IM_voluntary,2015.0,OMSO2e,4,0.3520000278949737,5
2026-07-12,L100000100894,Yimin power station,Inner Mongolia,48.549722,119.773889,1,IM_voluntary,2015.0,OMSO2e,4,,0
2026-07-12,L100000100899,Huolinhe Zhanute power station,Inner Mongolia,45.409847,119.596739,1,IM_voluntary,2015.0,OMSO2e,4,,0
2026-07-12,L100000100910,Jining power station,Inner Mongolia,41.053294,113.153289,1,IM_voluntary,2015.0,OMSO2e,4,-0.0050000012852251,6
2026-07-12,L100000100913,Junggar Suancigou power station,Inner Mongolia,39.711744,111.200548,1,IM_voluntary,2015.0,OMSO2e,4,0.0900000035762786,2
2026-07-12,L100000100933,Mengtai Beijiao power station,Inner Mongolia,39.846004,109.984888,1,IM_voluntary,2015.0,OMSO2e,4,0.0980000048875808,5
2026-07-12,L100000100937,Ordos Power Qipanjing power station,Inner Mongolia,39.385235,106.965664,1,IM_voluntary,2015.0,OMSO2e,4,-0.0842857286334037,7
2026-07-12,L100000100948,Inner Mongolia Shenglu power station,Inner Mongolia,38.373756,106.782583,1,IM_voluntary,2015.0,OMSO2e,4,0.4116666615009308,6
2026-07-12,L100000100954,Tongliao power station,Inner Mongolia,43.6713737,122.1535206,1,IM_voluntary,2015.0,OMSO2e,4,,0
2026-07-12,L100000100969,Changshu-1 power station,Jiangsu,31.753204,120.9634852,0,,,OMSO2e,4,,0
2026-07-12,L100000100970,Changshu-2 power station,Jiangsu,31.757764,120.97813,0,,,OMSO2e,4,,0
2026-07-12,L100000100973,Yancheng Binhai power station,Jiangsu,34.307421,120.246943,0,,,OMSO2e,4,,0
2026-07-12,L100000100974,Changzhou power station,Jiangsu,31.9583333,119.9925,0,,,OMSO2e,4,,0
2026-07-12,L100000100982,Taizhou power station,Jiangsu,32.187206,119.914444,0,,,OMSO2e,4,,0
2026-07-12,L100000100984,Guohua Xuzhou power station,Jiangsu,34.395144,117.259705,0,,,OMSO2e,4,,0
2026-07-12,L100000100988,Jurong power station,Jiangsu,32.19575,119.2497,0,,,OMSO2e,4,,0
2026-07-12,L100000100993,Jinling power station,Jiangsu,32.17178,119.01977,0,,,OMSO2e,4,,0
2026-07-12,L100000100997,Huaneng Taicang power station,Jiangsu,31.656908,121.17932,0,,,OMSO2e,4,,0
2026-07-12,L100000100998,Jianbi power station,Jiangsu,32.17693,119.57554,0,,,OMSO2e,4,,0
2026-07-12,L100000101000,Guoxin Jingjiang power station,Jiangsu,32.030487,120.383144,0,,,OMSO2e,4,,0
2026-07-12,L100000101005,Jiangsu Nantong power station,Jiangsu,32.03214,120.76956,0,,,OMSO2e,4,,0
2026-07-12,L100000101008,Jiangsu Sheyanggang power station,Jiangsu,33.8185009,120.4633498,0,,,OMSO2e,4,,0
2026-07-12,L100000101018,Ligang power station,Jiangsu,31.940813,120.0766476,0,,,OMSO2e,4,,0
2026-07-12,L100000101020,Lusigang power station,Jiangsu,32.05858,121.72669,0,,,OMSO2e,4,,0
2026-07-12,L100000101039,Xinhai power station,Jiangsu,34.57789,119.12671,0,,,OMSO2e,4,,0
2026-07-12,L100000101044,Xuzhou Pengcheng power station,Jiangsu,34.3779,117.17591,0,,,OMSO2e,4,,0
2026-07-12,L100000101047,Guoxin Yangzhou power station,Jiangsu,32.267778,119.419444,0,,,OMSO2e,4,,0
2026-07-12,L100000101053,Zhangjiagang Shazhou power station,Jiangsu,31.989733,120.6879258,0,,,OMSO2e,4,,0
2026-07-12,L100000101057,Fuzhou power station,Jiangxi,27.7844943,116.5644289,0,,,OMSO2e,4,,0
2026-07-12,L100000101058,Datang Xinyu power station,Jiangxi,27.679755,114.956506,0,,,OMSO2e,4,,0
2026-07-12,L100000101060,Fengcheng power station,Jiangxi,28.1943602,115.7088424,0,,,OMSO2e,4,,0
2026-07-12,L100000101063,Guixi power station,Jiangxi,28.28914,117.2235,0,,,OMSO2e,4,,0
2026-07-12,L100000101068,Jinggangshan power station,Jiangxi,27.0474697,115.0203859,0,,,OMSO2e,4,,0
2026-07-12,L100000101069,Ruijin power station,Jiangxi,25.9244055,115.1028219,0,,,OMSO2e,4,,0
2026-07-12,L100000101074,Shenhua Jiujiang power station,Jiangxi,29.826619,116.375973,0,,,OMSO2e,4,,0
2026-07-12,L100000101114,Shuangliao power station,Jilin,43.5282178,123.4633255,0,,,OMSO2e,4,,0
2026-07-12,L100000101160,Yingkou power station,Liaoning,40.303837,122.105968,0,,,OMSO2e,4,,0
2026-07-12,L100000101178,Suizhong power station,Liaoning,40.07962,120.00959,0,,,OMSO2e,4,,0
2026-07-12,L100000101181,Tieling power station,Liaoning,42.3450141,123.8030455,0,,,OMSO2e,4,,0
2026-07-12,L100000101187,Daba power station,Ningxia,37.9916691,105.9247833,0,,,OMSO2e,4,0.3799999952316284,3
2026-07-12,L100000101190,Ningdong Fangjiazhuang power station,Ningxia,37.837649,106.666501,0,,,OMSO2e,4,0.3700000047683716,1
2026-07-12,L100000101191,Shizuishan power station,Ningxia,39.2848224,106.7890371,0,,,OMSO2e,4,0.1266666650772094,6
2026-07-12,L100000101192,Ningdong power station,Ningxia,37.844757,106.786777,0,,,OMSO2e,4,0.3700000047683716,1
2026-07-12,L100000101203,Ningxia Lingwu power station,Ningxia,38.148333,106.345833,0,,,OMSO2e,4,0.3939999938011169,5
2026-07-12,L100000101219,Yuanyang Lake power station,Ningxia,38.0575,106.691389,0,,,OMSO2e,4,0.3700000047683716,2
2026-07-12,L100000101244,Fugu Qingshuichuan power station,Shaanxi,39.2048853,111.1190328,0,,,OMSO2e,4,,0
2026-07-12,L100000101246,Guodian Baoji-2 power station,Shaanxi,34.4980333,107.2181511,0,,,OMSO2e,4,,0
2026-07-12,L100000101252,Hancheng power station,Shaanxi,35.6007189,110.5557051,0,,,OMSO2e,4,,0
2026-07-12,L100000101265,Leilongwan power station,Shaanxi,37.925376,109.101678,0,,,OMSO2e,4,,0
2026-07-12,L100000101269,Pucheng power station,Shaanxi,34.9779314,109.7999759,0,,,OMSO2e,4,,0
2026-07-12,L100000101277,Fugu Miaogoumen power station,Shaanxi,39.208319,110.784956,0,,,OMSO2e,4,,0
2026-07-12,L100000101278,Jinjie power station,Shaanxi,38.7368389,110.1661297,0,,,OMSO2e,4,,0
2026-07-12,L100000101297,Yulin Hengshan power station,Shaanxi,38.03372,109.415067,0,,,OMSO2e,4,,0
2026-07-12,L100000101307,Binzhou Boxing power station,Shandong,37.27629,118.330855,0,,,OMSO2e,4,,0
2026-07-12,L100000101316,Datang Dongying power station,Shandong,38.113151,118.910229,0,,,OMSO2e,4,,0
2026-07-12,L100000101332,Guohua Shouguang power station,Shandong,37.269686,118.906738,0,,,OMSO2e,4,,0
2026-07-12,L100000101339,Huadian Laizhou power station,Shandong,37.432222,120.018056,0,,,OMSO2e,4,,0
2026-07-12,L100000101341,Shiliquan power station,Shandong,34.814444,117.573056,0,,,OMSO2e,4,,0
2026-07-12,L100000101342,Huadian Weifang power station,Shandong,36.6656392,119.2632115,0,,,OMSO2e,4,,0
2026-07-12,L100000101344,Huaneng Dezhou power station,Shandong,37.449349,116.2415516,0,,,OMSO2e,4,-0.0466666631400585,6
2026-07-12,L100000101348,Huaneng Laiwu power station,Shandong,36.1342702,117.6849675,0,,,OMSO2e,4,,0
2026-07-12,L100000101383,Rizhao power station,Shandong,35.3454727,119.5104761,0,,,OMSO2e,4,,0
2026-07-12,L100000101399,Shiheng-2 power station,Shandong,36.2123187,116.5136301,0,,,OMSO2e,4,-0.050000000745058,3
2026-07-12,L100000101409,Weihai power station,Shandong,37.44899,122.20724,0,,,OMSO2e,4,,0
2026-07-12,L100000101415,Weiqiao Huji power station,Shandong,37.347901,117.781587,0,,,OMSO2e,4,-0.0333333313465118,3
2026-07-12,L100000101420,Weiqiao Zouping-1 power station,Shandong,36.9106725,117.7853572,0,,,OMSO2e,4,0.2166666537523269,3
2026-07-12,L100000101425,Weiqiao Zouping-7 power station,Shandong,36.896297,117.860459,0,,,OMSO2e,4,0.2249999940395355,2
2026-07-12,L100000101429,Shandong Xinfa Xinyuan power station,Shandong,36.615766,116.225215,0,,,OMSO2e,4,-0.0985714197158813,7
2026-07-12,L100000101442,Zouxian power station,Shandong,35.3255698,116.9260912,0,,,OMSO2e,4,,0
2026-07-12,L100000101444,Shanghai Caojing power station,Shanghai,30.76073,121.4008,1,SH_pilot,2013.0,OMSO2e,4,,0
2026-07-12,L100000101447,Shanghai Shidongkou power station,Shanghai,31.4650719,121.4048433,1,SH_pilot,2013.0,OMSO2e,4,,0
2026-07-12,L100000101448,Waigaoqiao power station,Shanghai,31.3536333,121.6002746,1,SH_pilot,2013.0,OMSO2e,4,,0
2026-07-12,L100000101515,Shanxi Zhaoguang power station,Shanxi,36.5537987,111.6917736,0,,,OMSO2e,4,-0.4099999964237213,3
2026-07-12,L100000101518,Shenhua Hequ power station,Shanxi,39.3830746,111.1843014,0,,,OMSO2e,4,,0
2026-07-12,L100000101519,Shentou power station,Shanxi,39.550981,112.488736,0,,,OMSO2e,4,,0
2026-07-12,L100000101529,Tongmei Tashan power station,Shanxi,39.9249917,113.0839199,0,,,OMSO2e,4,0.4199999868869781,1
2026-07-12,L100000101542,Xishan Gujiao power station,Shanxi,37.8952266,112.0930982,0,,,OMSO2e,4,0.1550000011920929,4
2026-07-12,L100000101543,Yangcheng power station,Shanxi,35.466123,112.5742039,0,,,OMSO2e,4,,0
2026-07-12,L100000101551,Yuguang Coal power station,Shanxi,38.078135,113.482791,0,,,OMSO2e,4,0.0799999982118606,1
2026-07-12,L100000101554,Zhangshan power station,Shanxi,36.326115,113.081402,0,,,OMSO2e,4,,0
2026-07-12,L100000101555,Changzhi power station,Shanxi,36.3226498,113.0816012,0,,,OMSO2e,4,,0
2026-07-12,L100000101567,Guang'an power station,Sichuan,30.5288201,106.8264802,0,,,OMSO2e,4,,0
2026-07-12,L100000101580,Tianming power station,Sichuan,31.869616,104.910148,0,,,OMSO2e,4,,0
2026-07-12,L100000101588,Panshan power station,Tianjin,39.9801382,117.4630704,1,TJ_pilot,2013.0,OMSO2e,4,,0
2026-07-12,L100000101589,Tianjin Beijiang power station,Tianjin,39.2193209,117.9298639,1,TJ_pilot,2013.0,OMSO2e,4,,0
2026-07-12,L100000101617,East Hope Metals Wucaiwan power station,Xinjiang,44.6829461,89.1158667,0,,,OMSO2e,4,-0.0728571414947509,7
2026-07-12,L100000101668,Xinjiang Qiya Smelter power station,Xinjiang,44.8955881,89.049629,0,,,OMSO2e,4,-0.0412499979138374,8
2026-07-12,L100000101675,Shenhua Guoneng Hami power station,Xinjiang,42.411226,93.009166,0,,,OMSO2e,4,,0
2026-07-12,L100000101677,Shenhua Zhundong Wucaiwan power station,Xinjiang,44.795533,89.149825,0,,,OMSO2e,4,-0.0850000008940696,6
2026-07-12,L100000101681,Tianchi Changji cogen power station,Xinjiang,44.004362,87.171961,0,,,OMSO2e,4,0.0899999737739563,6
2026-07-12,L100000101682,Tianchi Energy Zhundong Wucaiwan power station,Xinjiang,44.8524482,89.1959171,0,,,OMSO2e,4,-0.0687499940395355,8
2026-07-12,L100000101696,Wucaiwan Bei'er power station,Xinjiang,44.8388927,89.1908616,0,,,OMSO2e,4,-0.0455555506050586,9
2026-07-12,L100000101697,Wujiaqu power station,Xinjiang,44.26892,87.687877,0,,,OMSO2e,4,-0.2083333283662796,6
2026-07-12,L100000101709,XPCC Shihezi Cogen power station,Xinjiang,44.428094,86.093609,0,,,OMSO2e,4,-0.0257142800837755,7
2026-07-12,L100000101716,Diandong power station,Yunnan,25.19943,104.6819,0,,,OMSO2e,4,,0
2026-07-12,L100000101730,Wushashan power station,Zhejiang,29.505411,121.662934,0,,,OMSO2e,4,,0
2026-07-12,L100000101731,Beilun power station,Zhejiang,29.9427256,121.8131207,0,,,OMSO2e,4,,0
2026-07-12,L100000101732,Guohua Zhoushan power station,Zhejiang,30.103996,122.184817,0,,,OMSO2e,4,,0
2026-07-12,L100000101736,Yuhuan power station,Zhejiang,28.1151529,121.1391369,0,,,OMSO2e,4,,0
2026-07-12,L100000101737,China Resources Wenzhou power station,Zhejiang,27.4974228,120.6631851,0,,,OMSO2e,4,,0
2026-07-12,L100000101739,Jiaxing power station,Zhejiang,30.62804,121.14422,0,,,OMSO2e,4,,0
2026-07-12,L100000101742,Lanxi power station,Zhejiang,29.1866175,119.5068449,0,,,OMSO2e,4,,0
2026-07-12,L100000101747,Ninghai power station,Zhejiang,29.4817622,121.5114792,0,,,OMSO2e,4,,0
2026-07-12,L100000101750,Zhejiang Taizhou-2 power station,Zhejiang,29.012395,121.695507,0,,,OMSO2e,4,,0
2026-07-12,L100000101761,Zheneng Liuheng power station,Zhejiang,29.7593387,122.1266091,0,,,OMSO2e,4,,0
2026-07-12,L100000101762,Zheneng Wenzhou power station,Zhejiang,27.9957103,120.8358582,0,,,OMSO2e,4,,0
2026-07-12,L100000101763,Zheneng Yueqing power station,Zhejiang,28.1704074,121.0889375,0,,,OMSO2e,4,,0
2026-07-12,L100000104506,Fu County power station,Shaanxi,35.858656,109.2167,0,,,OMSO2e,4,-0.25,2
2026-07-12,L100000104758,Hubei Yicheng power station,Hubei,31.781843,112.129461,1,HB_pilot,2014.0,OMSO2e,4,,0
2026-07-12,L100000104917,Shanggao power station,Jiangxi,28.185566,114.825697,0,,,OMSO2e,4,,0
2026-07-12,L100000104944,Hami-Chongqing UHV Transmission Line power station,Xinjiang,44.53792,92.926001,0,,,OMSO2e,4,,0
2026-07-12,L100000104970,Jiangsu Guoxin Shazhou power station,Jiangsu,31.985654,120.684419,0,,,OMSO2e,4,,0
2026-07-12,L100000105025,Datong-2 power station,Shanxi,40.0279118,113.2933181,0,,,OMSO2e,4,,0
2026-07-11,L100000100200,Anhui Bengbu power station,Anhui,32.78444,117.11472,0,,,OMSO2e,4,-0.1733333319425583,6
2026-07-11,L100000100201,Anhui Huainan Panji power station,Anhui,32.76917,116.759595,0,,,OMSO2e,4,-0.2400000095367431,4
2026-07-11,L100000100205,Chizhou Jiuhua power station,Anhui,30.7531097,117.5906618,0,,,OMSO2e,4,0.4133333265781402,3
2026-07-11,L100000100206,Pingwei power station,Anhui,32.68417,116.901389,0,,,OMSO2e,4,-0.2571428716182709,7
2026-07-11,L100000100211,Fuyang power station,Anhui,33.00444,115.845278,0,,,OMSO2e,4,-0.0400000028312206,6
2026-07-11,L100000100218,Wuhu power station,Anhui,31.2372348,118.1497184,0,,,OMSO2e,4,0.2300000041723251,6
2026-07-11,L100000100222,Huaibei Pingshan power station,Anhui,33.83392,116.831102,0,,,OMSO2e,4,0.0816666707396507,6
2026-07-11,L100000100223,Huainan Fengtai power station,Anhui,32.758,116.65,0,,,OMSO2e,4,-0.0766666606068611,6
2026-07-11,L100000100225,Huainan Luohe power station,Anhui,32.68455,117.07511,0,,,OMSO2e,4,-0.2483333349227905,6
2026-07-11,L100000100226,Huainan Tianji power station,Anhui,32.7465,116.8127,0,,,OMSO2e,4,-0.2400000095367431,6
2026-07-11,L100000100233,Lixin Banji power station,Anhui,32.897245,116.242561,0,,,OMSO2e,4,0.1400000005960464,7
2026-07-11,L100000100237,Anqing power station,Anhui,30.541,117.1717,0,,,OMSO2e,4,0.4799999892711639,3
2026-07-11,L100000100240,Suzhou Qianyingzi power station,Anhui,33.5107954,116.9261351,0,,,OMSO2e,4,-0.3250000178813934,6
2026-07-11,L100000100242,Tongling Wanneng power station,Anhui,30.88181,117.76439,0,,,OMSO2e,4,0.2399999946355819,3
2026-07-11,L100000100245,Ma'anshan power station,Anhui,31.750737,118.4796925,0,,,OMSO2e,4,0.2049999982118606,2
2026-07-11,L100000100269,Chongqing Shuanghuai power station,Chongqing,30.1611074,106.5480599,1,CQ_pilot,2013.0,OMSO2e,4,,0
2026-07-11,L100000100272,Luohuang power station,Chongqing,29.347364,106.433182,1,CQ_pilot,2013.0,OMSO2e,4,,0
2026-07-11,L100000100276,Chongqing Wanzhou power station,Chongqing,30.677938,108.398976,1,CQ_pilot,2013.0,OMSO2e,4,,0
2026-07-11,L100000100283,Ningde power station,Fujian,26.7574469,119.7353942,1,FJ_pilot,2016.0,OMSO2e,4,,0
2026-07-11,L100000100285,Fujian Hongshan power station,Fujian,24.7272766,118.7496944,1,FJ_pilot,2016.0,OMSO2e,4,,0
2026-07-11,L100000100287,Fuzhou Kemen power station,Fujian,26.3734254,119.7622418,1,FJ_pilot,2016.0,OMSO2e,4,,0
2026-07-11,L100000100288,Fuzhou Jiangyin power station,Fujian,25.438464,119.3396226,1,FJ_pilot,2016.0,OMSO2e,4,,0
2026-07-11,L100000100291,Houshi power station,Fujian,24.3030594,118.1259157,1,FJ_pilot,2016.0,OMSO2e,4,,0
2026-07-11,L100000100293,Huaneng Fuzhou power station,Fujian,25.99083,119.4816,1,FJ_pilot,2016.0,OMSO2e,4,,0
2026-07-11,L100000100298,Luoyuan Bay power station,Fujian,26.385334,119.789459,1,FJ_pilot,2016.0,OMSO2e,4,,0
2026-07-11,L100000100299,Meizhouwan power station,Fujian,25.1608278,119.0333354,1,FJ_pilot,2016.0,OMSO2e,4,,0
2026-07-11,L100000100300,Nanpu Quanzhou power station,Fujian,25.2044,118.94385,1,FJ_pilot,2016.0,OMSO2e,4,,0
2026-07-11,L100000100303,Xiamen Songyu power station,Fujian,24.4460582,118.0267975,1,FJ_pilot,2016.0,OMSO2e,4,,0
2026-07-11,L100000100318,Guazhou Changle power station,Gansu,40.6599,96.513,0,,,OMSO2e,4,-0.0112499967217445,8
2026-07-11,L100000100320,Zhangye power station,Gansu,39.071222,100.462929,0,,,OMSO2e,4,,0
2026-07-11,L100000100326,Pingliang power station,Gansu,35.5017,106.7861,0,,,OMSO2e,4,,0
2026-07-11,L100000100328,Gansu Zhengning power station,Gansu,35.268403,107.975564,0,,,OMSO2e,4,,0
2026-07-11,L100000100339,Lingtai power station,Gansu,35.0858218,107.7152829,0,,,OMSO2e,4,,0
2026-07-11,L100000100347,Chaozhou Sanbaimen power station,Guangdong,23.56645,117.0972,1,GD_pilot,2013.0,OMSO2e,4,,0
2026-07-11,L100000100354,Leizhou power station,Guangdong,20.51161,109.82803,1,GD_pilot,2013.0,OMSO2e,4,,0
2026-07-11,L100000100358,Guangdong Huilai power station,Guangdong,23.0047771,116.5472388,1,GD_pilot,2013.0,OMSO2e,4,,0
2026-07-11,L100000100359,Guangdong Huizhou Pinghai power station,Guangdong,22.6064638,114.741919,1,GD_pilot,2013.0,OMSO2e,4,,0
2026-07-11,L100000100361,Guangdong Shaoguan power station,Guangdong,24.682,113.605,1,GD_pilot,2013.0,OMSO2e,4,,0
2026-07-11,L100000100372,Taishan power station,Guangdong,21.8667,112.9228,1,GD_pilot,2013.0,OMSO2e,4,,0
2026-07-11,L100000100377,Heyuan power station,Guangdong,23.567222,114.640278,1,GD_pilot,2013.0,OMSO2e,4,,0
2026-07-11,L100000100381,Haimen power station,Guangdong,23.1899,116.6548,1,GD_pilot,2013.0,OMSO2e,4,,0
2026-07-11,L100000100390,Lufeng Jiahuwan power station,Guangdong,22.832499,115.985482,1,GD_pilot,2013.0,OMSO2e,4,,0
2026-07-11,L100000100392,Maoming Bohe power station,Guangdong,21.441033,111.289628,1,GD_pilot,2013.0,OMSO2e,4,,0
2026-07-11,L100000100402,Shenhua Qingyuan power station,Guangdong,24.417008,113.540884,1,GD_pilot,2013.0,OMSO2e,4,,0
2026-07-11,L100000100407,Shanwei Haifeng CCS power station,Guangdong,22.7545453,115.0419938,1,GD_pilot,2013.0,OMSO2e,4,,0
2026-07-11,L100000100408,Shanwei Honghaiwan power station,Guangdong,22.70695,115.55529,1,GD_pilot,2013.0,OMSO2e,4,,0
2026-07-11,L100000100417,Yangxi Zhujiang power station,Guangdong,21.54264,111.67033,1,GD_pilot,2013.0,OMSO2e,4,,0
2026-07-11,L100000100418,Dabu power station,Guangdong,24.4057171,116.5877945,1,GD_pilot,2013.0,OMSO2e,4,,0
2026-07-11,L100000100430,Beihai Bebuwan power station,Guangxi,21.5821851,109.5816259,0,,,OMSO2e,4,,0
2026-07-11,L100000100436,Fangchenggang Qisha power station,Guangxi,21.5914,108.3946,0,,,OMSO2e,4,,0
2026-07-11,L100000100437,Beihai power station,Guangxi,21.535871,109.590176,0,,,OMSO2e,4,,0
2026-07-11,L100000100444,Hezhou power station,Guangxi,24.73609,111.34667,0,,,OMSO2e,4,,0
2026-07-11,L100000100452,Qinzhou power station,Guangxi,21.7004655,108.6243063,0,,,OMSO2e,4,,0
2026-07-11,L100000100477,Guizhou Fa'er power station,Guizhou,26.3259319,104.7705622,0,,,OMSO2e,4,0.0599999986588954,2
2026-07-11,L100000100498,Panxian-2 power station,Guizhou,25.4686039,104.5924059,0,,,OMSO2e,4,,0
2026-07-11,L100000100502,Qianxi power station,Guizhou,27.0516899,106.1252456,0,,,OMSO2e,4,,0
2026-07-11,L100000100542,China Resources Caofeidian power station,Hebei,38.9960653,118.4875488,0,,,OMSO2e,4,,0
2026-07-11,L100000100551,Dingzhou power station,Hebei,38.5122064,114.8433969,0,,,OMSO2e,4,,0
2026-07-11,L100000100568,Shang'an power station,Hebei,38.05729,114.19627,0,,,OMSO2e,4,,0
2026-07-11,L100000100569,Hebei Cangdong power station,Hebei,38.31,117.8786111,0,,,OMSO2e,4,,0
2026-07-11,L100000100591,Xibaipo power station,Hebei,38.245068,114.2149428,0,,,OMSO2e,4,,0
2026-07-11,L100000100598,Zhangjiakou power station,Hebei,40.6595781,114.9438143,0,,,OMSO2e,4,,0
2026-07-11,L100000100610,Qitaihe power station,Heilongjiang,45.7604176,131.0533476,0,,,OMSO2e,4,,0
2026-07-11,L100000100647,Datang Sanmenxia power station,Henan,34.6855176,111.0274363,0,,,OMSO2e,4,,0
2026-07-11,L100000100648,Xinyang power station,Henan,32.109018,114.140877,0,,,OMSO2e,4,,0
2026-07-11,L100000100650,Dengfeng-2 power station,Henan,34.39274,113.19878,0,,,OMSO2e,4,,0
2026-07-11,L100000100657,Hebi power station,Henan,35.851366,114.1798126,0,,,OMSO2e,4,,0
2026-07-11,L100000100664,Henan Xin'an power station,Henan,34.7413202,112.0634119,0,,,OMSO2e,4,,0
2026-07-11,L100000100665,Henan Xinmi power station,Henan,34.50003,113.59801,0,,,OMSO2e,4,,0
2026-07-11,L100000100677,Qinbei power station,Henan,35.1676,112.71654,0,,,OMSO2e,4,,0
2026-07-11,L100000100680,Jiaozuo Danhe power station,Henan,35.188487,112.887561,0,,,OMSO2e,4,,0
2026-07-11,L100000100696,Nanyang Yahekou power station,Henan,33.3086427,112.644474,0,,,OMSO2e,4,,0
2026-07-11,L100000100697,Pingdingshan Luyang power station,Henan,33.82189,113.01438,0,,,OMSO2e,4,,0
2026-07-11,L100000100707,Nanyang Neixiang power station,Henan,33.086416,111.90004,0,,,OMSO2e,4,,0
2026-07-11,L100000100716,Xuchang Yulong power station,Henan,34.1751132,113.3581446,0,,,OMSO2e,4,,0
2026-07-11,L100000100717,Yaomeng power station,Henan,33.7379928,113.2418822,0,,,OMSO2e,4,,0
2026-07-11,L100000100730,Dabieshan power station,Hubei,31.1420662,114.8921871,1,HB_pilot,2014.0,OMSO2e,4,,0
2026-07-11,L100000100737,Hanchuan power station,Hubei,30.6566087,113.9172741,1,HB_pilot,2014.0,OMSO2e,4,,0
2026-07-11,L100000100740,Huadian Xisaishan power station,Hubei,30.203056,115.180278,1,HB_pilot,2014.0,OMSO2e,4,,0
2026-07-11,L100000100742,Yangluo power station,Hubei,30.6938889,114.5430556,1,HB_pilot,2014.0,OMSO2e,4,,0
2026-07-11,L100000100745,Hubei Ezhou power station,Hubei,30.5517656,114.6420121,1,HB_pilot,2014.0,OMSO2e,4,,0
2026-07-11,L100000100751,Puqi Xianning power station,Hubei,29.66523,113.87296,1,HB_pilot,2014.0,OMSO2e,4,,0
2026-07-11,L100000100760,Huadian Xiangyang power station,Hubei,31.9118256,112.16692,1,HB_pilot,2014.0,OMSO2e,4,,0
2026-07-11,L100000100771,Pingjiang power station,Hunan,28.808542,113.54144,0,,,OMSO2e,4,,0
2026-07-11,L100000100773,Huaneng Yueyang power station,Hunan,29.4497908,113.1623018,0,,,OMSO2e,4,,0
2026-07-11,L100000100779,Jinzhushan power station,Hunan,27.6252776,111.4823651,0,,,OMSO2e,4,,0
2026-07-11,L100000100782,Liyujiang power station,Hunan,25.940443,113.192476,0,,,OMSO2e,4,,0
2026-07-11,L100000100785,Shenhua Yongzhou power station,Hunan,26.56672,111.492692,0,,,OMSO2e,4,,0
2026-07-11,L100000100786,Guoneng Yueyang power station,Hunan,29.6129835,112.754572,0,,,OMSO2e,4,,0
2026-07-11,L100000100788,Xiangtan power station,Hunan,27.8282792,112.9968045,0,,,OMSO2e,4,,0
2026-07-11,L100000100789,Yiyang power station,Hunan,28.5966667,112.2686111,0,,,OMSO2e,4,,0
2026-07-11,L100000100795,Baotou Aluminum power station,Inner Mongolia,40.557202,110.148382,1,IM_voluntary,2015.0,OMSO2e,4,,0
2026-07-11,L100000100811,Chifeng Yuanbaoshan power station,Inner Mongolia,42.303333,119.324167,1,IM_voluntary,2015.0,OMSO2e,4,,0
2026-07-11,L100000100813,Chuangyuan Smelter power station,Inner Mongolia,45.437275,119.427496,1,IM_voluntary,2015.0,OMSO2e,4,,0
2026-07-11,L100000100822,Daihai power station,Inner Mongolia,40.519675,112.667725,1,IM_voluntary,2015.0,OMSO2e,4,,0
2026-07-11,L100000100823,Dalate power station,Inner Mongolia,40.36695,109.99604,1,IM_voluntary,2015.0,OMSO2e,4,,0
2026-07-11,L100000100830,Togtoh power station,Inner Mongolia,40.1952329,111.358881,1,IM_voluntary,2015.0,OMSO2e,4,,0
2026-07-11,L100000100845,Guoneng Shanghaimiao power station,Inner Mongolia,38.309587,106.679378,1,IM_voluntary,2015.0,OMSO2e,4,,0
2026-07-11,L100000100847,Jiangsu Energy Group Wulagai power station,Inner Mongolia,45.955947,119.106454,1,IM_voluntary,2015.0,OMSO2e,4,,0
2026-07-11,L100000100861,Hohhot Jinshan cogen power station,Inner Mongolia,40.7072133,111.4600879,1,IM_voluntary,2015.0,OMSO2e,4,,0
2026-07-11,L100000100863,Hongjun Aluminum power station,Inner Mongolia,45.5128784,119.6504373,1,IM_voluntary,2015.0,OMSO2e,4,-0.1500000059604644,1
2026-07-11,L100000100887,Shangdu power station,Inner Mongolia,42.22369,116.029256,1,IM_voluntary,2015.0,OMSO2e,4,,0
2026-07-11,L100000100888,Inner Mongolia Changcheng power station,Inner Mongolia,38.249688,106.657876,1,IM_voluntary,2015.0,OMSO2e,4,,0
2026-07-11,L100000100894,Yimin power station,Inner Mongolia,48.549722,119.773889,1,IM_voluntary,2015.0,OMSO2e,4,-0.0314285680651664,7
2026-07-11,L100000100899,Huolinhe Zhanute power station,Inner Mongolia,45.409847,119.596739,1,IM_voluntary,2015.0,OMSO2e,4,-0.1500000059604644,1
2026-07-11,L100000100910,Jining power station,Inner Mongolia,41.053294,113.153289,1,IM_voluntary,2015.0,OMSO2e,4,,0
2026-07-11,L100000100913,Junggar Suancigou power station,Inner Mongolia,39.711744,111.200548,1,IM_voluntary,2015.0,OMSO2e,4,,0
2026-07-11,L100000100933,Mengtai Beijiao power station,Inner Mongolia,39.846004,109.984888,1,IM_voluntary,2015.0,OMSO2e,4,,0
2026-07-11,L100000100937,Ordos Power Qipanjing power station,Inner Mongolia,39.385235,106.965664,1,IM_voluntary,2015.0,OMSO2e,4,,0
2026-07-11,L100000100948,Inner Mongolia Shenglu power station,Inner Mongolia,38.373756,106.782583,1,IM_voluntary,2015.0,OMSO2e,4,,0
2026-07-11,L100000100954,Tongliao power station,Inner Mongolia,43.6713737,122.1535206,1,IM_voluntary,2015.0,OMSO2e,4,,0
2026-07-11,L100000100969,Changshu-1 power station,Jiangsu,31.753204,120.9634852,0,,,OMSO2e,4,,0
2026-07-11,L100000100970,Changshu-2 power station,Jiangsu,31.757764,120.97813,0,,,OMSO2e,4,,0
2026-07-11,L100000100973,Yancheng Binhai power station,Jiangsu,34.307421,120.246943,0,,,OMSO2e,4,-0.0359999909996986,5
2026-07-11,L100000100974,Changzhou power station,Jiangsu,31.9583333,119.9925,0,,,OMSO2e,4,,0
2026-07-11,L100000100982,Taizhou power station,Jiangsu,32.187206,119.914444,0,,,OMSO2e,4,,0
2026-07-11,L100000100984,Guohua Xuzhou power station,Jiangsu,34.395144,117.259705,0,,,OMSO2e,4,0.3371428847312927,7
2026-07-11,L100000100988,Jurong power station,Jiangsu,32.19575,119.2497,0,,,OMSO2e,4,,0
2026-07-11,L100000100993,Jinling power station,Jiangsu,32.17178,119.01977,0,,,OMSO2e,4,,0
2026-07-11,L100000100997,Huaneng Taicang power station,Jiangsu,31.656908,121.17932,0,,,OMSO2e,4,,0
2026-07-11,L100000100998,Jianbi power station,Jiangsu,32.17693,119.57554,0,,,OMSO2e,4,,0
2026-07-11,L100000101000,Guoxin Jingjiang power station,Jiangsu,32.030487,120.383144,0,,,OMSO2e,4,,0
2026-07-11,L100000101005,Jiangsu Nantong power station,Jiangsu,32.03214,120.76956,0,,,OMSO2e,4,,0
2026-07-11,L100000101008,Jiangsu Sheyanggang power station,Jiangsu,33.8185009,120.4633498,0,,,OMSO2e,4,0.1400000005960464,5
2026-07-11,L100000101018,Ligang power station,Jiangsu,31.940813,120.0766476,0,,,OMSO2e,4,,0
2026-07-11,L100000101020,Lusigang power station,Jiangsu,32.05858,121.72669,0,,,OMSO2e,4,,0
2026-07-11,L100000101039,Xinhai power station,Jiangsu,34.57789,119.12671,0,,,OMSO2e,4,-0.1157142892479896,7
2026-07-11,L100000101044,Xuzhou Pengcheng power station,Jiangsu,34.3779,117.17591,0,,,OMSO2e,4,0.415714293718338,7
2026-07-11,L100000101047,Guoxin Yangzhou power station,Jiangsu,32.267778,119.419444,0,,,OMSO2e,4,,0
2026-07-11,L100000101053,Zhangjiagang Shazhou power station,Jiangsu,31.989733,120.6879258,0,,,OMSO2e,4,,0
2026-07-11,L100000101057,Fuzhou power station,Jiangxi,27.7844943,116.5644289,0,,,OMSO2e,4,,0
2026-07-11,L100000101058,Datang Xinyu power station,Jiangxi,27.679755,114.956506,0,,,OMSO2e,4,,0
2026-07-11,L100000101060,Fengcheng power station,Jiangxi,28.1943602,115.7088424,0,,,OMSO2e,4,,0
2026-07-11,L100000101063,Guixi power station,Jiangxi,28.28914,117.2235,0,,,OMSO2e,4,,0
2026-07-11,L100000101068,Jinggangshan power station,Jiangxi,27.0474697,115.0203859,0,,,OMSO2e,4,,0
2026-07-11,L100000101069,Ruijin power station,Jiangxi,25.9244055,115.1028219,0,,,OMSO2e,4,,0
2026-07-11,L100000101074,Shenhua Jiujiang power station,Jiangxi,29.826619,116.375973,0,,,OMSO2e,4,0.044999998062849,4
2026-07-11,L100000101114,Shuangliao power station,Jilin,43.5282178,123.4633255,0,,,OMSO2e,4,,0
2026-07-11,L100000101160,Yingkou power station,Liaoning,40.303837,122.105968,0,,,OMSO2e,4,,0
2026-07-11,L100000101178,Suizhong power station,Liaoning,40.07962,120.00959,0,,,OMSO2e,4,,0
2026-07-11,L100000101181,Tieling power station,Liaoning,42.3450141,123.8030455,0,,,OMSO2e,4,,0
2026-07-11,L100000101187,Daba power station,Ningxia,37.9916691,105.9247833,0,,,OMSO2e,4,,0
2026-07-11,L100000101190,Ningdong Fangjiazhuang power station,Ningxia,37.837649,106.666501,0,,,OMSO2e,4,,0
2026-07-11,L100000101191,Shizuishan power station,Ningxia,39.2848224,106.7890371,0,,,OMSO2e,4,,0
2026-07-11,L100000101192,Ningdong power station,Ningxia,37.844757,106.786777,0,,,OMSO2e,4,,0
2026-07-11,L100000101203,Ningxia Lingwu power station,Ningxia,38.148333,106.345833,0,,,OMSO2e,4,,0
2026-07-11,L100000101219,Yuanyang Lake power station,Ningxia,38.0575,106.691389,0,,,OMSO2e,4,,0
2026-07-11,L100000101244,Fugu Qingshuichuan power station,Shaanxi,39.2048853,111.1190328,0,,,OMSO2e,4,,0
2026-07-11,L100000101246,Guodian Baoji-2 power station,Shaanxi,34.4980333,107.2181511,0,,,OMSO2e,4,,0
2026-07-11,L100000101252,Hancheng power station,Shaanxi,35.6007189,110.5557051,0,,,OMSO2e,4,,0
2026-07-11,L100000101265,Leilongwan power station,Shaanxi,37.925376,109.101678,0,,,OMSO2e,4,,0
2026-07-11,L100000101269,Pucheng power station,Shaanxi,34.9779314,109.7999759,0,,,OMSO2e,4,,0
2026-07-11,L100000101277,Fugu Miaogoumen power station,Shaanxi,39.208319,110.784956,0,,,OMSO2e,4,,0
2026-07-11,L100000101278,Jinjie power station,Shaanxi,38.7368389,110.1661297,0,,,OMSO2e,4,,0
2026-07-11,L100000101297,Yulin Hengshan power station,Shaanxi,38.03372,109.415067,0,,,OMSO2e,4,,0
2026-07-11,L100000101307,Binzhou Boxing power station,Shandong,37.27629,118.330855,0,,,OMSO2e,4,,0
2026-07-11,L100000101316,Datang Dongying power station,Shandong,38.113151,118.910229,0,,,OMSO2e,4,,0
2026-07-11,L100000101332,Guohua Shouguang power station,Shandong,37.269686,118.906738,0,,,OMSO2e,4,,0
2026-07-11,L100000101339,Huadian Laizhou power station,Shandong,37.432222,120.018056,0,,,OMSO2e,4,,0
2026-07-11,L100000101341,Shiliquan power station,Shandong,34.814444,117.573056,0,,,OMSO2e,4,0.3671428859233856,7
2026-07-11,L100000101342,Huadian Weifang power station,Shandong,36.6656392,119.2632115,0,,,OMSO2e,4,-0.0450000092387199,4
2026-07-11,L100000101344,Huaneng Dezhou power station,Shandong,37.449349,116.2415516,0,,,OMSO2e,4,,0
2026-07-11,L100000101348,Huaneng Laiwu power station,Shandong,36.1342702,117.6849675,0,,,OMSO2e,4,-0.2928571403026581,7
2026-07-11,L100000101383,Rizhao power station,Shandong,35.3454727,119.5104761,0,,,OMSO2e,4,0.2000000178813934,7
2026-07-11,L100000101399,Shiheng-2 power station,Shandong,36.2123187,116.5136301,0,,,OMSO2e,4,0.1279999911785125,5
2026-07-11,L100000101409,Weihai power station,Shandong,37.44899,122.20724,0,,,OMSO2e,4,-0.0779999941587448,5
2026-07-11,L100000101415,Weiqiao Huji power station,Shandong,37.347901,117.781587,0,,,OMSO2e,4,,0
2026-07-11,L100000101420,Weiqiao Zouping-1 power station,Shandong,36.9106725,117.7853572,0,,,OMSO2e,4,-0.0333333425223827,3
2026-07-11,L100000101425,Weiqiao Zouping-7 power station,Shandong,36.896297,117.860459,0,,,OMSO2e,4,0.0399999916553497,2
2026-07-11,L100000101429,Shandong Xinfa Xinyuan power station,Shandong,36.615766,116.225215,0,,,OMSO2e,4,0.3274999856948852,4
2026-07-11,L100000101442,Zouxian power station,Shandong,35.3255698,116.9260912,0,,,OMSO2e,4,0.3533333539962768,6
2026-07-11,L100000101444,Shanghai Caojing power station,Shanghai,30.76073,121.4008,1,SH_pilot,2013.0,OMSO2e,4,,0
2026-07-11,L100000101447,Shanghai Shidongkou power station,Shanghai,31.4650719,121.4048433,1,SH_pilot,2013.0,OMSO2e,4,,0
2026-07-11,L100000101448,Waigaoqiao power station,Shanghai,31.3536333,121.6002746,1,SH_pilot,2013.0,OMSO2e,4,,0
2026-07-11,L100000101515,Shanxi Zhaoguang power station,Shanxi,36.5537987,111.6917736,0,,,OMSO2e,4,,0
2026-07-11,L100000101518,Shenhua Hequ power station,Shanxi,39.3830746,111.1843014,0,,,OMSO2e,4,,0
2026-07-11,L100000101519,Shentou power station,Shanxi,39.550981,112.488736,0,,,OMSO2e,4,,0
2026-07-11,L100000101529,Tongmei Tashan power station,Shanxi,39.9249917,113.0839199,0,,,OMSO2e,4,,0
2026-07-11,L100000101542,Xishan Gujiao power station,Shanxi,37.8952266,112.0930982,0,,,OMSO2e,4,,0
2026-07-11,L100000101543,Yangcheng power station,Shanxi,35.466123,112.5742039,0,,,OMSO2e,4,,0
2026-07-11,L100000101551,Yuguang Coal power station,Shanxi,38.078135,113.482791,0,,,OMSO2e,4,,0
2026-07-11,L100000101554,Zhangshan power station,Shanxi,36.326115,113.081402,0,,,OMSO2e,4,,0
2026-07-11,L100000101555,Changzhi power station,Shanxi,36.3226498,113.0816012,0,,,OMSO2e,4,,0
2026-07-11,L100000101567,Guang'an power station,Sichuan,30.5288201,106.8264802,0,,,OMSO2e,4,,0
2026-07-11,L100000101580,Tianming power station,Sichuan,31.869616,104.910148,0,,,OMSO2e,4,,0
2026-07-11,L100000101588,Panshan power station,Tianjin,39.9801382,117.4630704,1,TJ_pilot,2013.0,OMSO2e,4,,0
2026-07-11,L100000101589,Tianjin Beijiang power station,Tianjin,39.2193209,117.9298639,1,TJ_pilot,2013.0,OMSO2e,4,,0
2026-07-11,L100000101617,East Hope Metals Wucaiwan power station,Xinjiang,44.6829461,89.1158667,0,,,OMSO2e,4,-0.1071428582072258,7
2026-07-11,L100000101668,Xinjiang Qiya Smelter power station,Xinjiang,44.8955881,89.049629,0,,,OMSO2e,4,0.0549999959766864,8
2026-07-11,L100000101675,Shenhua Guoneng Hami power station,Xinjiang,42.411226,93.009166,0,,,OMSO2e,4,-0.0587499998509883,8
2026-07-11,L100000101677,Shenhua Zhundong Wucaiwan power station,Xinjiang,44.795533,89.149825,0,,,OMSO2e,4,-0.0483333356678485,6
2026-07-11,L100000101681,Tianchi Changji cogen power station,Xinjiang,44.004362,87.171961,0,,,OMSO2e,4,,0
2026-07-11,L100000101682,Tianchi Energy Zhundong Wucaiwan power station,Xinjiang,44.8524482,89.1959171,0,,,OMSO2e,4,-0.0887500047683715,8
2026-07-11,L100000101696,Wucaiwan Bei'er power station,Xinjiang,44.8388927,89.1908616,0,,,OMSO2e,4,-0.0800000056624412,9
2026-07-11,L100000101697,Wujiaqu power station,Xinjiang,44.26892,87.687877,0,,,OMSO2e,4,,0
2026-07-11,L100000101709,XPCC Shihezi Cogen power station,Xinjiang,44.428094,86.093609,0,,,OMSO2e,4,,0
2026-07-11,L100000101716,Diandong power station,Yunnan,25.19943,104.6819,0,,,OMSO2e,4,-0.0700000002980232,1
2026-07-11,L100000101730,Wushashan power station,Zhejiang,29.505411,121.662934,0,,,OMSO2e,4,,0
2026-07-11,L100000101731,Beilun power station,Zhejiang,29.9427256,121.8131207,0,,,OMSO2e,4,,0
2026-07-11,L100000101732,Guohua Zhoushan power station,Zhejiang,30.103996,122.184817,0,,,OMSO2e,4,,0
2026-07-11,L100000101736,Yuhuan power station,Zhejiang,28.1151529,121.1391369,0,,,OMSO2e,4,,0
2026-07-11,L100000101737,China Resources Wenzhou power station,Zhejiang,27.4974228,120.6631851,0,,,OMSO2e,4,,0
2026-07-11,L100000101739,Jiaxing power station,Zhejiang,30.62804,121.14422,0,,,OMSO2e,4,,0
2026-07-11,L100000101742,Lanxi power station,Zhejiang,29.1866175,119.5068449,0,,,OMSO2e,4,,0
2026-07-11,L100000101747,Ninghai power station,Zhejiang,29.4817622,121.5114792,0,,,OMSO2e,4,,0
2026-07-11,L100000101750,Zhejiang Taizhou-2 power station,Zhejiang,29.012395,121.695507,0,,,OMSO2e,4,,0
2026-07-11,L100000101761,Zheneng Liuheng power station,Zhejiang,29.7593387,122.1266091,0,,,OMSO2e,4,,0
2026-07-11,L100000101762,Zheneng Wenzhou power station,Zhejiang,27.9957103,120.8358582,0,,,OMSO2e,4,,0
2026-07-11,L100000101763,Zheneng Yueqing power station,Zhejiang,28.1704074,121.0889375,0,,,OMSO2e,4,,0
2026-07-11,L100000104506,Fu County power station,Shaanxi,35.858656,109.2167,0,,,OMSO2e,4,,0
2026-07-11,L100000104758,Hubei Yicheng power station,Hubei,31.781843,112.129461,1,HB_pilot,2014.0,OMSO2e,4,,0
2026-07-11,L100000104917,Shanggao power station,Jiangxi,28.185566,114.825697,0,,,OMSO2e,4,,0
2026-07-11,L100000104944,Hami-Chongqing UHV Transmission Line power station,Xinjiang,44.53792,92.926001,0,,,OMSO2e,4,-0.0483333319425582,6
2026-07-11,L100000104970,Jiangsu Guoxin Shazhou power station,Jiangsu,31.985654,120.684419,0,,,OMSO2e,4,,0
2026-07-11,L100000105025,Datong-2 power station,Shanxi,40.0279118,113.2933181,0,,,OMSO2e,4,,0
2026-07-10,L100000100200,Anhui Bengbu power station,Anhui,32.78444,117.11472,0,,,OMSO2e,4,,0
2026-07-10,L100000100201,Anhui Huainan Panji power station,Anhui,32.76917,116.759595,0,,,OMSO2e,4,,0
2026-07-10,L100000100205,Chizhou Jiuhua power station,Anhui,30.7531097,117.5906618,0,,,OMSO2e,4,,0
2026-07-10,L100000100206,Pingwei power station,Anhui,32.68417,116.901389,0,,,OMSO2e,4,,0
2026-07-10,L100000100211,Fuyang power station,Anhui,33.00444,115.845278,0,,,OMSO2e,4,,0
2026-07-10,L100000100218,Wuhu power station,Anhui,31.2372348,118.1497184,0,,,OMSO2e,4,,0
2026-07-10,L100000100222,Huaibei Pingshan power station,Anhui,33.83392,116.831102,0,,,OMSO2e,4,,0
2026-07-10,L100000100223,Huainan Fengtai power station,Anhui,32.758,116.65,0,,,OMSO2e,4,,0
2026-07-10,L100000100225,Huainan Luohe power station,Anhui,32.68455,117.07511,0,,,OMSO2e,4,,0
2026-07-10,L100000100226,Huainan Tianji power station,Anhui,32.7465,116.8127,0,,,OMSO2e,4,,0
2026-07-10,L100000100233,Lixin Banji power station,Anhui,32.897245,116.242561,0,,,OMSO2e,4,,0
2026-07-10,L100000100237,Anqing power station,Anhui,30.541,117.1717,0,,,OMSO2e,4,,0
2026-07-10,L100000100240,Suzhou Qianyingzi power station,Anhui,33.5107954,116.9261351,0,,,OMSO2e,4,,0
2026-07-10,L100000100242,Tongling Wanneng power station,Anhui,30.88181,117.76439,0,,,OMSO2e,4,,0
2026-07-10,L100000100245,Ma'anshan power station,Anhui,31.750737,118.4796925,0,,,OMSO2e,4,,0
2026-07-10,L100000100269,Chongqing Shuanghuai power station,Chongqing,30.1611074,106.5480599,1,CQ_pilot,2013.0,OMSO2e,4,0.1899999976158142,1
2026-07-10,L100000100272,Luohuang power station,Chongqing,29.347364,106.433182,1,CQ_pilot,2013.0,OMSO2e,4,0.0383333377540111,6
2026-07-10,L100000100276,Chongqing Wanzhou power station,Chongqing,30.677938,108.398976,1,CQ_pilot,2013.0,OMSO2e,4,0.0620000064373016,5
2026-07-10,L100000100283,Ningde power station,Fujian,26.7574469,119.7353942,1,FJ_pilot,2016.0,OMSO2e,4,,0
2026-07-10,L100000100285,Fujian Hongshan power station,Fujian,24.7272766,118.7496944,1,FJ_pilot,2016.0,OMSO2e,4,,0
2026-07-10,L100000100287,Fuzhou Kemen power station,Fujian,26.3734254,119.7622418,1,FJ_pilot,2016.0,OMSO2e,4,,0
2026-07-10,L100000100288,Fuzhou Jiangyin power station,Fujian,25.438464,119.3396226,1,FJ_pilot,2016.0,OMSO2e,4,,0
2026-07-10,L100000100291,Houshi power station,Fujian,24.3030594,118.1259157,1,FJ_pilot,2016.0,OMSO2e,4,,0
2026-07-10,L100000100293,Huaneng Fuzhou power station,Fujian,25.99083,119.4816,1,FJ_pilot,2016.0,OMSO2e,4,,0
2026-07-10,L100000100298,Luoyuan Bay power station,Fujian,26.385334,119.789459,1,FJ_pilot,2016.0,OMSO2e,4,,0
2026-07-10,L100000100299,Meizhouwan power station,Fujian,25.1608278,119.0333354,1,FJ_pilot,2016.0,OMSO2e,4,,0
2026-07-10,L100000100300,Nanpu Quanzhou power station,Fujian,25.2044,118.94385,1,FJ_pilot,2016.0,OMSO2e,4,,0
2026-07-10,L100000100303,Xiamen Songyu power station,Fujian,24.4460582,118.0267975,1,FJ_pilot,2016.0,OMSO2e,4,,0
2026-07-10,L100000100318,Guazhou Changle power station,Gansu,40.6599,96.513,0,,,OMSO2e,4,,0
2026-07-10,L100000100320,Zhangye power station,Gansu,39.071222,100.462929,0,,,OMSO2e,4,,0
2026-07-10,L100000100326,Pingliang power station,Gansu,35.5017,106.7861,0,,,OMSO2e,4,,0
2026-07-10,L100000100328,Gansu Zhengning power station,Gansu,35.268403,107.975564,0,,,OMSO2e,4,,0
2026-07-10,L100000100339,Lingtai power station,Gansu,35.0858218,107.7152829,0,,,OMSO2e,4,,0
2026-07-10,L100000100347,Chaozhou Sanbaimen power station,Guangdong,23.56645,117.0972,1,GD_pilot,2013.0,OMSO2e,4,,0
2026-07-10,L100000100354,Leizhou power station,Guangdong,20.51161,109.82803,1,GD_pilot,2013.0,OMSO2e,4,,0
2026-07-10,L100000100358,Guangdong Huilai power station,Guangdong,23.0047771,116.5472388,1,GD_pilot,2013.0,OMSO2e,4,-0.0749999955296516,4
2026-07-10,L100000100359,Guangdong Huizhou Pinghai power station,Guangdong,22.6064638,114.741919,1,GD_pilot,2013.0,OMSO2e,4,,0
2026-07-10,L100000100361,Guangdong Shaoguan power station,Guangdong,24.682,113.605,1,GD_pilot,2013.0,OMSO2e,4,-0.0128571474924683,7
2026-07-10,L100000100372,Taishan power station,Guangdong,21.8667,112.9228,1,GD_pilot,2013.0,OMSO2e,4,,0
2026-07-10,L100000100377,Heyuan power station,Guangdong,23.567222,114.640278,1,GD_pilot,2013.0,OMSO2e,4,0.2257142812013626,7
2026-07-10,L100000100381,Haimen power station,Guangdong,23.1899,116.6548,1,GD_pilot,2013.0,OMSO2e,4,-0.1799999922513961,3
2026-07-10,L100000100390,Lufeng Jiahuwan power station,Guangdong,22.832499,115.985482,1,GD_pilot,2013.0,OMSO2e,4,0.0579999983310699,5
2026-07-10,L100000100392,Maoming Bohe power station,Guangdong,21.441033,111.289628,1,GD_pilot,2013.0,OMSO2e,4,0.1500000059604644,3
2026-07-10,L100000100402,Shenhua Qingyuan power station,Guangdong,24.417008,113.540884,1,GD_pilot,2013.0,OMSO2e,4,-0.1316666603088379,6
2026-07-10,L100000100407,Shanwei Haifeng CCS power station,Guangdong,22.7545453,115.0419938,1,GD_pilot,2013.0,OMSO2e,4,,0
2026-07-10,L100000100408,Shanwei Honghaiwan power station,Guangdong,22.70695,115.55529,1,GD_pilot,2013.0,OMSO2e,4,0.0800000056624412,3
2026-07-10,L100000100417,Yangxi Zhujiang power station,Guangdong,21.54264,111.67033,1,GD_pilot,2013.0,OMSO2e,4,0.0540000014007091,5
2026-07-10,L100000100418,Dabu power station,Guangdong,24.4057171,116.5877945,1,GD_pilot,2013.0,OMSO2e,4,-0.0399999991059303,1
2026-07-10,L100000100430,Beihai Bebuwan power station,Guangxi,21.5821851,109.5816259,0,,,OMSO2e,4,,0
2026-07-10,L100000100436,Fangchenggang Qisha power station,Guangxi,21.5914,108.3946,0,,,OMSO2e,4,,0
2026-07-10,L100000100437,Beihai power station,Guangxi,21.535871,109.590176,0,,,OMSO2e,4,,0
2026-07-10,L100000100444,Hezhou power station,Guangxi,24.73609,111.34667,0,,,OMSO2e,4,0.0600000023841857,6
2026-07-10,L100000100452,Qinzhou power station,Guangxi,21.7004655,108.6243063,0,,,OMSO2e,4,,0
2026-07-10,L100000100477,Guizhou Fa'er power station,Guizhou,26.3259319,104.7705622,0,,,OMSO2e,4,,0
2026-07-10,L100000100498,Panxian-2 power station,Guizhou,25.4686039,104.5924059,0,,,OMSO2e,4,,0
2026-07-10,L100000100502,Qianxi power station,Guizhou,27.0516899,106.1252456,0,,,OMSO2e,4,,0
2026-07-10,L100000100542,China Resources Caofeidian power station,Hebei,38.9960653,118.4875488,0,,,OMSO2e,4,,0
2026-07-10,L100000100551,Dingzhou power station,Hebei,38.5122064,114.8433969,0,,,OMSO2e,4,,0
2026-07-10,L100000100568,Shang'an power station,Hebei,38.05729,114.19627,0,,,OMSO2e,4,,0
2026-07-10,L100000100569,Hebei Cangdong power station,Hebei,38.31,117.8786111,0,,,OMSO2e,4,,0
2026-07-10,L100000100591,Xibaipo power station,Hebei,38.245068,114.2149428,0,,,OMSO2e,4,,0
2026-07-10,L100000100598,Zhangjiakou power station,Hebei,40.6595781,114.9438143,0,,,OMSO2e,4,,0
2026-07-10,L100000100610,Qitaihe power station,Heilongjiang,45.7604176,131.0533476,0,,,OMSO2e,4,,0
2026-07-10,L100000100647,Datang Sanmenxia power station,Henan,34.6855176,111.0274363,0,,,OMSO2e,4,,0
2026-07-10,L100000100648,Xinyang power station,Henan,32.109018,114.140877,0,,,OMSO2e,4,0.0824999958276748,4
2026-07-10,L100000100650,Dengfeng-2 power station,Henan,34.39274,113.19878,0,,,OMSO2e,4,,0
2026-07-10,L100000100657,Hebi power station,Henan,35.851366,114.1798126,0,,,OMSO2e,4,,0
2026-07-10,L100000100664,Henan Xin'an power station,Henan,34.7413202,112.0634119,0,,,OMSO2e,4,,0
2026-07-10,L100000100665,Henan Xinmi power station,Henan,34.50003,113.59801,0,,,OMSO2e,4,,0
2026-07-10,L100000100677,Qinbei power station,Henan,35.1676,112.71654,0,,,OMSO2e,4,,0
2026-07-10,L100000100680,Jiaozuo Danhe power station,Henan,35.188487,112.887561,0,,,OMSO2e,4,,0
2026-07-10,L100000100696,Nanyang Yahekou power station,Henan,33.3086427,112.644474,0,,,OMSO2e,4,,0
2026-07-10,L100000100697,Pingdingshan Luyang power station,Henan,33.82189,113.01438,0,,,OMSO2e,4,,0
2026-07-10,L100000100707,Nanyang Neixiang power station,Henan,33.086416,111.90004,0,,,OMSO2e,4,,0
2026-07-10,L100000100716,Xuchang Yulong power station,Henan,34.1751132,113.3581446,0,,,OMSO2e,4,,0
2026-07-10,L100000100717,Yaomeng power station,Henan,33.7379928,113.2418822,0,,,OMSO2e,4,,0
2026-07-10,L100000100730,Dabieshan power station,Hubei,31.1420662,114.8921871,1,HB_pilot,2014.0,OMSO2e,4,,0
2026-07-10,L100000100737,Hanchuan power station,Hubei,30.6566087,113.9172741,1,HB_pilot,2014.0,OMSO2e,4,0.103333331644535,6
2026-07-10,L100000100740,Huadian Xisaishan power station,Hubei,30.203056,115.180278,1,HB_pilot,2014.0,OMSO2e,4,,0
2026-07-10,L100000100742,Yangluo power station,Hubei,30.6938889,114.5430556,1,HB_pilot,2014.0,OMSO2e,4,0.2349999994039535,4
2026-07-10,L100000100745,Hubei Ezhou power station,Hubei,30.5517656,114.6420121,1,HB_pilot,2014.0,OMSO2e,4,0.1700000017881393,4
2026-07-10,L100000100751,Puqi Xianning power station,Hubei,29.66523,113.87296,1,HB_pilot,2014.0,OMSO2e,4,0.3899999856948852,4
2026-07-10,L100000100760,Huadian Xiangyang power station,Hubei,31.9118256,112.16692,1,HB_pilot,2014.0,OMSO2e,4,-0.1499999910593032,6
2026-07-10,L100000100771,Pingjiang power station,Hunan,28.808542,113.54144,0,,,OMSO2e,4,-0.0333333350718021,3
2026-07-10,L100000100773,Huaneng Yueyang power station,Hunan,29.4497908,113.1623018,0,,,OMSO2e,4,-0.0266666691750288,6
2026-07-10,L100000100779,Jinzhushan power station,Hunan,27.6252776,111.4823651,0,,,OMSO2e,4,0.1459999978542328,5
2026-07-10,L100000100782,Liyujiang power station,Hunan,25.940443,113.192476,0,,,OMSO2e,4,0.0399999991059303,5
2026-07-10,L100000100785,Shenhua Yongzhou power station,Hunan,26.56672,111.492692,0,,,OMSO2e,4,-0.0499999932944774,4
2026-07-10,L100000100786,Guoneng Yueyang power station,Hunan,29.6129835,112.754572,0,,,OMSO2e,4,0.0266666691750288,6
2026-07-10,L100000100788,Xiangtan power station,Hunan,27.8282792,112.9968045,0,,,OMSO2e,4,-0.2399999946355819,1
2026-07-10,L100000100789,Yiyang power station,Hunan,28.5966667,112.2686111,0,,,OMSO2e,4,0.0671428516507148,7
2026-07-10,L100000100795,Baotou Aluminum power station,Inner Mongolia,40.557202,110.148382,1,IM_voluntary,2015.0,OMSO2e,4,,0
2026-07-10,L100000100811,Chifeng Yuanbaoshan power station,Inner Mongolia,42.303333,119.324167,1,IM_voluntary,2015.0,OMSO2e,4,,0
2026-07-10,L100000100813,Chuangyuan Smelter power station,Inner Mongolia,45.437275,119.427496,1,IM_voluntary,2015.0,OMSO2e,4,,0
2026-07-10,L100000100822,Daihai power station,Inner Mongolia,40.519675,112.667725,1,IM_voluntary,2015.0,OMSO2e,4,,0
2026-07-10,L100000100823,Dalate power station,Inner Mongolia,40.36695,109.99604,1,IM_voluntary,2015.0,OMSO2e,4,,0
2026-07-10,L100000100830,Togtoh power station,Inner Mongolia,40.1952329,111.358881,1,IM_voluntary,2015.0,OMSO2e,4,,0
2026-07-10,L100000100845,Guoneng Shanghaimiao power station,Inner Mongolia,38.309587,106.679378,1,IM_voluntary,2015.0,OMSO2e,4,,0
2026-07-10,L100000100847,Jiangsu Energy Group Wulagai power station,Inner Mongolia,45.955947,119.106454,1,IM_voluntary,2015.0,OMSO2e,4,,0
2026-07-10,L100000100861,Hohhot Jinshan cogen power station,Inner Mongolia,40.7072133,111.4600879,1,IM_voluntary,2015.0,OMSO2e,4,,0
2026-07-10,L100000100863,Hongjun Aluminum power station,Inner Mongolia,45.5128784,119.6504373,1,IM_voluntary,2015.0,OMSO2e,4,,0
2026-07-10,L100000100887,Shangdu power station,Inner Mongolia,42.22369,116.029256,1,IM_voluntary,2015.0,OMSO2e,4,,0
2026-07-10,L100000100888,Inner Mongolia Changcheng power station,Inner Mongolia,38.249688,106.657876,1,IM_voluntary,2015.0,OMSO2e,4,,0
2026-07-10,L100000100894,Yimin power station,Inner Mongolia,48.549722,119.773889,1,IM_voluntary,2015.0,OMSO2e,4,,0
2026-07-10,L100000100899,Huolinhe Zhanute power station,Inner Mongolia,45.409847,119.596739,1,IM_voluntary,2015.0,OMSO2e,4,,0
2026-07-10,L100000100910,Jining power station,Inner Mongolia,41.053294,113.153289,1,IM_voluntary,2015.0,OMSO2e,4,,0
2026-07-10,L100000100913,Junggar Suancigou power station,Inner Mongolia,39.711744,111.200548,1,IM_voluntary,2015.0,OMSO2e,4,,0
2026-07-10,L100000100933,Mengtai Beijiao power station,Inner Mongolia,39.846004,109.984888,1,IM_voluntary,2015.0,OMSO2e,4,,0
2026-07-10,L100000100937,Ordos Power Qipanjing power station,Inner Mongolia,39.385235,106.965664,1,IM_voluntary,2015.0,OMSO2e,4,,0
2026-07-10,L100000100948,Inner Mongolia Shenglu power station,Inner Mongolia,38.373756,106.782583,1,IM_voluntary,2015.0,OMSO2e,4,,0
2026-07-10,L100000100954,Tongliao power station,Inner Mongolia,43.6713737,122.1535206,1,IM_voluntary,2015.0,OMSO2e,4,,0
2026-07-10,L100000100969,Changshu-1 power station,Jiangsu,31.753204,120.9634852,0,,,OMSO2e,4,,0
2026-07-10,L100000100970,Changshu-2 power station,Jiangsu,31.757764,120.97813,0,,,OMSO2e,4,,0
2026-07-10,L100000100973,Yancheng Binhai power station,Jiangsu,34.307421,120.246943,0,,,OMSO2e,4,,0
2026-07-10,L100000100974,Changzhou power station,Jiangsu,31.9583333,119.9925,0,,,OMSO2e,4,,0
2026-07-10,L100000100982,Taizhou power station,Jiangsu,32.187206,119.914444,0,,,OMSO2e,4,,0
2026-07-10,L100000100984,Guohua Xuzhou power station,Jiangsu,34.395144,117.259705,0,,,OMSO2e,4,,0
2026-07-10,L100000100988,Jurong power station,Jiangsu,32.19575,119.2497,0,,,OMSO2e,4,,0
2026-07-10,L100000100993,Jinling power station,Jiangsu,32.17178,119.01977,0,,,OMSO2e,4,,0
2026-07-10,L100000100997,Huaneng Taicang power station,Jiangsu,31.656908,121.17932,0,,,OMSO2e,4,,0
2026-07-10,L100000100998,Jianbi power station,Jiangsu,32.17693,119.57554,0,,,OMSO2e,4,,0
2026-07-10,L100000101000,Guoxin Jingjiang power station,Jiangsu,32.030487,120.383144,0,,,OMSO2e,4,,0
2026-07-10,L100000101005,Jiangsu Nantong power station,Jiangsu,32.03214,120.76956,0,,,OMSO2e,4,,0
2026-07-10,L100000101008,Jiangsu Sheyanggang power station,Jiangsu,33.8185009,120.4633498,0,,,OMSO2e,4,,0
2026-07-10,L100000101018,Ligang power station,Jiangsu,31.940813,120.0766476,0,,,OMSO2e,4,,0
2026-07-10,L100000101020,Lusigang power station,Jiangsu,32.05858,121.72669,0,,,OMSO2e,4,,0
2026-07-10,L100000101039,Xinhai power station,Jiangsu,34.57789,119.12671,0,,,OMSO2e,4,,0
2026-07-10,L100000101044,Xuzhou Pengcheng power station,Jiangsu,34.3779,117.17591,0,,,OMSO2e,4,,0
2026-07-10,L100000101047,Guoxin Yangzhou power station,Jiangsu,32.267778,119.419444,0,,,OMSO2e,4,,0
2026-07-10,L100000101053,Zhangjiagang Shazhou power station,Jiangsu,31.989733,120.6879258,0,,,OMSO2e,4,,0
2026-07-10,L100000101057,Fuzhou power station,Jiangxi,27.7844943,116.5644289,0,,,OMSO2e,4,,0
2026-07-10,L100000101058,Datang Xinyu power station,Jiangxi,27.679755,114.956506,0,,,OMSO2e,4,0.0383333303034305,6
2026-07-10,L100000101060,Fengcheng power station,Jiangxi,28.1943602,115.7088424,0,,,OMSO2e,4,-0.1400000005960464,1
2026-07-10,L100000101063,Guixi power station,Jiangxi,28.28914,117.2235,0,,,OMSO2e,4,,0
2026-07-10,L100000101068,Jinggangshan power station,Jiangxi,27.0474697,115.0203859,0,,,OMSO2e,4,0.0299999974668025,4
2026-07-10,L100000101069,Ruijin power station,Jiangxi,25.9244055,115.1028219,0,,,OMSO2e,4,-0.0400000028312206,6
2026-07-10,L100000101074,Shenhua Jiujiang power station,Jiangxi,29.826619,116.375973,0,,,OMSO2e,4,,0
2026-07-10,L100000101114,Shuangliao power station,Jilin,43.5282178,123.4633255,0,,,OMSO2e,4,,0
2026-07-10,L100000101160,Yingkou power station,Liaoning,40.303837,122.105968,0,,,OMSO2e,4,,0
2026-07-10,L100000101178,Suizhong power station,Liaoning,40.07962,120.00959,0,,,OMSO2e,4,,0
2026-07-10,L100000101181,Tieling power station,Liaoning,42.3450141,123.8030455,0,,,OMSO2e,4,,0
2026-07-10,L100000101187,Daba power station,Ningxia,37.9916691,105.9247833,0,,,OMSO2e,4,,0
2026-07-10,L100000101190,Ningdong Fangjiazhuang power station,Ningxia,37.837649,106.666501,0,,,OMSO2e,4,,0
2026-07-10,L100000101191,Shizuishan power station,Ningxia,39.2848224,106.7890371,0,,,OMSO2e,4,,0
2026-07-10,L100000101192,Ningdong power station,Ningxia,37.844757,106.786777,0,,,OMSO2e,4,,0
2026-07-10,L100000101203,Ningxia Lingwu power station,Ningxia,38.148333,106.345833,0,,,OMSO2e,4,,0
2026-07-10,L100000101219,Yuanyang Lake power station,Ningxia,38.0575,106.691389,0,,,OMSO2e,4,,0
2026-07-10,L100000101244,Fugu Qingshuichuan power station,Shaanxi,39.2048853,111.1190328,0,,,OMSO2e,4,,0
2026-07-10,L100000101246,Guodian Baoji-2 power station,Shaanxi,34.4980333,107.2181511,0,,,OMSO2e,4,,0
2026-07-10,L100000101252,Hancheng power station,Shaanxi,35.6007189,110.5557051,0,,,OMSO2e,4,,0
2026-07-10,L100000101265,Leilongwan power station,Shaanxi,37.925376,109.101678,0,,,OMSO2e,4,,0
2026-07-10,L100000101269,Pucheng power station,Shaanxi,34.9779314,109.7999759,0,,,OMSO2e,4,,0
2026-07-10,L100000101277,Fugu Miaogoumen power station,Shaanxi,39.208319,110.784956,0,,,OMSO2e,4,,0
2026-07-10,L100000101278,Jinjie power station,Shaanxi,38.7368389,110.1661297,0,,,OMSO2e,4,,0
2026-07-10,L100000101297,Yulin Hengshan power station,Shaanxi,38.03372,109.415067,0,,,OMSO2e,4,,0
2026-07-10,L100000101307,Binzhou Boxing power station,Shandong,37.27629,118.330855,0,,,OMSO2e,4,,0
2026-07-10,L100000101316,Datang Dongying power station,Shandong,38.113151,118.910229,0,,,OMSO2e,4,,0
2026-07-10,L100000101332,Guohua Shouguang power station,Shandong,37.269686,118.906738,0,,,OMSO2e,4,,0
2026-07-10,L100000101339,Huadian Laizhou power station,Shandong,37.432222,120.018056,0,,,OMSO2e,4,,0
2026-07-10,L100000101341,Shiliquan power station,Shandong,34.814444,117.573056,0,,,OMSO2e,4,,0
2026-07-10,L100000101342,Huadian Weifang power station,Shandong,36.6656392,119.2632115,0,,,OMSO2e,4,,0
2026-07-10,L100000101344,Huaneng Dezhou power station,Shandong,37.449349,116.2415516,0,,,OMSO2e,4,,0
2026-07-10,L100000101348,Huaneng Laiwu power station,Shandong,36.1342702,117.6849675,0,,,OMSO2e,4,,0
2026-07-10,L100000101383,Rizhao power station,Shandong,35.3454727,119.5104761,0,,,OMSO2e,4,,0
2026-07-10,L100000101399,Shiheng-2 power station,Shandong,36.2123187,116.5136301,0,,,OMSO2e,4,,0
2026-07-10,L100000101409,Weihai power station,Shandong,37.44899,122.20724,0,,,OMSO2e,4,,0
2026-07-10,L100000101415,Weiqiao Huji power station,Shandong,37.347901,117.781587,0,,,OMSO2e,4,,0
2026-07-10,L100000101420,Weiqiao Zouping-1 power station,Shandong,36.9106725,117.7853572,0,,,OMSO2e,4,,0
2026-07-10,L100000101425,Weiqiao Zouping-7 power station,Shandong,36.896297,117.860459,0,,,OMSO2e,4,,0
2026-07-10,L100000101429,Shandong Xinfa Xinyuan power station,Shandong,36.615766,116.225215,0,,,OMSO2e,4,,0
2026-07-10,L100000101442,Zouxian power station,Shandong,35.3255698,116.9260912,0,,,OMSO2e,4,,0
2026-07-10,L100000101444,Shanghai Caojing power station,Shanghai,30.76073,121.4008,1,SH_pilot,2013.0,OMSO2e,4,,0
2026-07-10,L100000101447,Shanghai Shidongkou power station,Shanghai,31.4650719,121.4048433,1,SH_pilot,2013.0,OMSO2e,4,,0
2026-07-10,L100000101448,Waigaoqiao power station,Shanghai,31.3536333,121.6002746,1,SH_pilot,2013.0,OMSO2e,4,,0
2026-07-10,L100000101515,Shanxi Zhaoguang power station,Shanxi,36.5537987,111.6917736,0,,,OMSO2e,4,,0
2026-07-10,L100000101518,Shenhua Hequ power station,Shanxi,39.3830746,111.1843014,0,,,OMSO2e,4,,0
2026-07-10,L100000101519,Shentou power station,Shanxi,39.550981,112.488736,0,,,OMSO2e,4,,0
2026-07-10,L100000101529,Tongmei Tashan power station,Shanxi,39.9249917,113.0839199,0,,,OMSO2e,4,,0
2026-07-10,L100000101542,Xishan Gujiao power station,Shanxi,37.8952266,112.0930982,0,,,OMSO2e,4,,0
2026-07-10,L100000101543,Yangcheng power station,Shanxi,35.466123,112.5742039,0,,,OMSO2e,4,,0
2026-07-10,L100000101551,Yuguang Coal power station,Shanxi,38.078135,113.482791,0,,,OMSO2e,4,,0
2026-07-10,L100000101554,Zhangshan power station,Shanxi,36.326115,113.081402,0,,,OMSO2e,4,,0
2026-07-10,L100000101555,Changzhi power station,Shanxi,36.3226498,113.0816012,0,,,OMSO2e,4,,0
2026-07-10,L100000101567,Guang'an power station,Sichuan,30.5288201,106.8264802,0,,,OMSO2e,4,0.1899999976158142,4
2026-07-10,L100000101580,Tianming power station,Sichuan,31.869616,104.910148,0,,,OMSO2e,4,,0
2026-07-10,L100000101588,Panshan power station,Tianjin,39.9801382,117.4630704,1,TJ_pilot,2013.0,OMSO2e,4,,0
2026-07-10,L100000101589,Tianjin Beijiang power station,Tianjin,39.2193209,117.9298639,1,TJ_pilot,2013.0,OMSO2e,4,,0
2026-07-10,L100000101617,East Hope Metals Wucaiwan power station,Xinjiang,44.6829461,89.1158667,0,,,OMSO2e,4,,0
2026-07-10,L100000101668,Xinjiang Qiya Smelter power station,Xinjiang,44.8955881,89.049629,0,,,OMSO2e,4,,0
2026-07-10,L100000101675,Shenhua Guoneng Hami power station,Xinjiang,42.411226,93.009166,0,,,OMSO2e,4,,0
2026-07-10,L100000101677,Shenhua Zhundong Wucaiwan power station,Xinjiang,44.795533,89.149825,0,,,OMSO2e,4,,0
2026-07-10,L100000101681,Tianchi Changji cogen power station,Xinjiang,44.004362,87.171961,0,,,OMSO2e,4,,0
2026-07-10,L100000101682,Tianchi Energy Zhundong Wucaiwan power station,Xinjiang,44.8524482,89.1959171,0,,,OMSO2e,4,,0
2026-07-10,L100000101696,Wucaiwan Bei'er power station,Xinjiang,44.8388927,89.1908616,0,,,OMSO2e,4,,0
2026-07-10,L100000101697,Wujiaqu power station,Xinjiang,44.26892,87.687877,0,,,OMSO2e,4,,0
2026-07-10,L100000101709,XPCC Shihezi Cogen power station,Xinjiang,44.428094,86.093609,0,,,OMSO2e,4,,0
2026-07-10,L100000101716,Diandong power station,Yunnan,25.19943,104.6819,0,,,OMSO2e,4,,0
2026-07-10,L100000101730,Wushashan power station,Zhejiang,29.505411,121.662934,0,,,OMSO2e,4,,0
2026-07-10,L100000101731,Beilun power station,Zhejiang,29.9427256,121.8131207,0,,,OMSO2e,4,,0
2026-07-10,L100000101732,Guohua Zhoushan power station,Zhejiang,30.103996,122.184817,0,,,OMSO2e,4,,0
2026-07-10,L100000101736,Yuhuan power station,Zhejiang,28.1151529,121.1391369,0,,,OMSO2e,4,,0
2026-07-10,L100000101737,China Resources Wenzhou power station,Zhejiang,27.4974228,120.6631851,0,,,OMSO2e,4,,0
2026-07-10,L100000101739,Jiaxing power station,Zhejiang,30.62804,121.14422,0,,,OMSO2e,4,,0
2026-07-10,L100000101742,Lanxi power station,Zhejiang,29.1866175,119.5068449,0,,,OMSO2e,4,,0
2026-07-10,L100000101747,Ninghai power station,Zhejiang,29.4817622,121.5114792,0,,,OMSO2e,4,,0
2026-07-10,L100000101750,Zhejiang Taizhou-2 power station,Zhejiang,29.012395,121.695507,0,,,OMSO2e,4,,0
2026-07-10,L100000101761,Zheneng Liuheng power station,Zhejiang,29.7593387,122.1266091,0,,,OMSO2e,4,,0
2026-07-10,L100000101762,Zheneng Wenzhou power station,Zhejiang,27.9957103,120.8358582,0,,,OMSO2e,4,,0
2026-07-10,L100000101763,Zheneng Yueqing power station,Zhejiang,28.1704074,121.0889375,0,,,OMSO2e,4,,0
2026-07-10,L100000104506,Fu County power station,Shaanxi,35.858656,109.2167,0,,,OMSO2e,4,,0
2026-07-10,L100000104758,Hubei Yicheng power station,Hubei,31.781843,112.129461,1,HB_pilot,2014.0,OMSO2e,4,-0.0816666707396507,6
2026-07-10,L100000104917,Shanggao power station,Jiangxi,28.185566,114.825697,0,,,OMSO2e,4,0.1166666746139526,6
2026-07-10,L100000104944,Hami-Chongqing UHV Transmission Line power station,Xinjiang,44.53792,92.926001,0,,,OMSO2e,4,,0
2026-07-10,L100000104970,Jiangsu Guoxin Shazhou power station,Jiangsu,31.985654,120.684419,0,,,OMSO2e,4,,0
2026-07-10,L100000105025,Datong-2 power station,Shanxi,40.0279118,113.2933181,0,,,OMSO2e,4,,0
2026-07-09,L100000100200,Anhui Bengbu power station,Anhui,32.78444,117.11472,0,,,OMSO2e,4,,0
2026-07-09,L100000100201,Anhui Huainan Panji power station,Anhui,32.76917,116.759595,0,,,OMSO2e,4,,0
2026-07-09,L100000100205,Chizhou Jiuhua power station,Anhui,30.7531097,117.5906618,0,,,OMSO2e,4,,0
2026-07-09,L100000100206,Pingwei power station,Anhui,32.68417,116.901389,0,,,OMSO2e,4,,0
2026-07-09,L100000100211,Fuyang power station,Anhui,33.00444,115.845278,0,,,OMSO2e,4,-0.2680000066757202,5
2026-07-09,L100000100218,Wuhu power station,Anhui,31.2372348,118.1497184,0,,,OMSO2e,4,0.2300000041723251,2
2026-07-09,L100000100222,Huaibei Pingshan power station,Anhui,33.83392,116.831102,0,,,OMSO2e,4,,0
2026-07-09,L100000100223,Huainan Fengtai power station,Anhui,32.758,116.65,0,,,OMSO2e,4,,0
2026-07-09,L100000100225,Huainan Luohe power station,Anhui,32.68455,117.07511,0,,,OMSO2e,4,,0
2026-07-09,L100000100226,Huainan Tianji power station,Anhui,32.7465,116.8127,0,,,OMSO2e,4,,0
2026-07-09,L100000100233,Lixin Banji power station,Anhui,32.897245,116.242561,0,,,OMSO2e,4,-0.2800000011920929,3
2026-07-09,L100000100237,Anqing power station,Anhui,30.541,117.1717,0,,,OMSO2e,4,,0
2026-07-09,L100000100240,Suzhou Qianyingzi power station,Anhui,33.5107954,116.9261351,0,,,OMSO2e,4,,0
2026-07-09,L100000100242,Tongling Wanneng power station,Anhui,30.88181,117.76439,0,,,OMSO2e,4,,0
2026-07-09,L100000100245,Ma'anshan power station,Anhui,31.750737,118.4796925,0,,,OMSO2e,4,0.1466666609048843,3
2026-07-09,L100000100269,Chongqing Shuanghuai power station,Chongqing,30.1611074,106.5480599,1,CQ_pilot,2013.0,OMSO2e,4,,0
2026-07-09,L100000100272,Luohuang power station,Chongqing,29.347364,106.433182,1,CQ_pilot,2013.0,OMSO2e,4,,0
2026-07-09,L100000100276,Chongqing Wanzhou power station,Chongqing,30.677938,108.398976,1,CQ_pilot,2013.0,OMSO2e,4,,0
2026-07-09,L100000100283,Ningde power station,Fujian,26.7574469,119.7353942,1,FJ_pilot,2016.0,OMSO2e,4,-0.053333330899477,3
2026-07-09,L100000100285,Fujian Hongshan power station,Fujian,24.7272766,118.7496944,1,FJ_pilot,2016.0,OMSO2e,4,0.1200000047683715,4
2026-07-09,L100000100287,Fuzhou Kemen power station,Fujian,26.3734254,119.7622418,1,FJ_pilot,2016.0,OMSO2e,4,0.0800000056624412,6
2026-07-09,L100000100288,Fuzhou Jiangyin power station,Fujian,25.438464,119.3396226,1,FJ_pilot,2016.0,OMSO2e,4,-0.2199999988079071,5
2026-07-09,L100000100291,Houshi power station,Fujian,24.3030594,118.1259157,1,FJ_pilot,2016.0,OMSO2e,4,-0.055000003427267,6
2026-07-09,L100000100293,Huaneng Fuzhou power station,Fujian,25.99083,119.4816,1,FJ_pilot,2016.0,OMSO2e,4,0.1500000059604644,2
2026-07-09,L100000100298,Luoyuan Bay power station,Fujian,26.385334,119.789459,1,FJ_pilot,2016.0,OMSO2e,4,0.0485714338719844,7
2026-07-09,L100000100299,Meizhouwan power station,Fujian,25.1608278,119.0333354,1,FJ_pilot,2016.0,OMSO2e,4,0.0600000023841857,6
2026-07-09,L100000100300,Nanpu Quanzhou power station,Fujian,25.2044,118.94385,1,FJ_pilot,2016.0,OMSO2e,4,0.0040000020526349,5
2026-07-09,L100000100303,Xiamen Songyu power station,Fujian,24.4460582,118.0267975,1,FJ_pilot,2016.0,OMSO2e,4,-0.0150000024586915,4
2026-07-09,L100000100318,Guazhou Changle power station,Gansu,40.6599,96.513,0,,,OMSO2e,4,,0
2026-07-09,L100000100320,Zhangye power station,Gansu,39.071222,100.462929,0,,,OMSO2e,4,,0
2026-07-09,L100000100326,Pingliang power station,Gansu,35.5017,106.7861,0,,,OMSO2e,4,,0
2026-07-09,L100000100328,Gansu Zhengning power station,Gansu,35.268403,107.975564,0,,,OMSO2e,4,,0
2026-07-09,L100000100339,Lingtai power station,Gansu,35.0858218,107.7152829,0,,,OMSO2e,4,,0
2026-07-09,L100000100347,Chaozhou Sanbaimen power station,Guangdong,23.56645,117.0972,1,GD_pilot,2013.0,OMSO2e,4,-0.1724999994039535,4
2026-07-09,L100000100354,Leizhou power station,Guangdong,20.51161,109.82803,1,GD_pilot,2013.0,OMSO2e,4,,0
2026-07-09,L100000100358,Guangdong Huilai power station,Guangdong,23.0047771,116.5472388,1,GD_pilot,2013.0,OMSO2e,4,,0
2026-07-09,L100000100359,Guangdong Huizhou Pinghai power station,Guangdong,22.6064638,114.741919,1,GD_pilot,2013.0,OMSO2e,4,,0
2026-07-09,L100000100361,Guangdong Shaoguan power station,Guangdong,24.682,113.605,1,GD_pilot,2013.0,OMSO2e,4,,0
2026-07-09,L100000100372,Taishan power station,Guangdong,21.8667,112.9228,1,GD_pilot,2013.0,OMSO2e,4,,0
2026-07-09,L100000100377,Heyuan power station,Guangdong,23.567222,114.640278,1,GD_pilot,2013.0,OMSO2e,4,,0
2026-07-09,L100000100381,Haimen power station,Guangdong,23.1899,116.6548,1,GD_pilot,2013.0,OMSO2e,4,,0
2026-07-09,L100000100390,Lufeng Jiahuwan power station,Guangdong,22.832499,115.985482,1,GD_pilot,2013.0,OMSO2e,4,,0
2026-07-09,L100000100392,Maoming Bohe power station,Guangdong,21.441033,111.289628,1,GD_pilot,2013.0,OMSO2e,4,,0
2026-07-09,L100000100402,Shenhua Qingyuan power station,Guangdong,24.417008,113.540884,1,GD_pilot,2013.0,OMSO2e,4,,0
2026-07-09,L100000100407,Shanwei Haifeng CCS power station,Guangdong,22.7545453,115.0419938,1,GD_pilot,2013.0,OMSO2e,4,,0
2026-07-09,L100000100408,Shanwei Honghaiwan power station,Guangdong,22.70695,115.55529,1,GD_pilot,2013.0,OMSO2e,4,,0
2026-07-09,L100000100417,Yangxi Zhujiang power station,Guangdong,21.54264,111.67033,1,GD_pilot,2013.0,OMSO2e,4,,0
2026-07-09,L100000100418,Dabu power station,Guangdong,24.4057171,116.5877945,1,GD_pilot,2013.0,OMSO2e,4,-0.3100000023841858,1
2026-07-09,L100000100430,Beihai Bebuwan power station,Guangxi,21.5821851,109.5816259,0,,,OMSO2e,4,,0
2026-07-09,L100000100436,Fangchenggang Qisha power station,Guangxi,21.5914,108.3946,0,,,OMSO2e,4,,0
2026-07-09,L100000100437,Beihai power station,Guangxi,21.535871,109.590176,0,,,OMSO2e,4,,0
2026-07-09,L100000100444,Hezhou power station,Guangxi,24.73609,111.34667,0,,,OMSO2e,4,,0
2026-07-09,L100000100452,Qinzhou power station,Guangxi,21.7004655,108.6243063,0,,,OMSO2e,4,,0
2026-07-09,L100000100477,Guizhou Fa'er power station,Guizhou,26.3259319,104.7705622,0,,,OMSO2e,4,,0
2026-07-09,L100000100498,Panxian-2 power station,Guizhou,25.4686039,104.5924059,0,,,OMSO2e,4,,0
2026-07-09,L100000100502,Qianxi power station,Guizhou,27.0516899,106.1252456,0,,,OMSO2e,4,,0
2026-07-09,L100000100542,China Resources Caofeidian power station,Hebei,38.9960653,118.4875488,0,,,OMSO2e,4,-0.3216666877269745,6
2026-07-09,L100000100551,Dingzhou power station,Hebei,38.5122064,114.8433969,0,,,OMSO2e,4,,0
2026-07-09,L100000100568,Shang'an power station,Hebei,38.05729,114.19627,0,,,OMSO2e,4,,0
2026-07-09,L100000100569,Hebei Cangdong power station,Hebei,38.31,117.8786111,0,,,OMSO2e,4,-0.0333333313465118,6
2026-07-09,L100000100591,Xibaipo power station,Hebei,38.245068,114.2149428,0,,,OMSO2e,4,,0
2026-07-09,L100000100598,Zhangjiakou power station,Hebei,40.6595781,114.9438143,0,,,OMSO2e,4,0.1033333241939544,6
2026-07-09,L100000100610,Qitaihe power station,Heilongjiang,45.7604176,131.0533476,0,,,OMSO2e,4,-0.050000000745058,1
2026-07-09,L100000100647,Datang Sanmenxia power station,Henan,34.6855176,111.0274363,0,,,OMSO2e,4,0.4199999868869781,1
2026-07-09,L100000100648,Xinyang power station,Henan,32.109018,114.140877,0,,,OMSO2e,4,,0
2026-07-09,L100000100650,Dengfeng-2 power station,Henan,34.39274,113.19878,0,,,OMSO2e,4,0.3700000047683716,2
2026-07-09,L100000100657,Hebi power station,Henan,35.851366,114.1798126,0,,,OMSO2e,4,,0
2026-07-09,L100000100664,Henan Xin'an power station,Henan,34.7413202,112.0634119,0,,,OMSO2e,4,0.4199999868869781,3
2026-07-09,L100000100665,Henan Xinmi power station,Henan,34.50003,113.59801,0,,,OMSO2e,4,0.3700000047683716,3
2026-07-09,L100000100677,Qinbei power station,Henan,35.1676,112.71654,0,,,OMSO2e,4,,0
2026-07-09,L100000100680,Jiaozuo Danhe power station,Henan,35.188487,112.887561,0,,,OMSO2e,4,0.2899999916553497,1
2026-07-09,L100000100696,Nanyang Yahekou power station,Henan,33.3086427,112.644474,0,,,OMSO2e,4,,0
2026-07-09,L100000100697,Pingdingshan Luyang power station,Henan,33.82189,113.01438,0,,,OMSO2e,4,,0
2026-07-09,L100000100707,Nanyang Neixiang power station,Henan,33.086416,111.90004,0,,,OMSO2e,4,,0
2026-07-09,L100000100716,Xuchang Yulong power station,Henan,34.1751132,113.3581446,0,,,OMSO2e,4,,0
2026-07-09,L100000100717,Yaomeng power station,Henan,33.7379928,113.2418822,0,,,OMSO2e,4,,0
2026-07-09,L100000100730,Dabieshan power station,Hubei,31.1420662,114.8921871,1,HB_pilot,2014.0,OMSO2e,4,,0
2026-07-09,L100000100737,Hanchuan power station,Hubei,30.6566087,113.9172741,1,HB_pilot,2014.0,OMSO2e,4,,0
2026-07-09,L100000100740,Huadian Xisaishan power station,Hubei,30.203056,115.180278,1,HB_pilot,2014.0,OMSO2e,4,,0
2026-07-09,L100000100742,Yangluo power station,Hubei,30.6938889,114.5430556,1,HB_pilot,2014.0,OMSO2e,4,,0
2026-07-09,L100000100745,Hubei Ezhou power station,Hubei,30.5517656,114.6420121,1,HB_pilot,2014.0,OMSO2e,4,,0
2026-07-09,L100000100751,Puqi Xianning power station,Hubei,29.66523,113.87296,1,HB_pilot,2014.0,OMSO2e,4,,0
2026-07-09,L100000100760,Huadian Xiangyang power station,Hubei,31.9118256,112.16692,1,HB_pilot,2014.0,OMSO2e,4,,0
2026-07-09,L100000100771,Pingjiang power station,Hunan,28.808542,113.54144,0,,,OMSO2e,4,-0.0700000002980232,4
2026-07-09,L100000100773,Huaneng Yueyang power station,Hunan,29.4497908,113.1623018,0,,,OMSO2e,4,0.0150000005960464,6
2026-07-09,L100000100779,Jinzhushan power station,Hunan,27.6252776,111.4823651,0,,,OMSO2e,4,,0
2026-07-09,L100000100782,Liyujiang power station,Hunan,25.940443,113.192476,0,,,OMSO2e,4,,0
2026-07-09,L100000100785,Shenhua Yongzhou power station,Hunan,26.56672,111.492692,0,,,OMSO2e,4,,0
2026-07-09,L100000100786,Guoneng Yueyang power station,Hunan,29.6129835,112.754572,0,,,OMSO2e,4,0.03999999538064,6
2026-07-09,L100000100788,Xiangtan power station,Hunan,27.8282792,112.9968045,0,,,OMSO2e,4,,0
2026-07-09,L100000100789,Yiyang power station,Hunan,28.5966667,112.2686111,0,,,OMSO2e,4,0.0942857265472412,7
2026-07-09,L100000100795,Baotou Aluminum power station,Inner Mongolia,40.557202,110.148382,1,IM_voluntary,2015.0,OMSO2e,4,,0
2026-07-09,L100000100811,Chifeng Yuanbaoshan power station,Inner Mongolia,42.303333,119.324167,1,IM_voluntary,2015.0,OMSO2e,4,,0
2026-07-09,L100000100813,Chuangyuan Smelter power station,Inner Mongolia,45.437275,119.427496,1,IM_voluntary,2015.0,OMSO2e,4,,0
2026-07-09,L100000100822,Daihai power station,Inner Mongolia,40.519675,112.667725,1,IM_voluntary,2015.0,OMSO2e,4,,0
2026-07-09,L100000100823,Dalate power station,Inner Mongolia,40.36695,109.99604,1,IM_voluntary,2015.0,OMSO2e,4,,0
2026-07-09,L100000100830,Togtoh power station,Inner Mongolia,40.1952329,111.358881,1,IM_voluntary,2015.0,OMSO2e,4,0.1250000149011612,6
2026-07-09,L100000100845,Guoneng Shanghaimiao power station,Inner Mongolia,38.309587,106.679378,1,IM_voluntary,2015.0,OMSO2e,4,,0
2026-07-09,L100000100847,Jiangsu Energy Group Wulagai power station,Inner Mongolia,45.955947,119.106454,1,IM_voluntary,2015.0,OMSO2e,4,,0
2026-07-09,L100000100861,Hohhot Jinshan cogen power station,Inner Mongolia,40.7072133,111.4600879,1,IM_voluntary,2015.0,OMSO2e,4,-0.0700000002980232,3
2026-07-09,L100000100863,Hongjun Aluminum power station,Inner Mongolia,45.5128784,119.6504373,1,IM_voluntary,2015.0,OMSO2e,4,,0
2026-07-09,L100000100887,Shangdu power station,Inner Mongolia,42.22369,116.029256,1,IM_voluntary,2015.0,OMSO2e,4,-0.2124999910593032,4
2026-07-09,L100000100888,Inner Mongolia Changcheng power station,Inner Mongolia,38.249688,106.657876,1,IM_voluntary,2015.0,OMSO2e,4,,0
2026-07-09,L100000100894,Yimin power station,Inner Mongolia,48.549722,119.773889,1,IM_voluntary,2015.0,OMSO2e,4,,0
2026-07-09,L100000100899,Huolinhe Zhanute power station,Inner Mongolia,45.409847,119.596739,1,IM_voluntary,2015.0,OMSO2e,4,,0
2026-07-09,L100000100910,Jining power station,Inner Mongolia,41.053294,113.153289,1,IM_voluntary,2015.0,OMSO2e,4,,0
2026-07-09,L100000100913,Junggar Suancigou power station,Inner Mongolia,39.711744,111.200548,1,IM_voluntary,2015.0,OMSO2e,4,0.0700000002980232,3
2026-07-09,L100000100933,Mengtai Beijiao power station,Inner Mongolia,39.846004,109.984888,1,IM_voluntary,2015.0,OMSO2e,4,,0
2026-07-09,L100000100937,Ordos Power Qipanjing power station,Inner Mongolia,39.385235,106.965664,1,IM_voluntary,2015.0,OMSO2e,4,,0
2026-07-09,L100000100948,Inner Mongolia Shenglu power station,Inner Mongolia,38.373756,106.782583,1,IM_voluntary,2015.0,OMSO2e,4,,0
2026-07-09,L100000100954,Tongliao power station,Inner Mongolia,43.6713737,122.1535206,1,IM_voluntary,2015.0,OMSO2e,4,,0
2026-07-09,L100000100969,Changshu-1 power station,Jiangsu,31.753204,120.9634852,0,,,OMSO2e,4,,0
2026-07-09,L100000100970,Changshu-2 power station,Jiangsu,31.757764,120.97813,0,,,OMSO2e,4,,0
2026-07-09,L100000100973,Yancheng Binhai power station,Jiangsu,34.307421,120.246943,0,,,OMSO2e,4,0.1299999952316284,4
2026-07-09,L100000100974,Changzhou power station,Jiangsu,31.9583333,119.9925,0,,,OMSO2e,4,0.2250000238418579,4
2026-07-09,L100000100982,Taizhou power station,Jiangsu,32.187206,119.914444,0,,,OMSO2e,4,0.1025000065565109,4
2026-07-09,L100000100984,Guohua Xuzhou power station,Jiangsu,34.395144,117.259705,0,,,OMSO2e,4,,0
2026-07-09,L100000100988,Jurong power station,Jiangsu,32.19575,119.2497,0,,,OMSO2e,4,-0.0700000002980232,2
2026-07-09,L100000100993,Jinling power station,Jiangsu,32.17178,119.01977,0,,,OMSO2e,4,-0.0999999940395355,4
2026-07-09,L100000100997,Huaneng Taicang power station,Jiangsu,31.656908,121.17932,0,,,OMSO2e,4,,0
2026-07-09,L100000100998,Jianbi power station,Jiangsu,32.17693,119.57554,0,,,OMSO2e,4,0.1266666799783706,3
2026-07-09,L100000101000,Guoxin Jingjiang power station,Jiangsu,32.030487,120.383144,0,,,OMSO2e,4,0.1800000071525573,3
2026-07-09,L100000101005,Jiangsu Nantong power station,Jiangsu,32.03214,120.76956,0,,,OMSO2e,4,,0
2026-07-09,L100000101008,Jiangsu Sheyanggang power station,Jiangsu,33.8185009,120.4633498,0,,,OMSO2e,4,0.0400000065565109,2
2026-07-09,L100000101018,Ligang power station,Jiangsu,31.940813,120.0766476,0,,,OMSO2e,4,0.1980000287294387,5
2026-07-09,L100000101020,Lusigang power station,Jiangsu,32.05858,121.72669,0,,,OMSO2e,4,,0
2026-07-09,L100000101039,Xinhai power station,Jiangsu,34.57789,119.12671,0,,,OMSO2e,4,,0
2026-07-09,L100000101044,Xuzhou Pengcheng power station,Jiangsu,34.3779,117.17591,0,,,OMSO2e,4,,0
2026-07-09,L100000101047,Guoxin Yangzhou power station,Jiangsu,32.267778,119.419444,0,,,OMSO2e,4,-0.0700000002980232,2
2026-07-09,L100000101053,Zhangjiagang Shazhou power station,Jiangsu,31.989733,120.6879258,0,,,OMSO2e,4,0.0900000035762786,1
2026-07-09,L100000101057,Fuzhou power station,Jiangxi,27.7844943,116.5644289,0,,,OMSO2e,4,,0
2026-07-09,L100000101058,Datang Xinyu power station,Jiangxi,27.679755,114.956506,0,,,OMSO2e,4,,0
2026-07-09,L100000101060,Fengcheng power station,Jiangxi,28.1943602,115.7088424,0,,,OMSO2e,4,,0
2026-07-09,L100000101063,Guixi power station,Jiangxi,28.28914,117.2235,0,,,OMSO2e,4,,0
2026-07-09,L100000101068,Jinggangshan power station,Jiangxi,27.0474697,115.0203859,0,,,OMSO2e,4,,0
2026-07-09,L100000101069,Ruijin power station,Jiangxi,25.9244055,115.1028219,0,,,OMSO2e,4,,0
2026-07-09,L100000101074,Shenhua Jiujiang power station,Jiangxi,29.826619,116.375973,0,,,OMSO2e,4,0.3700000047683716,4
2026-07-09,L100000101114,Shuangliao power station,Jilin,43.5282178,123.4633255,0,,,OMSO2e,4,,0
2026-07-09,L100000101160,Yingkou power station,Liaoning,40.303837,122.105968,0,,,OMSO2e,4,,0
2026-07-09,L100000101178,Suizhong power station,Liaoning,40.07962,120.00959,0,,,OMSO2e,4,0.1000000014901161,1
2026-07-09,L100000101181,Tieling power station,Liaoning,42.3450141,123.8030455,0,,,OMSO2e,4,,0
2026-07-09,L100000101187,Daba power station,Ningxia,37.9916691,105.9247833,0,,,OMSO2e,4,,0
2026-07-09,L100000101190,Ningdong Fangjiazhuang power station,Ningxia,37.837649,106.666501,0,,,OMSO2e,4,,0
2026-07-09,L100000101191,Shizuishan power station,Ningxia,39.2848224,106.7890371,0,,,OMSO2e,4,,0
2026-07-09,L100000101192,Ningdong power station,Ningxia,37.844757,106.786777,0,,,OMSO2e,4,,0
2026-07-09,L100000101203,Ningxia Lingwu power station,Ningxia,38.148333,106.345833,0,,,OMSO2e,4,,0
2026-07-09,L100000101219,Yuanyang Lake power station,Ningxia,38.0575,106.691389,0,,,OMSO2e,4,,0
2026-07-09,L100000101244,Fugu Qingshuichuan power station,Shaanxi,39.2048853,111.1190328,0,,,OMSO2e,4,,0
2026-07-09,L100000101246,Guodian Baoji-2 power station,Shaanxi,34.4980333,107.2181511,0,,,OMSO2e,4,,0
2026-07-09,L100000101252,Hancheng power station,Shaanxi,35.6007189,110.5557051,0,,,OMSO2e,4,,0
2026-07-09,L100000101265,Leilongwan power station,Shaanxi,37.925376,109.101678,0,,,OMSO2e,4,,0
2026-07-09,L100000101269,Pucheng power station,Shaanxi,34.9779314,109.7999759,0,,,OMSO2e,4,,0
2026-07-09,L100000101277,Fugu Miaogoumen power station,Shaanxi,39.208319,110.784956,0,,,OMSO2e,4,,0
2026-07-09,L100000101278,Jinjie power station,Shaanxi,38.7368389,110.1661297,0,,,OMSO2e,4,,0
2026-07-09,L100000101297,Yulin Hengshan power station,Shaanxi,38.03372,109.415067,0,,,OMSO2e,4,,0
2026-07-09,L100000101307,Binzhou Boxing power station,Shandong,37.27629,118.330855,0,,,OMSO2e,4,0.1500000059604644,2
2026-07-09,L100000101316,Datang Dongying power station,Shandong,38.113151,118.910229,0,,,OMSO2e,4,,0
2026-07-09,L100000101332,Guohua Shouguang power station,Shandong,37.269686,118.906738,0,,,OMSO2e,4,,0
2026-07-09,L100000101339,Huadian Laizhou power station,Shandong,37.432222,120.018056,0,,,OMSO2e,4,,0
2026-07-09,L100000101341,Shiliquan power station,Shandong,34.814444,117.573056,0,,,OMSO2e,4,,0
2026-07-09,L100000101342,Huadian Weifang power station,Shandong,36.6656392,119.2632115,0,,,OMSO2e,4,,0
2026-07-09,L100000101344,Huaneng Dezhou power station,Shandong,37.449349,116.2415516,0,,,OMSO2e,4,-0.1019999980926513,5
2026-07-09,L100000101348,Huaneng Laiwu power station,Shandong,36.1342702,117.6849675,0,,,OMSO2e,4,0.0199999995529651,2
2026-07-09,L100000101383,Rizhao power station,Shandong,35.3454727,119.5104761,0,,,OMSO2e,4,0.0300000011920928,3
2026-07-09,L100000101399,Shiheng-2 power station,Shandong,36.2123187,116.5136301,0,,,OMSO2e,4,,0
2026-07-09,L100000101409,Weihai power station,Shandong,37.44899,122.20724,0,,,OMSO2e,4,,0
2026-07-09,L100000101415,Weiqiao Huji power station,Shandong,37.347901,117.781587,0,,,OMSO2e,4,0.1514285802841186,7
2026-07-09,L100000101420,Weiqiao Zouping-1 power station,Shandong,36.9106725,117.7853572,0,,,OMSO2e,4,0.2214285582304,7
2026-07-09,L100000101425,Weiqiao Zouping-7 power station,Shandong,36.896297,117.860459,0,,,OMSO2e,4,0.2071428447961807,7
2026-07-09,L100000101429,Shandong Xinfa Xinyuan power station,Shandong,36.615766,116.225215,0,,,OMSO2e,4,0.3400000035762787,1
2026-07-09,L100000101442,Zouxian power station,Shandong,35.3255698,116.9260912,0,,,OMSO2e,4,,0
2026-07-09,L100000101444,Shanghai Caojing power station,Shanghai,30.76073,121.4008,1,SH_pilot,2013.0,OMSO2e,4,,0
2026-07-09,L100000101447,Shanghai Shidongkou power station,Shanghai,31.4650719,121.4048433,1,SH_pilot,2013.0,OMSO2e,4,,0
2026-07-09,L100000101448,Waigaoqiao power station,Shanghai,31.3536333,121.6002746,1,SH_pilot,2013.0,OMSO2e,4,,0
2026-07-09,L100000101515,Shanxi Zhaoguang power station,Shanxi,36.5537987,111.6917736,0,,,OMSO2e,4,,0
2026-07-09,L100000101518,Shenhua Hequ power station,Shanxi,39.3830746,111.1843014,0,,,OMSO2e,4,,0
2026-07-09,L100000101519,Shentou power station,Shanxi,39.550981,112.488736,0,,,OMSO2e,4,,0
2026-07-09,L100000101529,Tongmei Tashan power station,Shanxi,39.9249917,113.0839199,0,,,OMSO2e,4,,0
2026-07-09,L100000101542,Xishan Gujiao power station,Shanxi,37.8952266,112.0930982,0,,,OMSO2e,4,,0
2026-07-09,L100000101543,Yangcheng power station,Shanxi,35.466123,112.5742039,0,,,OMSO2e,4,,0
2026-07-09,L100000101551,Yuguang Coal power station,Shanxi,38.078135,113.482791,0,,,OMSO2e,4,,0
2026-07-09,L100000101554,Zhangshan power station,Shanxi,36.326115,113.081402,0,,,OMSO2e,4,,0
2026-07-09,L100000101555,Changzhi power station,Shanxi,36.3226498,113.0816012,0,,,OMSO2e,4,,0
2026-07-09,L100000101567,Guang'an power station,Sichuan,30.5288201,106.8264802,0,,,OMSO2e,4,,0
2026-07-09,L100000101580,Tianming power station,Sichuan,31.869616,104.910148,0,,,OMSO2e,4,,0
2026-07-09,L100000101588,Panshan power station,Tianjin,39.9801382,117.4630704,1,TJ_pilot,2013.0,OMSO2e,4,0.209999993443489,6
2026-07-09,L100000101589,Tianjin Beijiang power station,Tianjin,39.2193209,117.9298639,1,TJ_pilot,2013.0,OMSO2e,4,-0.103333331644535,6
2026-07-09,L100000101617,East Hope Metals Wucaiwan power station,Xinjiang,44.6829461,89.1158667,0,,,OMSO2e,4,,0
2026-07-09,L100000101668,Xinjiang Qiya Smelter power station,Xinjiang,44.8955881,89.049629,0,,,OMSO2e,4,,0
2026-07-09,L100000101675,Shenhua Guoneng Hami power station,Xinjiang,42.411226,93.009166,0,,,OMSO2e,4,,0
2026-07-09,L100000101677,Shenhua Zhundong Wucaiwan power station,Xinjiang,44.795533,89.149825,0,,,OMSO2e,4,,0
2026-07-09,L100000101681,Tianchi Changji cogen power station,Xinjiang,44.004362,87.171961,0,,,OMSO2e,4,,0
2026-07-09,L100000101682,Tianchi Energy Zhundong Wucaiwan power station,Xinjiang,44.8524482,89.1959171,0,,,OMSO2e,4,,0
2026-07-09,L100000101696,Wucaiwan Bei'er power station,Xinjiang,44.8388927,89.1908616,0,,,OMSO2e,4,,0
2026-07-09,L100000101697,Wujiaqu power station,Xinjiang,44.26892,87.687877,0,,,OMSO2e,4,,0
2026-07-09,L100000101709,XPCC Shihezi Cogen power station,Xinjiang,44.428094,86.093609,0,,,OMSO2e,4,-0.1516666710376739,6
2026-07-09,L100000101716,Diandong power station,Yunnan,25.19943,104.6819,0,,,OMSO2e,4,,0
2026-07-09,L100000101730,Wushashan power station,Zhejiang,29.505411,121.662934,0,,,OMSO2e,4,-0.0240000076591968,5
2026-07-09,L100000101731,Beilun power station,Zhejiang,29.9427256,121.8131207,0,,,OMSO2e,4,-0.0099999997764825,2
2026-07-09,L100000101732,Guohua Zhoushan power station,Zhejiang,30.103996,122.184817,0,,,OMSO2e,4,-0.0799999982118606,4
2026-07-09,L100000101736,Yuhuan power station,Zhejiang,28.1151529,121.1391369,0,,,OMSO2e,4,-0.0539999976754188,5
2026-07-09,L100000101737,China Resources Wenzhou power station,Zhejiang,27.4974228,120.6631851,0,,,OMSO2e,4,0.2166666537523269,6
2026-07-09,L100000101739,Jiaxing power station,Zhejiang,30.62804,121.14422,0,,,OMSO2e,4,,0
2026-07-09,L100000101742,Lanxi power station,Zhejiang,29.1866175,119.5068449,0,,,OMSO2e,4,,0
2026-07-09,L100000101747,Ninghai power station,Zhejiang,29.4817622,121.5114792,0,,,OMSO2e,4,-0.060000006109476,3
2026-07-09,L100000101750,Zhejiang Taizhou-2 power station,Zhejiang,29.012395,121.695507,0,,,OMSO2e,4,-0.0216666664928197,6
2026-07-09,L100000101761,Zheneng Liuheng power station,Zhejiang,29.7593387,122.1266091,0,,,OMSO2e,4,-0.0616666674613952,6
2026-07-09,L100000101762,Zheneng Wenzhou power station,Zhejiang,27.9957103,120.8358582,0,,,OMSO2e,4,-0.0266666654497385,6
2026-07-09,L100000101763,Zheneng Yueqing power station,Zhejiang,28.1704074,121.0889375,0,,,OMSO2e,4,-0.036666665226221,6
2026-07-09,L100000104506,Fu County power station,Shaanxi,35.858656,109.2167,0,,,OMSO2e,4,,0
2026-07-09,L100000104758,Hubei Yicheng power station,Hubei,31.781843,112.129461,1,HB_pilot,2014.0,OMSO2e,4,,0
2026-07-09,L100000104917,Shanggao power station,Jiangxi,28.185566,114.825697,0,,,OMSO2e,4,,0
2026-07-09,L100000104944,Hami-Chongqing UHV Transmission Line power station,Xinjiang,44.53792,92.926001,0,,,OMSO2e,4,,0
2026-07-09,L100000104970,Jiangsu Guoxin Shazhou power station,Jiangsu,31.985654,120.684419,0,,,OMSO2e,4,0.0900000035762786,1
2026-07-09,L100000105025,Datong-2 power station,Shanxi,40.0279118,113.2933181,0,,,OMSO2e,4,,0
2026-07-08,L100000100200,Anhui Bengbu power station,Anhui,32.78444,117.11472,0,,,OMSO2e,4,,0
2026-07-08,L100000100201,Anhui Huainan Panji power station,Anhui,32.76917,116.759595,0,,,OMSO2e,4,,0
2026-07-08,L100000100205,Chizhou Jiuhua power station,Anhui,30.7531097,117.5906618,0,,,OMSO2e,4,,0
2026-07-08,L100000100206,Pingwei power station,Anhui,32.68417,116.901389,0,,,OMSO2e,4,,0
2026-07-08,L100000100211,Fuyang power station,Anhui,33.00444,115.845278,0,,,OMSO2e,4,,0
2026-07-08,L100000100218,Wuhu power station,Anhui,31.2372348,118.1497184,0,,,OMSO2e,4,,0
2026-07-08,L100000100222,Huaibei Pingshan power station,Anhui,33.83392,116.831102,0,,,OMSO2e,4,,0
2026-07-08,L100000100223,Huainan Fengtai power station,Anhui,32.758,116.65,0,,,OMSO2e,4,,0
2026-07-08,L100000100225,Huainan Luohe power station,Anhui,32.68455,117.07511,0,,,OMSO2e,4,,0
2026-07-08,L100000100226,Huainan Tianji power station,Anhui,32.7465,116.8127,0,,,OMSO2e,4,,0
2026-07-08,L100000100233,Lixin Banji power station,Anhui,32.897245,116.242561,0,,,OMSO2e,4,,0
2026-07-08,L100000100237,Anqing power station,Anhui,30.541,117.1717,0,,,OMSO2e,4,,0
2026-07-08,L100000100240,Suzhou Qianyingzi power station,Anhui,33.5107954,116.9261351,0,,,OMSO2e,4,,0
2026-07-08,L100000100242,Tongling Wanneng power station,Anhui,30.88181,117.76439,0,,,OMSO2e,4,,0
2026-07-08,L100000100245,Ma'anshan power station,Anhui,31.750737,118.4796925,0,,,OMSO2e,4,,0
2026-07-08,L100000100269,Chongqing Shuanghuai power station,Chongqing,30.1611074,106.5480599,1,CQ_pilot,2013.0,OMSO2e,4,0.0066666700877249,6
2026-07-08,L100000100272,Luohuang power station,Chongqing,29.347364,106.433182,1,CQ_pilot,2013.0,OMSO2e,4,0.2949999868869781,6
2026-07-08,L100000100276,Chongqing Wanzhou power station,Chongqing,30.677938,108.398976,1,CQ_pilot,2013.0,OMSO2e,4,-0.0816666558384895,6
2026-07-08,L100000100283,Ningde power station,Fujian,26.7574469,119.7353942,1,FJ_pilot,2016.0,OMSO2e,4,,0
2026-07-08,L100000100285,Fujian Hongshan power station,Fujian,24.7272766,118.7496944,1,FJ_pilot,2016.0,OMSO2e,4,,0
2026-07-08,L100000100287,Fuzhou Kemen power station,Fujian,26.3734254,119.7622418,1,FJ_pilot,2016.0,OMSO2e,4,,0
2026-07-08,L100000100288,Fuzhou Jiangyin power station,Fujian,25.438464,119.3396226,1,FJ_pilot,2016.0,OMSO2e,4,,0
2026-07-08,L100000100291,Houshi power station,Fujian,24.3030594,118.1259157,1,FJ_pilot,2016.0,OMSO2e,4,,0
2026-07-08,L100000100293,Huaneng Fuzhou power station,Fujian,25.99083,119.4816,1,FJ_pilot,2016.0,OMSO2e,4,,0
2026-07-08,L100000100298,Luoyuan Bay power station,Fujian,26.385334,119.789459,1,FJ_pilot,2016.0,OMSO2e,4,,0
2026-07-08,L100000100299,Meizhouwan power station,Fujian,25.1608278,119.0333354,1,FJ_pilot,2016.0,OMSO2e,4,,0
2026-07-08,L100000100300,Nanpu Quanzhou power station,Fujian,25.2044,118.94385,1,FJ_pilot,2016.0,OMSO2e,4,,0
2026-07-08,L100000100303,Xiamen Songyu power station,Fujian,24.4460582,118.0267975,1,FJ_pilot,2016.0,OMSO2e,4,,0
2026-07-08,L100000100318,Guazhou Changle power station,Gansu,40.6599,96.513,0,,,OMSO2e,4,,0
2026-07-08,L100000100320,Zhangye power station,Gansu,39.071222,100.462929,0,,,OMSO2e,4,,0
2026-07-08,L100000100326,Pingliang power station,Gansu,35.5017,106.7861,0,,,OMSO2e,4,0.0099999997764825,2
2026-07-08,L100000100328,Gansu Zhengning power station,Gansu,35.268403,107.975564,0,,,OMSO2e,4,-0.233333334326744,3
2026-07-08,L100000100339,Lingtai power station,Gansu,35.0858218,107.7152829,0,,,OMSO2e,4,-0.0616666674613952,6
2026-07-08,L100000100347,Chaozhou Sanbaimen power station,Guangdong,23.56645,117.0972,1,GD_pilot,2013.0,OMSO2e,4,,0
2026-07-08,L100000100354,Leizhou power station,Guangdong,20.51161,109.82803,1,GD_pilot,2013.0,OMSO2e,4,,0
2026-07-08,L100000100358,Guangdong Huilai power station,Guangdong,23.0047771,116.5472388,1,GD_pilot,2013.0,OMSO2e,4,,0
2026-07-08,L100000100359,Guangdong Huizhou Pinghai power station,Guangdong,22.6064638,114.741919,1,GD_pilot,2013.0,OMSO2e,4,,0
2026-07-08,L100000100361,Guangdong Shaoguan power station,Guangdong,24.682,113.605,1,GD_pilot,2013.0,OMSO2e,4,,0
2026-07-08,L100000100372,Taishan power station,Guangdong,21.8667,112.9228,1,GD_pilot,2013.0,OMSO2e,4,,0
2026-07-08,L100000100377,Heyuan power station,Guangdong,23.567222,114.640278,1,GD_pilot,2013.0,OMSO2e,4,,0
2026-07-08,L100000100381,Haimen power station,Guangdong,23.1899,116.6548,1,GD_pilot,2013.0,OMSO2e,4,,0
2026-07-08,L100000100390,Lufeng Jiahuwan power station,Guangdong,22.832499,115.985482,1,GD_pilot,2013.0,OMSO2e,4,,0
2026-07-08,L100000100392,Maoming Bohe power station,Guangdong,21.441033,111.289628,1,GD_pilot,2013.0,OMSO2e,4,0.0599999986588954,2
2026-07-08,L100000100402,Shenhua Qingyuan power station,Guangdong,24.417008,113.540884,1,GD_pilot,2013.0,OMSO2e,4,,0
2026-07-08,L100000100407,Shanwei Haifeng CCS power station,Guangdong,22.7545453,115.0419938,1,GD_pilot,2013.0,OMSO2e,4,,0
2026-07-08,L100000100408,Shanwei Honghaiwan power station,Guangdong,22.70695,115.55529,1,GD_pilot,2013.0,OMSO2e,4,,0
2026-07-08,L100000100417,Yangxi Zhujiang power station,Guangdong,21.54264,111.67033,1,GD_pilot,2013.0,OMSO2e,4,0.1500000059604644,2
2026-07-08,L100000100418,Dabu power station,Guangdong,24.4057171,116.5877945,1,GD_pilot,2013.0,OMSO2e,4,,0
2026-07-08,L100000100430,Beihai Bebuwan power station,Guangxi,21.5821851,109.5816259,0,,,OMSO2e,4,,0
2026-07-08,L100000100436,Fangchenggang Qisha power station,Guangxi,21.5914,108.3946,0,,,OMSO2e,4,,0
2026-07-08,L100000100437,Beihai power station,Guangxi,21.535871,109.590176,0,,,OMSO2e,4,,0
2026-07-08,L100000100444,Hezhou power station,Guangxi,24.73609,111.34667,0,,,OMSO2e,4,,0
2026-07-08,L100000100452,Qinzhou power station,Guangxi,21.7004655,108.6243063,0,,,OMSO2e,4,,0
2026-07-08,L100000100477,Guizhou Fa'er power station,Guizhou,26.3259319,104.7705622,0,,,OMSO2e,4,-0.2000000029802322,4
2026-07-08,L100000100498,Panxian-2 power station,Guizhou,25.4686039,104.5924059,0,,,OMSO2e,4,,0
2026-07-08,L100000100502,Qianxi power station,Guizhou,27.0516899,106.1252456,0,,,OMSO2e,4,,0
2026-07-08,L100000100542,China Resources Caofeidian power station,Hebei,38.9960653,118.4875488,0,,,OMSO2e,4,0.3600000143051147,1
2026-07-08,L100000100551,Dingzhou power station,Hebei,38.5122064,114.8433969,0,,,OMSO2e,4,,0
2026-07-08,L100000100568,Shang'an power station,Hebei,38.05729,114.19627,0,,,OMSO2e,4,,0
2026-07-08,L100000100569,Hebei Cangdong power station,Hebei,38.31,117.8786111,0,,,OMSO2e,4,,0
2026-07-08,L100000100591,Xibaipo power station,Hebei,38.245068,114.2149428,0,,,OMSO2e,4,,0
2026-07-08,L100000100598,Zhangjiakou power station,Hebei,40.6595781,114.9438143,0,,,OMSO2e,4,,0
2026-07-08,L100000100610,Qitaihe power station,Heilongjiang,45.7604176,131.0533476,0,,,OMSO2e,4,,0
2026-07-08,L100000100647,Datang Sanmenxia power station,Henan,34.6855176,111.0274363,0,,,OMSO2e,4,,0
2026-07-08,L100000100648,Xinyang power station,Henan,32.109018,114.140877,0,,,OMSO2e,4,,0
2026-07-08,L100000100650,Dengfeng-2 power station,Henan,34.39274,113.19878,0,,,OMSO2e,4,,0
2026-07-08,L100000100657,Hebi power station,Henan,35.851366,114.1798126,0,,,OMSO2e,4,,0
2026-07-08,L100000100664,Henan Xin'an power station,Henan,34.7413202,112.0634119,0,,,OMSO2e,4,,0
2026-07-08,L100000100665,Henan Xinmi power station,Henan,34.50003,113.59801,0,,,OMSO2e,4,,0
2026-07-08,L100000100677,Qinbei power station,Henan,35.1676,112.71654,0,,,OMSO2e,4,,0
2026-07-08,L100000100680,Jiaozuo Danhe power station,Henan,35.188487,112.887561,0,,,OMSO2e,4,,0
2026-07-08,L100000100696,Nanyang Yahekou power station,Henan,33.3086427,112.644474,0,,,OMSO2e,4,,0
2026-07-08,L100000100697,Pingdingshan Luyang power station,Henan,33.82189,113.01438,0,,,OMSO2e,4,,0
2026-07-08,L100000100707,Nanyang Neixiang power station,Henan,33.086416,111.90004,0,,,OMSO2e,4,,0
2026-07-08,L100000100716,Xuchang Yulong power station,Henan,34.1751132,113.3581446,0,,,OMSO2e,4,,0
2026-07-08,L100000100717,Yaomeng power station,Henan,33.7379928,113.2418822,0,,,OMSO2e,4,,0
2026-07-08,L100000100730,Dabieshan power station,Hubei,31.1420662,114.8921871,1,HB_pilot,2014.0,OMSO2e,4,,0
2026-07-08,L100000100737,Hanchuan power station,Hubei,30.6566087,113.9172741,1,HB_pilot,2014.0,OMSO2e,4,,0
2026-07-08,L100000100740,Huadian Xisaishan power station,Hubei,30.203056,115.180278,1,HB_pilot,2014.0,OMSO2e,4,,0
2026-07-08,L100000100742,Yangluo power station,Hubei,30.6938889,114.5430556,1,HB_pilot,2014.0,OMSO2e,4,,0
2026-07-08,L100000100745,Hubei Ezhou power station,Hubei,30.5517656,114.6420121,1,HB_pilot,2014.0,OMSO2e,4,,0
2026-07-08,L100000100751,Puqi Xianning power station,Hubei,29.66523,113.87296,1,HB_pilot,2014.0,OMSO2e,4,,0
2026-07-08,L100000100760,Huadian Xiangyang power station,Hubei,31.9118256,112.16692,1,HB_pilot,2014.0,OMSO2e,4,,0
2026-07-08,L100000100771,Pingjiang power station,Hunan,28.808542,113.54144,0,,,OMSO2e,4,,0
2026-07-08,L100000100773,Huaneng Yueyang power station,Hunan,29.4497908,113.1623018,0,,,OMSO2e,4,,0
2026-07-08,L100000100779,Jinzhushan power station,Hunan,27.6252776,111.4823651,0,,,OMSO2e,4,,0
2026-07-08,L100000100782,Liyujiang power station,Hunan,25.940443,113.192476,0,,,OMSO2e,4,,0
2026-07-08,L100000100785,Shenhua Yongzhou power station,Hunan,26.56672,111.492692,0,,,OMSO2e,4,,0
2026-07-08,L100000100786,Guoneng Yueyang power station,Hunan,29.6129835,112.754572,0,,,OMSO2e,4,,0
2026-07-08,L100000100788,Xiangtan power station,Hunan,27.8282792,112.9968045,0,,,OMSO2e,4,,0
2026-07-08,L100000100789,Yiyang power station,Hunan,28.5966667,112.2686111,0,,,OMSO2e,4,,0
2026-07-08,L100000100795,Baotou Aluminum power station,Inner Mongolia,40.557202,110.148382,1,IM_voluntary,2015.0,OMSO2e,4,,0
2026-07-08,L100000100811,Chifeng Yuanbaoshan power station,Inner Mongolia,42.303333,119.324167,1,IM_voluntary,2015.0,OMSO2e,4,,0
2026-07-08,L100000100813,Chuangyuan Smelter power station,Inner Mongolia,45.437275,119.427496,1,IM_voluntary,2015.0,OMSO2e,4,,0
2026-07-08,L100000100822,Daihai power station,Inner Mongolia,40.519675,112.667725,1,IM_voluntary,2015.0,OMSO2e,4,,0
2026-07-08,L100000100823,Dalate power station,Inner Mongolia,40.36695,109.99604,1,IM_voluntary,2015.0,OMSO2e,4,,0
2026-07-08,L100000100830,Togtoh power station,Inner Mongolia,40.1952329,111.358881,1,IM_voluntary,2015.0,OMSO2e,4,,0
2026-07-08,L100000100845,Guoneng Shanghaimiao power station,Inner Mongolia,38.309587,106.679378,1,IM_voluntary,2015.0,OMSO2e,4,,0
2026-07-08,L100000100847,Jiangsu Energy Group Wulagai power station,Inner Mongolia,45.955947,119.106454,1,IM_voluntary,2015.0,OMSO2e,4,,0
2026-07-08,L100000100861,Hohhot Jinshan cogen power station,Inner Mongolia,40.7072133,111.4600879,1,IM_voluntary,2015.0,OMSO2e,4,,0
2026-07-08,L100000100863,Hongjun Aluminum power station,Inner Mongolia,45.5128784,119.6504373,1,IM_voluntary,2015.0,OMSO2e,4,,0
2026-07-08,L100000100887,Shangdu power station,Inner Mongolia,42.22369,116.029256,1,IM_voluntary,2015.0,OMSO2e,4,,0
2026-07-08,L100000100888,Inner Mongolia Changcheng power station,Inner Mongolia,38.249688,106.657876,1,IM_voluntary,2015.0,OMSO2e,4,,0
2026-07-08,L100000100894,Yimin power station,Inner Mongolia,48.549722,119.773889,1,IM_voluntary,2015.0,OMSO2e,4,,0
2026-07-08,L100000100899,Huolinhe Zhanute power station,Inner Mongolia,45.409847,119.596739,1,IM_voluntary,2015.0,OMSO2e,4,,0
2026-07-08,L100000100910,Jining power station,Inner Mongolia,41.053294,113.153289,1,IM_voluntary,2015.0,OMSO2e,4,,0
2026-07-08,L100000100913,Junggar Suancigou power station,Inner Mongolia,39.711744,111.200548,1,IM_voluntary,2015.0,OMSO2e,4,,0
2026-07-08,L100000100933,Mengtai Beijiao power station,Inner Mongolia,39.846004,109.984888,1,IM_voluntary,2015.0,OMSO2e,4,,0
2026-07-08,L100000100937,Ordos Power Qipanjing power station,Inner Mongolia,39.385235,106.965664,1,IM_voluntary,2015.0,OMSO2e,4,,0
2026-07-08,L100000100948,Inner Mongolia Shenglu power station,Inner Mongolia,38.373756,106.782583,1,IM_voluntary,2015.0,OMSO2e,4,,0
2026-07-08,L100000100954,Tongliao power station,Inner Mongolia,43.6713737,122.1535206,1,IM_voluntary,2015.0,OMSO2e,4,,0
2026-07-08,L100000100969,Changshu-1 power station,Jiangsu,31.753204,120.9634852,0,,,OMSO2e,4,,0
2026-07-08,L100000100970,Changshu-2 power station,Jiangsu,31.757764,120.97813,0,,,OMSO2e,4,,0
2026-07-08,L100000100973,Yancheng Binhai power station,Jiangsu,34.307421,120.246943,0,,,OMSO2e,4,-0.1260000020265579,5
2026-07-08,L100000100974,Changzhou power station,Jiangsu,31.9583333,119.9925,0,,,OMSO2e,4,,0
2026-07-08,L100000100982,Taizhou power station,Jiangsu,32.187206,119.914444,0,,,OMSO2e,4,,0
2026-07-08,L100000100984,Guohua Xuzhou power station,Jiangsu,34.395144,117.259705,0,,,OMSO2e,4,,0
2026-07-08,L100000100988,Jurong power station,Jiangsu,32.19575,119.2497,0,,,OMSO2e,4,,0
2026-07-08,L100000100993,Jinling power station,Jiangsu,32.17178,119.01977,0,,,OMSO2e,4,,0
2026-07-08,L100000100997,Huaneng Taicang power station,Jiangsu,31.656908,121.17932,0,,,OMSO2e,4,,0
2026-07-08,L100000100998,Jianbi power station,Jiangsu,32.17693,119.57554,0,,,OMSO2e,4,,0
2026-07-08,L100000101000,Guoxin Jingjiang power station,Jiangsu,32.030487,120.383144,0,,,OMSO2e,4,,0
2026-07-08,L100000101005,Jiangsu Nantong power station,Jiangsu,32.03214,120.76956,0,,,OMSO2e,4,,0
2026-07-08,L100000101008,Jiangsu Sheyanggang power station,Jiangsu,33.8185009,120.4633498,0,,,OMSO2e,4,-0.1980000138282776,5
2026-07-08,L100000101018,Ligang power station,Jiangsu,31.940813,120.0766476,0,,,OMSO2e,4,,0
2026-07-08,L100000101020,Lusigang power station,Jiangsu,32.05858,121.72669,0,,,OMSO2e,4,,0
2026-07-08,L100000101039,Xinhai power station,Jiangsu,34.57789,119.12671,0,,,OMSO2e,4,0.0099999997764825,1
2026-07-08,L100000101044,Xuzhou Pengcheng power station,Jiangsu,34.3779,117.17591,0,,,OMSO2e,4,,0
2026-07-08,L100000101047,Guoxin Yangzhou power station,Jiangsu,32.267778,119.419444,0,,,OMSO2e,4,,0
2026-07-08,L100000101053,Zhangjiagang Shazhou power station,Jiangsu,31.989733,120.6879258,0,,,OMSO2e,4,,0
2026-07-08,L100000101057,Fuzhou power station,Jiangxi,27.7844943,116.5644289,0,,,OMSO2e,4,,0
2026-07-08,L100000101058,Datang Xinyu power station,Jiangxi,27.679755,114.956506,0,,,OMSO2e,4,,0
2026-07-08,L100000101060,Fengcheng power station,Jiangxi,28.1943602,115.7088424,0,,,OMSO2e,4,,0
2026-07-08,L100000101063,Guixi power station,Jiangxi,28.28914,117.2235,0,,,OMSO2e,4,,0
2026-07-08,L100000101068,Jinggangshan power station,Jiangxi,27.0474697,115.0203859,0,,,OMSO2e,4,,0
2026-07-08,L100000101069,Ruijin power station,Jiangxi,25.9244055,115.1028219,0,,,OMSO2e,4,,0
2026-07-08,L100000101074,Shenhua Jiujiang power station,Jiangxi,29.826619,116.375973,0,,,OMSO2e,4,,0
2026-07-08,L100000101114,Shuangliao power station,Jilin,43.5282178,123.4633255,0,,,OMSO2e,4,,0
2026-07-08,L100000101160,Yingkou power station,Liaoning,40.303837,122.105968,0,,,OMSO2e,4,,0
2026-07-08,L100000101178,Suizhong power station,Liaoning,40.07962,120.00959,0,,,OMSO2e,4,0.4133333265781402,6
2026-07-08,L100000101181,Tieling power station,Liaoning,42.3450141,123.8030455,0,,,OMSO2e,4,,0
2026-07-08,L100000101187,Daba power station,Ningxia,37.9916691,105.9247833,0,,,OMSO2e,4,,0
2026-07-08,L100000101190,Ningdong Fangjiazhuang power station,Ningxia,37.837649,106.666501,0,,,OMSO2e,4,,0
2026-07-08,L100000101191,Shizuishan power station,Ningxia,39.2848224,106.7890371,0,,,OMSO2e,4,,0
2026-07-08,L100000101192,Ningdong power station,Ningxia,37.844757,106.786777,0,,,OMSO2e,4,,0
2026-07-08,L100000101203,Ningxia Lingwu power station,Ningxia,38.148333,106.345833,0,,,OMSO2e,4,,0
2026-07-08,L100000101219,Yuanyang Lake power station,Ningxia,38.0575,106.691389,0,,,OMSO2e,4,,0
2026-07-08,L100000101244,Fugu Qingshuichuan power station,Shaanxi,39.2048853,111.1190328,0,,,OMSO2e,4,,0
2026-07-08,L100000101246,Guodian Baoji-2 power station,Shaanxi,34.4980333,107.2181511,0,,,OMSO2e,4,-0.0216666627675294,6
2026-07-08,L100000101252,Hancheng power station,Shaanxi,35.6007189,110.5557051,0,,,OMSO2e,4,,0
2026-07-08,L100000101265,Leilongwan power station,Shaanxi,37.925376,109.101678,0,,,OMSO2e,4,,0
2026-07-08,L100000101269,Pucheng power station,Shaanxi,34.9779314,109.7999759,0,,,OMSO2e,4,,0
2026-07-08,L100000101277,Fugu Miaogoumen power station,Shaanxi,39.208319,110.784956,0,,,OMSO2e,4,,0
2026-07-08,L100000101278,Jinjie power station,Shaanxi,38.7368389,110.1661297,0,,,OMSO2e,4,,0
2026-07-08,L100000101297,Yulin Hengshan power station,Shaanxi,38.03372,109.415067,0,,,OMSO2e,4,,0
2026-07-08,L100000101307,Binzhou Boxing power station,Shandong,37.27629,118.330855,0,,,OMSO2e,4,,0
2026-07-08,L100000101316,Datang Dongying power station,Shandong,38.113151,118.910229,0,,,OMSO2e,4,-0.3133333623409271,6
2026-07-08,L100000101332,Guohua Shouguang power station,Shandong,37.269686,118.906738,0,,,OMSO2e,4,0.625,2
2026-07-08,L100000101339,Huadian Laizhou power station,Shandong,37.432222,120.018056,0,,,OMSO2e,4,0.2219999730587005,5
2026-07-08,L100000101341,Shiliquan power station,Shandong,34.814444,117.573056,0,,,OMSO2e,4,,0
2026-07-08,L100000101342,Huadian Weifang power station,Shandong,36.6656392,119.2632115,0,,,OMSO2e,4,-0.3228571712970733,7
2026-07-08,L100000101344,Huaneng Dezhou power station,Shandong,37.449349,116.2415516,0,,,OMSO2e,4,,0
2026-07-08,L100000101348,Huaneng Laiwu power station,Shandong,36.1342702,117.6849675,0,,,OMSO2e,4,,0
2026-07-08,L100000101383,Rizhao power station,Shandong,35.3454727,119.5104761,0,,,OMSO2e,4,-0.2899999916553497,2
2026-07-08,L100000101399,Shiheng-2 power station,Shandong,36.2123187,116.5136301,0,,,OMSO2e,4,,0
2026-07-08,L100000101409,Weihai power station,Shandong,37.44899,122.20724,0,,,OMSO2e,4,-0.25,2
2026-07-08,L100000101415,Weiqiao Huji power station,Shandong,37.347901,117.781587,0,,,OMSO2e,4,,0
2026-07-08,L100000101420,Weiqiao Zouping-1 power station,Shandong,36.9106725,117.7853572,0,,,OMSO2e,4,,0
2026-07-08,L100000101425,Weiqiao Zouping-7 power station,Shandong,36.896297,117.860459,0,,,OMSO2e,4,,0
2026-07-08,L100000101429,Shandong Xinfa Xinyuan power station,Shandong,36.615766,116.225215,0,,,OMSO2e,4,,0
2026-07-08,L100000101442,Zouxian power station,Shandong,35.3255698,116.9260912,0,,,OMSO2e,4,,0
2026-07-08,L100000101444,Shanghai Caojing power station,Shanghai,30.76073,121.4008,1,SH_pilot,2013.0,OMSO2e,4,-0.7850000262260437,6
2026-07-08,L100000101447,Shanghai Shidongkou power station,Shanghai,31.4650719,121.4048433,1,SH_pilot,2013.0,OMSO2e,4,,0
2026-07-08,L100000101448,Waigaoqiao power station,Shanghai,31.3536333,121.6002746,1,SH_pilot,2013.0,OMSO2e,4,-0.8500000238418579,2
2026-07-08,L100000101515,Shanxi Zhaoguang power station,Shanxi,36.5537987,111.6917736,0,,,OMSO2e,4,,0
2026-07-08,L100000101518,Shenhua Hequ power station,Shanxi,39.3830746,111.1843014,0,,,OMSO2e,4,,0
2026-07-08,L100000101519,Shentou power station,Shanxi,39.550981,112.488736,0,,,OMSO2e,4,,0
2026-07-08,L100000101529,Tongmei Tashan power station,Shanxi,39.9249917,113.0839199,0,,,OMSO2e,4,,0
2026-07-08,L100000101542,Xishan Gujiao power station,Shanxi,37.8952266,112.0930982,0,,,OMSO2e,4,,0
2026-07-08,L100000101543,Yangcheng power station,Shanxi,35.466123,112.5742039,0,,,OMSO2e,4,,0
2026-07-08,L100000101551,Yuguang Coal power station,Shanxi,38.078135,113.482791,0,,,OMSO2e,4,,0
2026-07-08,L100000101554,Zhangshan power station,Shanxi,36.326115,113.081402,0,,,OMSO2e,4,,0
2026-07-08,L100000101555,Changzhi power station,Shanxi,36.3226498,113.0816012,0,,,OMSO2e,4,,0
2026-07-08,L100000101567,Guang'an power station,Sichuan,30.5288201,106.8264802,0,,,OMSO2e,4,-0.074999988079071,6
2026-07-08,L100000101580,Tianming power station,Sichuan,31.869616,104.910148,0,,,OMSO2e,4,,0
2026-07-08,L100000101588,Panshan power station,Tianjin,39.9801382,117.4630704,1,TJ_pilot,2013.0,OMSO2e,4,,0
2026-07-08,L100000101589,Tianjin Beijiang power station,Tianjin,39.2193209,117.9298639,1,TJ_pilot,2013.0,OMSO2e,4,,0
2026-07-08,L100000101617,East Hope Metals Wucaiwan power station,Xinjiang,44.6829461,89.1158667,0,,,OMSO2e,4,,0
2026-07-08,L100000101668,Xinjiang Qiya Smelter power station,Xinjiang,44.8955881,89.049629,0,,,OMSO2e,4,,0
2026-07-08,L100000101675,Shenhua Guoneng Hami power station,Xinjiang,42.411226,93.009166,0,,,OMSO2e,4,,0
2026-07-08,L100000101677,Shenhua Zhundong Wucaiwan power station,Xinjiang,44.795533,89.149825,0,,,OMSO2e,4,,0
2026-07-08,L100000101681,Tianchi Changji cogen power station,Xinjiang,44.004362,87.171961,0,,,OMSO2e,4,,0
2026-07-08,L100000101682,Tianchi Energy Zhundong Wucaiwan power station,Xinjiang,44.8524482,89.1959171,0,,,OMSO2e,4,,0
2026-07-08,L100000101696,Wucaiwan Bei'er power station,Xinjiang,44.8388927,89.1908616,0,,,OMSO2e,4,,0
2026-07-08,L100000101697,Wujiaqu power station,Xinjiang,44.26892,87.687877,0,,,OMSO2e,4,,0
2026-07-08,L100000101709,XPCC Shihezi Cogen power station,Xinjiang,44.428094,86.093609,0,,,OMSO2e,4,,0
2026-07-08,L100000101716,Diandong power station,Yunnan,25.19943,104.6819,0,,,OMSO2e,4,,0
2026-07-08,L100000101730,Wushashan power station,Zhejiang,29.505411,121.662934,0,,,OMSO2e,4,0.1225000023841857,4
2026-07-08,L100000101731,Beilun power station,Zhejiang,29.9427256,121.8131207,0,,,OMSO2e,4,0.25,3
2026-07-08,L100000101732,Guohua Zhoushan power station,Zhejiang,30.103996,122.184817,0,,,OMSO2e,4,0.1966666728258133,6
2026-07-08,L100000101736,Yuhuan power station,Zhejiang,28.1151529,121.1391369,0,,,OMSO2e,4,-0.0040000020526349,5
2026-07-08,L100000101737,China Resources Wenzhou power station,Zhejiang,27.4974228,120.6631851,0,,,OMSO2e,4,-0.006666665431112,3
2026-07-08,L100000101739,Jiaxing power station,Zhejiang,30.62804,121.14422,0,,,OMSO2e,4,-0.5460000038146973,5
2026-07-08,L100000101742,Lanxi power station,Zhejiang,29.1866175,119.5068449,0,,,OMSO2e,4,,0
2026-07-08,L100000101747,Ninghai power station,Zhejiang,29.4817622,121.5114792,0,,,OMSO2e,4,0.1000000014901161,2
2026-07-08,L100000101750,Zhejiang Taizhou-2 power station,Zhejiang,29.012395,121.695507,0,,,OMSO2e,4,0.1000000014901161,3
2026-07-08,L100000101761,Zheneng Liuheng power station,Zhejiang,29.7593387,122.1266091,0,,,OMSO2e,4,0.1899999976158142,6
2026-07-08,L100000101762,Zheneng Wenzhou power station,Zhejiang,27.9957103,120.8358582,0,,,OMSO2e,4,-0.0699999928474426,6
2026-07-08,L100000101763,Zheneng Yueqing power station,Zhejiang,28.1704074,121.0889375,0,,,OMSO2e,4,0.0099999979138374,6
2026-07-08,L100000104506,Fu County power station,Shaanxi,35.858656,109.2167,0,,,OMSO2e,4,,0
2026-07-08,L100000104758,Hubei Yicheng power station,Hubei,31.781843,112.129461,1,HB_pilot,2014.0,OMSO2e,4,,0
2026-07-08,L100000104917,Shanggao power station,Jiangxi,28.185566,114.825697,0,,,OMSO2e,4,,0
2026-07-08,L100000104944,Hami-Chongqing UHV Transmission Line power station,Xinjiang,44.53792,92.926001,0,,,OMSO2e,4,,0
2026-07-08,L100000104970,Jiangsu Guoxin Shazhou power station,Jiangsu,31.985654,120.684419,0,,,OMSO2e,4,,0
2026-07-08,L100000105025,Datong-2 power station,Shanxi,40.0279118,113.2933181,0,,,OMSO2e,4,,0
2026-07-07,L100000100200,Anhui Bengbu power station,Anhui,32.78444,117.11472,0,,,OMSO2e,4,,0
2026-07-07,L100000100200,Anhui Bengbu power station,Anhui,32.78444,117.11472,0,,,OMSO2e,4,,0
2026-07-07,L100000100201,Anhui Huainan Panji power station,Anhui,32.76917,116.759595,0,,,OMSO2e,4,,0
2026-07-07,L100000100201,Anhui Huainan Panji power station,Anhui,32.76917,116.759595,0,,,OMSO2e,4,,0
2026-07-07,L100000100205,Chizhou Jiuhua power station,Anhui,30.7531097,117.5906618,0,,,OMSO2e,4,,0
2026-07-07,L100000100205,Chizhou Jiuhua power station,Anhui,30.7531097,117.5906618,0,,,OMSO2e,4,,0
2026-07-07,L100000100206,Pingwei power station,Anhui,32.68417,116.901389,0,,,OMSO2e,4,,0
2026-07-07,L100000100206,Pingwei power station,Anhui,32.68417,116.901389,0,,,OMSO2e,4,,0
2026-07-07,L100000100211,Fuyang power station,Anhui,33.00444,115.845278,0,,,OMSO2e,4,,0
2026-07-07,L100000100211,Fuyang power station,Anhui,33.00444,115.845278,0,,,OMSO2e,4,,0
2026-07-07,L100000100218,Wuhu power station,Anhui,31.2372348,118.1497184,0,,,OMSO2e,4,,0
2026-07-07,L100000100218,Wuhu power station,Anhui,31.2372348,118.1497184,0,,,OMSO2e,4,,0
2026-07-07,L100000100222,Huaibei Pingshan power station,Anhui,33.83392,116.831102,0,,,OMSO2e,4,0.1899999976158142,4
2026-07-07,L100000100222,Huaibei Pingshan power station,Anhui,33.83392,116.831102,0,,,OMSO2e,4,0.1899999976158142,4
2026-07-07,L100000100223,Huainan Fengtai power station,Anhui,32.758,116.65,0,,,OMSO2e,4,,0
2026-07-07,L100000100223,Huainan Fengtai power station,Anhui,32.758,116.65,0,,,OMSO2e,4,,0
2026-07-07,L100000100225,Huainan Luohe power station,Anhui,32.68455,117.07511,0,,,OMSO2e,4,,0
2026-07-07,L100000100225,Huainan Luohe power station,Anhui,32.68455,117.07511,0,,,OMSO2e,4,,0
2026-07-07,L100000100226,Huainan Tianji power station,Anhui,32.7465,116.8127,0,,,OMSO2e,4,,0
2026-07-07,L100000100226,Huainan Tianji power station,Anhui,32.7465,116.8127,0,,,OMSO2e,4,,0
2026-07-07,L100000100233,Lixin Banji power station,Anhui,32.897245,116.242561,0,,,OMSO2e,4,,0
2026-07-07,L100000100233,Lixin Banji power station,Anhui,32.897245,116.242561,0,,,OMSO2e,4,,0
2026-07-07,L100000100237,Anqing power station,Anhui,30.541,117.1717,0,,,OMSO2e,4,,0
2026-07-07,L100000100237,Anqing power station,Anhui,30.541,117.1717,0,,,OMSO2e,4,,0
2026-07-07,L100000100240,Suzhou Qianyingzi power station,Anhui,33.5107954,116.9261351,0,,,OMSO2e,4,0.1700000017881393,2
2026-07-07,L100000100240,Suzhou Qianyingzi power station,Anhui,33.5107954,116.9261351,0,,,OMSO2e,4,0.1700000017881393,2
2026-07-07,L100000100242,Tongling Wanneng power station,Anhui,30.88181,117.76439,0,,,OMSO2e,4,,0
2026-07-07,L100000100242,Tongling Wanneng power station,Anhui,30.88181,117.76439,0,,,OMSO2e,4,,0
2026-07-07,L100000100245,Ma'anshan power station,Anhui,31.750737,118.4796925,0,,,OMSO2e,4,,0
2026-07-07,L100000100245,Ma'anshan power station,Anhui,31.750737,118.4796925,0,,,OMSO2e,4,,0
2026-07-07,L100000100269,Chongqing Shuanghuai power station,Chongqing,30.1611074,106.5480599,1,CQ_pilot,2013.0,OMSO2e,4,-0.1599999964237213,5
2026-07-07,L100000100269,Chongqing Shuanghuai power station,Chongqing,30.1611074,106.5480599,1,CQ_pilot,2013.0,OMSO2e,4,-0.1599999964237213,5
2026-07-07,L100000100272,Luohuang power station,Chongqing,29.347364,106.433182,1,CQ_pilot,2013.0,OMSO2e,4,,0
2026-07-07,L100000100272,Luohuang power station,Chongqing,29.347364,106.433182,1,CQ_pilot,2013.0,OMSO2e,4,,0
2026-07-07,L100000100276,Chongqing Wanzhou power station,Chongqing,30.677938,108.398976,1,CQ_pilot,2013.0,OMSO2e,4,0.2050000131130218,2
2026-07-07,L100000100276,Chongqing Wanzhou power station,Chongqing,30.677938,108.398976,1,CQ_pilot,2013.0,OMSO2e,4,0.2050000131130218,2
2026-07-07,L100000100283,Ningde power station,Fujian,26.7574469,119.7353942,1,FJ_pilot,2016.0,OMSO2e,4,-0.1775000095367431,4
2026-07-07,L100000100283,Ningde power station,Fujian,26.7574469,119.7353942,1,FJ_pilot,2016.0,OMSO2e,4,-0.1775000095367431,4
2026-07-07,L100000100285,Fujian Hongshan power station,Fujian,24.7272766,118.7496944,1,FJ_pilot,2016.0,OMSO2e,4,-0.022499993443489,4
2026-07-07,L100000100285,Fujian Hongshan power station,Fujian,24.7272766,118.7496944,1,FJ_pilot,2016.0,OMSO2e,4,-0.022499993443489,4
2026-07-07,L100000100287,Fuzhou Kemen power station,Fujian,26.3734254,119.7622418,1,FJ_pilot,2016.0,OMSO2e,4,-0.1199999973177909,6
2026-07-07,L100000100287,Fuzhou Kemen power station,Fujian,26.3734254,119.7622418,1,FJ_pilot,2016.0,OMSO2e,4,-0.1199999973177909,6
2026-07-07,L100000100288,Fuzhou Jiangyin power station,Fujian,25.438464,119.3396226,1,FJ_pilot,2016.0,OMSO2e,4,-0.2140000164508819,5
2026-07-07,L100000100288,Fuzhou Jiangyin power station,Fujian,25.438464,119.3396226,1,FJ_pilot,2016.0,OMSO2e,4,-0.2140000164508819,5
2026-07-07,L100000100291,Houshi power station,Fujian,24.3030594,118.1259157,1,FJ_pilot,2016.0,OMSO2e,4,-0.0599999986588954,6
2026-07-07,L100000100291,Houshi power station,Fujian,24.3030594,118.1259157,1,FJ_pilot,2016.0,OMSO2e,4,-0.0599999986588954,6
2026-07-07,L100000100293,Huaneng Fuzhou power station,Fujian,25.99083,119.4816,1,FJ_pilot,2016.0,OMSO2e,4,0.0824999958276748,4
2026-07-07,L100000100293,Huaneng Fuzhou power station,Fujian,25.99083,119.4816,1,FJ_pilot,2016.0,OMSO2e,4,0.0824999958276748,4
2026-07-07,L100000100298,Luoyuan Bay power station,Fujian,26.385334,119.789459,1,FJ_pilot,2016.0,OMSO2e,4,-0.1157142892479896,7
2026-07-07,L100000100298,Luoyuan Bay power station,Fujian,26.385334,119.789459,1,FJ_pilot,2016.0,OMSO2e,4,-0.1157142892479896,7
2026-07-07,L100000100299,Meizhouwan power station,Fujian,25.1608278,119.0333354,1,FJ_pilot,2016.0,OMSO2e,4,-0.1716666668653488,6
2026-07-07,L100000100299,Meizhouwan power station,Fujian,25.1608278,119.0333354,1,FJ_pilot,2016.0,OMSO2e,4,-0.1716666668653488,6
2026-07-07,L100000100300,Nanpu Quanzhou power station,Fujian,25.2044,118.94385,1,FJ_pilot,2016.0,OMSO2e,4,-0.1200000047683715,5
2026-07-07,L100000100300,Nanpu Quanzhou power station,Fujian,25.2044,118.94385,1,FJ_pilot,2016.0,OMSO2e,4,-0.1200000047683715,5
2026-07-07,L100000100303,Xiamen Songyu power station,Fujian,24.4460582,118.0267975,1,FJ_pilot,2016.0,OMSO2e,4,-0.1899999976158142,3
2026-07-07,L100000100303,Xiamen Songyu power station,Fujian,24.4460582,118.0267975,1,FJ_pilot,2016.0,OMSO2e,4,-0.1899999976158142,3
2026-07-07,L100000100318,Guazhou Changle power station,Gansu,40.6599,96.513,0,,,OMSO2e,4,,0
2026-07-07,L100000100318,Guazhou Changle power station,Gansu,40.6599,96.513,0,,,OMSO2e,4,,0
2026-07-07,L100000100320,Zhangye power station,Gansu,39.071222,100.462929,0,,,OMSO2e,4,,0
2026-07-07,L100000100320,Zhangye power station,Gansu,39.071222,100.462929,0,,,OMSO2e,4,,0
2026-07-07,L100000100326,Pingliang power station,Gansu,35.5017,106.7861,0,,,OMSO2e,4,-0.0433333329856395,6
2026-07-07,L100000100326,Pingliang power station,Gansu,35.5017,106.7861,0,,,OMSO2e,4,-0.0433333329856395,6
2026-07-07,L100000100328,Gansu Zhengning power station,Gansu,35.268403,107.975564,0,,,OMSO2e,4,0.0879999995231628,5
2026-07-07,L100000100328,Gansu Zhengning power station,Gansu,35.268403,107.975564,0,,,OMSO2e,4,0.0879999995231628,5
2026-07-07,L100000100339,Lingtai power station,Gansu,35.0858218,107.7152829,0,,,OMSO2e,4,0.0683333352208137,6
2026-07-07,L100000100339,Lingtai power station,Gansu,35.0858218,107.7152829,0,,,OMSO2e,4,0.0683333352208137,6
2026-07-07,L100000100347,Chaozhou Sanbaimen power station,Guangdong,23.56645,117.0972,1,GD_pilot,2013.0,OMSO2e,4,0.1899999976158142,1
2026-07-07,L100000100347,Chaozhou Sanbaimen power station,Guangdong,23.56645,117.0972,1,GD_pilot,2013.0,OMSO2e,4,0.1899999976158142,1
2026-07-07,L100000100354,Leizhou power station,Guangdong,20.51161,109.82803,1,GD_pilot,2013.0,OMSO2e,4,,0
2026-07-07,L100000100354,Leizhou power station,Guangdong,20.51161,109.82803,1,GD_pilot,2013.0,OMSO2e,4,,0
2026-07-07,L100000100358,Guangdong Huilai power station,Guangdong,23.0047771,116.5472388,1,GD_pilot,2013.0,OMSO2e,4,,0
2026-07-07,L100000100358,Guangdong Huilai power station,Guangdong,23.0047771,116.5472388,1,GD_pilot,2013.0,OMSO2e,4,,0
2026-07-07,L100000100359,Guangdong Huizhou Pinghai power station,Guangdong,22.6064638,114.741919,1,GD_pilot,2013.0,OMSO2e,4,,0
2026-07-07,L100000100359,Guangdong Huizhou Pinghai power station,Guangdong,22.6064638,114.741919,1,GD_pilot,2013.0,OMSO2e,4,,0
2026-07-07,L100000100361,Guangdong Shaoguan power station,Guangdong,24.682,113.605,1,GD_pilot,2013.0,OMSO2e,4,,0
2026-07-07,L100000100361,Guangdong Shaoguan power station,Guangdong,24.682,113.605,1,GD_pilot,2013.0,OMSO2e,4,,0
2026-07-07,L100000100372,Taishan power station,Guangdong,21.8667,112.9228,1,GD_pilot,2013.0,OMSO2e,4,,0
2026-07-07,L100000100372,Taishan power station,Guangdong,21.8667,112.9228,1,GD_pilot,2013.0,OMSO2e,4,,0
2026-07-07,L100000100377,Heyuan power station,Guangdong,23.567222,114.640278,1,GD_pilot,2013.0,OMSO2e,4,,0
2026-07-07,L100000100377,Heyuan power station,Guangdong,23.567222,114.640278,1,GD_pilot,2013.0,OMSO2e,4,,0
2026-07-07,L100000100381,Haimen power station,Guangdong,23.1899,116.6548,1,GD_pilot,2013.0,OMSO2e,4,,0
2026-07-07,L100000100381,Haimen power station,Guangdong,23.1899,116.6548,1,GD_pilot,2013.0,OMSO2e,4,,0
2026-07-07,L100000100390,Lufeng Jiahuwan power station,Guangdong,22.832499,115.985482,1,GD_pilot,2013.0,OMSO2e,4,,0
2026-07-07,L100000100390,Lufeng Jiahuwan power station,Guangdong,22.832499,115.985482,1,GD_pilot,2013.0,OMSO2e,4,,0
2026-07-07,L100000100392,Maoming Bohe power station,Guangdong,21.441033,111.289628,1,GD_pilot,2013.0,OMSO2e,4,,0
2026-07-07,L100000100392,Maoming Bohe power station,Guangdong,21.441033,111.289628,1,GD_pilot,2013.0,OMSO2e,4,,0
2026-07-07,L100000100402,Shenhua Qingyuan power station,Guangdong,24.417008,113.540884,1,GD_pilot,2013.0,OMSO2e,4,,0
2026-07-07,L100000100402,Shenhua Qingyuan power station,Guangdong,24.417008,113.540884,1,GD_pilot,2013.0,OMSO2e,4,,0
2026-07-07,L100000100407,Shanwei Haifeng CCS power station,Guangdong,22.7545453,115.0419938,1,GD_pilot,2013.0,OMSO2e,4,,0
2026-07-07,L100000100407,Shanwei Haifeng CCS power station,Guangdong,22.7545453,115.0419938,1,GD_pilot,2013.0,OMSO2e,4,,0
2026-07-07,L100000100408,Shanwei Honghaiwan power station,Guangdong,22.70695,115.55529,1,GD_pilot,2013.0,OMSO2e,4,,0
2026-07-07,L100000100408,Shanwei Honghaiwan power station,Guangdong,22.70695,115.55529,1,GD_pilot,2013.0,OMSO2e,4,,0
2026-07-07,L100000100417,Yangxi Zhujiang power station,Guangdong,21.54264,111.67033,1,GD_pilot,2013.0,OMSO2e,4,,0
2026-07-07,L100000100417,Yangxi Zhujiang power station,Guangdong,21.54264,111.67033,1,GD_pilot,2013.0,OMSO2e,4,,0
2026-07-07,L100000100418,Dabu power station,Guangdong,24.4057171,116.5877945,1,GD_pilot,2013.0,OMSO2e,4,,0
2026-07-07,L100000100418,Dabu power station,Guangdong,24.4057171,116.5877945,1,GD_pilot,2013.0,OMSO2e,4,,0
2026-07-07,L100000100430,Beihai Bebuwan power station,Guangxi,21.5821851,109.5816259,0,,,OMSO2e,4,,0
2026-07-07,L100000100430,Beihai Bebuwan power station,Guangxi,21.5821851,109.5816259,0,,,OMSO2e,4,,0
2026-07-07,L100000100436,Fangchenggang Qisha power station,Guangxi,21.5914,108.3946,0,,,OMSO2e,4,,0
2026-07-07,L100000100436,Fangchenggang Qisha power station,Guangxi,21.5914,108.3946,0,,,OMSO2e,4,,0
2026-07-07,L100000100437,Beihai power station,Guangxi,21.535871,109.590176,0,,,OMSO2e,4,,0
2026-07-07,L100000100437,Beihai power station,Guangxi,21.535871,109.590176,0,,,OMSO2e,4,,0
2026-07-07,L100000100444,Hezhou power station,Guangxi,24.73609,111.34667,0,,,OMSO2e,4,,0
2026-07-07,L100000100444,Hezhou power station,Guangxi,24.73609,111.34667,0,,,OMSO2e,4,,0
2026-07-07,L100000100452,Qinzhou power station,Guangxi,21.7004655,108.6243063,0,,,OMSO2e,4,,0
2026-07-07,L100000100452,Qinzhou power station,Guangxi,21.7004655,108.6243063,0,,,OMSO2e,4,,0
2026-07-07,L100000100477,Guizhou Fa'er power station,Guizhou,26.3259319,104.7705622,0,,,OMSO2e,4,,0
2026-07-07,L100000100477,Guizhou Fa'er power station,Guizhou,26.3259319,104.7705622,0,,,OMSO2e,4,,0
2026-07-07,L100000100498,Panxian-2 power station,Guizhou,25.4686039,104.5924059,0,,,OMSO2e,4,,0
2026-07-07,L100000100498,Panxian-2 power station,Guizhou,25.4686039,104.5924059,0,,,OMSO2e,4,,0
2026-07-07,L100000100502,Qianxi power station,Guizhou,27.0516899,106.1252456,0,,,OMSO2e,4,,0
2026-07-07,L100000100502,Qianxi power station,Guizhou,27.0516899,106.1252456,0,,,OMSO2e,4,,0
2026-07-07,L100000100542,China Resources Caofeidian power station,Hebei,38.9960653,118.4875488,0,,,OMSO2e,4,,0
2026-07-07,L100000100542,China Resources Caofeidian power station,Hebei,38.9960653,118.4875488,0,,,OMSO2e,4,,0
2026-07-07,L100000100551,Dingzhou power station,Hebei,38.5122064,114.8433969,0,,,OMSO2e,4,-0.0649999976158142,6
2026-07-07,L100000100551,Dingzhou power station,Hebei,38.5122064,114.8433969,0,,,OMSO2e,4,-0.0649999976158142,6
2026-07-07,L100000100568,Shang'an power station,Hebei,38.05729,114.19627,0,,,OMSO2e,4,0.2399999946355819,4
2026-07-07,L100000100568,Shang'an power station,Hebei,38.05729,114.19627,0,,,OMSO2e,4,0.2399999946355819,4
2026-07-07,L100000100569,Hebei Cangdong power station,Hebei,38.31,117.8786111,0,,,OMSO2e,4,,0
2026-07-07,L100000100569,Hebei Cangdong power station,Hebei,38.31,117.8786111,0,,,OMSO2e,4,,0
2026-07-07,L100000100591,Xibaipo power station,Hebei,38.245068,114.2149428,0,,,OMSO2e,4,0.3379999995231628,5
2026-07-07,L100000100591,Xibaipo power station,Hebei,38.245068,114.2149428,0,,,OMSO2e,4,0.3379999995231628,5
2026-07-07,L100000100598,Zhangjiakou power station,Hebei,40.6595781,114.9438143,0,,,OMSO2e,4,0.0566666722297668,3
2026-07-07,L100000100598,Zhangjiakou power station,Hebei,40.6595781,114.9438143,0,,,OMSO2e,4,0.0566666722297668,3
2026-07-07,L100000100610,Qitaihe power station,Heilongjiang,45.7604176,131.0533476,0,,,OMSO2e,4,,0
2026-07-07,L100000100610,Qitaihe power station,Heilongjiang,45.7604176,131.0533476,0,,,OMSO2e,4,,0
2026-07-07,L100000100647,Datang Sanmenxia power station,Henan,34.6855176,111.0274363,0,,,OMSO2e,4,0.1475000083446502,4
2026-07-07,L100000100647,Datang Sanmenxia power station,Henan,34.6855176,111.0274363,0,,,OMSO2e,4,0.1475000083446502,4
2026-07-07,L100000100648,Xinyang power station,Henan,32.109018,114.140877,0,,,OMSO2e,4,,0
2026-07-07,L100000100648,Xinyang power station,Henan,32.109018,114.140877,0,,,OMSO2e,4,,0
2026-07-07,L100000100650,Dengfeng-2 power station,Henan,34.39274,113.19878,0,,,OMSO2e,4,-0.1599999964237213,1
2026-07-07,L100000100650,Dengfeng-2 power station,Henan,34.39274,113.19878,0,,,OMSO2e,4,-0.1599999964237213,1
2026-07-07,L100000100657,Hebi power station,Henan,35.851366,114.1798126,0,,,OMSO2e,4,-0.0099999997764825,3
2026-07-07,L100000100657,Hebi power station,Henan,35.851366,114.1798126,0,,,OMSO2e,4,-0.0099999997764825,3
2026-07-07,L100000100664,Henan Xin'an power station,Henan,34.7413202,112.0634119,0,,,OMSO2e,4,0.236666664481163,6
2026-07-07,L100000100664,Henan Xin'an power station,Henan,34.7413202,112.0634119,0,,,OMSO2e,4,0.236666664481163,6
2026-07-07,L100000100665,Henan Xinmi power station,Henan,34.50003,113.59801,0,,,OMSO2e,4,,0
2026-07-07,L100000100665,Henan Xinmi power station,Henan,34.50003,113.59801,0,,,OMSO2e,4,,0
2026-07-07,L100000100677,Qinbei power station,Henan,35.1676,112.71654,0,,,OMSO2e,4,0.1299999952316284,1
2026-07-07,L100000100677,Qinbei power station,Henan,35.1676,112.71654,0,,,OMSO2e,4,0.1299999952316284,1
2026-07-07,L100000100680,Jiaozuo Danhe power station,Henan,35.188487,112.887561,0,,,OMSO2e,4,,0
2026-07-07,L100000100680,Jiaozuo Danhe power station,Henan,35.188487,112.887561,0,,,OMSO2e,4,,0
2026-07-07,L100000100696,Nanyang Yahekou power station,Henan,33.3086427,112.644474,0,,,OMSO2e,4,,0
2026-07-07,L100000100696,Nanyang Yahekou power station,Henan,33.3086427,112.644474,0,,,OMSO2e,4,,0
2026-07-07,L100000100697,Pingdingshan Luyang power station,Henan,33.82189,113.01438,0,,,OMSO2e,4,0.1000000014901161,2
2026-07-07,L100000100697,Pingdingshan Luyang power station,Henan,33.82189,113.01438,0,,,OMSO2e,4,0.1000000014901161,2
2026-07-07,L100000100707,Nanyang Neixiang power station,Henan,33.086416,111.90004,0,,,OMSO2e,4,0.1085714325308799,7
2026-07-07,L100000100707,Nanyang Neixiang power station,Henan,33.086416,111.90004,0,,,OMSO2e,4,0.1085714325308799,7
2026-07-07,L100000100716,Xuchang Yulong power station,Henan,34.1751132,113.3581446,0,,,OMSO2e,4,,0
2026-07-07,L100000100716,Xuchang Yulong power station,Henan,34.1751132,113.3581446,0,,,OMSO2e,4,,0
2026-07-07,L100000100717,Yaomeng power station,Henan,33.7379928,113.2418822,0,,,OMSO2e,4,0.1000000014901161,1
2026-07-07,L100000100717,Yaomeng power station,Henan,33.7379928,113.2418822,0,,,OMSO2e,4,0.1000000014901161,1
2026-07-07,L100000100730,Dabieshan power station,Hubei,31.1420662,114.8921871,1,HB_pilot,2014.0,OMSO2e,4,,0
2026-07-07,L100000100730,Dabieshan power station,Hubei,31.1420662,114.8921871,1,HB_pilot,2014.0,OMSO2e,4,,0
2026-07-07,L100000100737,Hanchuan power station,Hubei,30.6566087,113.9172741,1,HB_pilot,2014.0,OMSO2e,4,,0
2026-07-07,L100000100737,Hanchuan power station,Hubei,30.6566087,113.9172741,1,HB_pilot,2014.0,OMSO2e,4,,0
2026-07-07,L100000100740,Huadian Xisaishan power station,Hubei,30.203056,115.180278,1,HB_pilot,2014.0,OMSO2e,4,,0
2026-07-07,L100000100740,Huadian Xisaishan power station,Hubei,30.203056,115.180278,1,HB_pilot,2014.0,OMSO2e,4,,0
2026-07-07,L100000100742,Yangluo power station,Hubei,30.6938889,114.5430556,1,HB_pilot,2014.0,OMSO2e,4,,0
2026-07-07,L100000100742,Yangluo power station,Hubei,30.6938889,114.5430556,1,HB_pilot,2014.0,OMSO2e,4,,0
2026-07-07,L100000100745,Hubei Ezhou power station,Hubei,30.5517656,114.6420121,1,HB_pilot,2014.0,OMSO2e,4,,0
2026-07-07,L100000100745,Hubei Ezhou power station,Hubei,30.5517656,114.6420121,1,HB_pilot,2014.0,OMSO2e,4,,0
2026-07-07,L100000100751,Puqi Xianning power station,Hubei,29.66523,113.87296,1,HB_pilot,2014.0,OMSO2e,4,,0
2026-07-07,L100000100751,Puqi Xianning power station,Hubei,29.66523,113.87296,1,HB_pilot,2014.0,OMSO2e,4,,0
2026-07-07,L100000100760,Huadian Xiangyang power station,Hubei,31.9118256,112.16692,1,HB_pilot,2014.0,OMSO2e,4,0.0766666755080223,3
2026-07-07,L100000100760,Huadian Xiangyang power station,Hubei,31.9118256,112.16692,1,HB_pilot,2014.0,OMSO2e,4,0.0766666755080223,3
2026-07-07,L100000100771,Pingjiang power station,Hunan,28.808542,113.54144,0,,,OMSO2e,4,,0
2026-07-07,L100000100771,Pingjiang power station,Hunan,28.808542,113.54144,0,,,OMSO2e,4,,0
2026-07-07,L100000100773,Huaneng Yueyang power station,Hunan,29.4497908,113.1623018,0,,,OMSO2e,4,-0.1700000017881393,1
2026-07-07,L100000100773,Huaneng Yueyang power station,Hunan,29.4497908,113.1623018,0,,,OMSO2e,4,-0.1700000017881393,1
2026-07-07,L100000100779,Jinzhushan power station,Hunan,27.6252776,111.4823651,0,,,OMSO2e,4,,0
2026-07-07,L100000100779,Jinzhushan power station,Hunan,27.6252776,111.4823651,0,,,OMSO2e,4,,0
2026-07-07,L100000100782,Liyujiang power station,Hunan,25.940443,113.192476,0,,,OMSO2e,4,,0
2026-07-07,L100000100782,Liyujiang power station,Hunan,25.940443,113.192476,0,,,OMSO2e,4,,0
2026-07-07,L100000100785,Shenhua Yongzhou power station,Hunan,26.56672,111.492692,0,,,OMSO2e,4,,0
2026-07-07,L100000100785,Shenhua Yongzhou power station,Hunan,26.56672,111.492692,0,,,OMSO2e,4,,0
2026-07-07,L100000100786,Guoneng Yueyang power station,Hunan,29.6129835,112.754572,0,,,OMSO2e,4,-0.0633333399891853,3
2026-07-07,L100000100786,Guoneng Yueyang power station,Hunan,29.6129835,112.754572,0,,,OMSO2e,4,-0.0633333399891853,3
2026-07-07,L100000100788,Xiangtan power station,Hunan,27.8282792,112.9968045,0,,,OMSO2e,4,,0
2026-07-07,L100000100788,Xiangtan power station,Hunan,27.8282792,112.9968045,0,,,OMSO2e,4,,0
2026-07-07,L100000100789,Yiyang power station,Hunan,28.5966667,112.2686111,0,,,OMSO2e,4,0.1814285665750503,7
2026-07-07,L100000100789,Yiyang power station,Hunan,28.5966667,112.2686111,0,,,OMSO2e,4,0.1814285665750503,7
2026-07-07,L100000100795,Baotou Aluminum power station,Inner Mongolia,40.557202,110.148382,1,IM_voluntary,2015.0,OMSO2e,4,-0.0200000014156103,3
2026-07-07,L100000100795,Baotou Aluminum power station,Inner Mongolia,40.557202,110.148382,1,IM_voluntary,2015.0,OMSO2e,4,-0.0200000014156103,3
2026-07-07,L100000100811,Chifeng Yuanbaoshan power station,Inner Mongolia,42.303333,119.324167,1,IM_voluntary,2015.0,OMSO2e,4,,0
2026-07-07,L100000100811,Chifeng Yuanbaoshan power station,Inner Mongolia,42.303333,119.324167,1,IM_voluntary,2015.0,OMSO2e,4,,0
2026-07-07,L100000100813,Chuangyuan Smelter power station,Inner Mongolia,45.437275,119.427496,1,IM_voluntary,2015.0,OMSO2e,4,,0
2026-07-07,L100000100813,Chuangyuan Smelter power station,Inner Mongolia,45.437275,119.427496,1,IM_voluntary,2015.0,OMSO2e,4,,0
2026-07-07,L100000100822,Daihai power station,Inner Mongolia,40.519675,112.667725,1,IM_voluntary,2015.0,OMSO2e,4,0.4600000083446502,1
2026-07-07,L100000100822,Daihai power station,Inner Mongolia,40.519675,112.667725,1,IM_voluntary,2015.0,OMSO2e,4,0.4600000083446502,1
2026-07-07,L100000100823,Dalate power station,Inner Mongolia,40.36695,109.99604,1,IM_voluntary,2015.0,OMSO2e,4,0.0749999955296516,6
2026-07-07,L100000100823,Dalate power station,Inner Mongolia,40.36695,109.99604,1,IM_voluntary,2015.0,OMSO2e,4,0.0749999955296516,6
2026-07-07,L100000100830,Togtoh power station,Inner Mongolia,40.1952329,111.358881,1,IM_voluntary,2015.0,OMSO2e,4,0.1266666650772094,6
2026-07-07,L100000100830,Togtoh power station,Inner Mongolia,40.1952329,111.358881,1,IM_voluntary,2015.0,OMSO2e,4,0.1266666650772094,6
2026-07-07,L100000100845,Guoneng Shanghaimiao power station,Inner Mongolia,38.309587,106.679378,1,IM_voluntary,2015.0,OMSO2e,4,0.1133333221077919,6
2026-07-07,L100000100845,Guoneng Shanghaimiao power station,Inner Mongolia,38.309587,106.679378,1,IM_voluntary,2015.0,OMSO2e,4,0.1133333221077919,6
2026-07-07,L100000100847,Jiangsu Energy Group Wulagai power station,Inner Mongolia,45.955947,119.106454,1,IM_voluntary,2015.0,OMSO2e,4,,0
2026-07-07,L100000100847,Jiangsu Energy Group Wulagai power station,Inner Mongolia,45.955947,119.106454,1,IM_voluntary,2015.0,OMSO2e,4,,0
2026-07-07,L100000100861,Hohhot Jinshan cogen power station,Inner Mongolia,40.7072133,111.4600879,1,IM_voluntary,2015.0,OMSO2e,4,-0.6600000262260437,2
2026-07-07,L100000100861,Hohhot Jinshan cogen power station,Inner Mongolia,40.7072133,111.4600879,1,IM_voluntary,2015.0,OMSO2e,4,-0.6600000262260437,2
2026-07-07,L100000100863,Hongjun Aluminum power station,Inner Mongolia,45.5128784,119.6504373,1,IM_voluntary,2015.0,OMSO2e,4,,0
2026-07-07,L100000100863,Hongjun Aluminum power station,Inner Mongolia,45.5128784,119.6504373,1,IM_voluntary,2015.0,OMSO2e,4,,0
2026-07-07,L100000100887,Shangdu power station,Inner Mongolia,42.22369,116.029256,1,IM_voluntary,2015.0,OMSO2e,4,,0
2026-07-07,L100000100887,Shangdu power station,Inner Mongolia,42.22369,116.029256,1,IM_voluntary,2015.0,OMSO2e,4,,0
2026-07-07,L100000100888,Inner Mongolia Changcheng power station,Inner Mongolia,38.249688,106.657876,1,IM_voluntary,2015.0,OMSO2e,4,0.1133333221077919,6
2026-07-07,L100000100888,Inner Mongolia Changcheng power station,Inner Mongolia,38.249688,106.657876,1,IM_voluntary,2015.0,OMSO2e,4,0.1133333221077919,6
2026-07-07,L100000100894,Yimin power station,Inner Mongolia,48.549722,119.773889,1,IM_voluntary,2015.0,OMSO2e,4,,0
2026-07-07,L100000100894,Yimin power station,Inner Mongolia,48.549722,119.773889,1,IM_voluntary,2015.0,OMSO2e,4,,0
2026-07-07,L100000100899,Huolinhe Zhanute power station,Inner Mongolia,45.409847,119.596739,1,IM_voluntary,2015.0,OMSO2e,4,,0
2026-07-07,L100000100899,Huolinhe Zhanute power station,Inner Mongolia,45.409847,119.596739,1,IM_voluntary,2015.0,OMSO2e,4,,0
2026-07-07,L100000100910,Jining power station,Inner Mongolia,41.053294,113.153289,1,IM_voluntary,2015.0,OMSO2e,4,,0
2026-07-07,L100000100910,Jining power station,Inner Mongolia,41.053294,113.153289,1,IM_voluntary,2015.0,OMSO2e,4,,0
2026-07-07,L100000100913,Junggar Suancigou power station,Inner Mongolia,39.711744,111.200548,1,IM_voluntary,2015.0,OMSO2e,4,-0.2433333396911621,6
2026-07-07,L100000100913,Junggar Suancigou power station,Inner Mongolia,39.711744,111.200548,1,IM_voluntary,2015.0,OMSO2e,4,-0.2433333396911621,6
2026-07-07,L100000100933,Mengtai Beijiao power station,Inner Mongolia,39.846004,109.984888,1,IM_voluntary,2015.0,OMSO2e,4,-0.1128571555018425,7
2026-07-07,L100000100933,Mengtai Beijiao power station,Inner Mongolia,39.846004,109.984888,1,IM_voluntary,2015.0,OMSO2e,4,-0.1128571555018425,7
2026-07-07,L100000100937,Ordos Power Qipanjing power station,Inner Mongolia,39.385235,106.965664,1,IM_voluntary,2015.0,OMSO2e,4,-0.1966666728258133,3
2026-07-07,L100000100937,Ordos Power Qipanjing power station,Inner Mongolia,39.385235,106.965664,1,IM_voluntary,2015.0,OMSO2e,4,-0.1966666728258133,3
2026-07-07,L100000100948,Inner Mongolia Shenglu power station,Inner Mongolia,38.373756,106.782583,1,IM_voluntary,2015.0,OMSO2e,4,0.0700000002980232,7
2026-07-07,L100000100948,Inner Mongolia Shenglu power station,Inner Mongolia,38.373756,106.782583,1,IM_voluntary,2015.0,OMSO2e,4,0.0700000002980232,7
2026-07-07,L100000100954,Tongliao power station,Inner Mongolia,43.6713737,122.1535206,1,IM_voluntary,2015.0,OMSO2e,4,,0
2026-07-07,L100000100954,Tongliao power station,Inner Mongolia,43.6713737,122.1535206,1,IM_voluntary,2015.0,OMSO2e,4,,0
2026-07-07,L100000100969,Changshu-1 power station,Jiangsu,31.753204,120.9634852,0,,,OMSO2e,4,,0
2026-07-07,L100000100969,Changshu-1 power station,Jiangsu,31.753204,120.9634852,0,,,OMSO2e,4,,0
2026-07-07,L100000100970,Changshu-2 power station,Jiangsu,31.757764,120.97813,0,,,OMSO2e,4,,0
2026-07-07,L100000100970,Changshu-2 power station,Jiangsu,31.757764,120.97813,0,,,OMSO2e,4,,0
2026-07-07,L100000100973,Yancheng Binhai power station,Jiangsu,34.307421,120.246943,0,,,OMSO2e,4,,0
2026-07-07,L100000100973,Yancheng Binhai power station,Jiangsu,34.307421,120.246943,0,,,OMSO2e,4,,0
2026-07-07,L100000100974,Changzhou power station,Jiangsu,31.9583333,119.9925,0,,,OMSO2e,4,,0
2026-07-07,L100000100974,Changzhou power station,Jiangsu,31.9583333,119.9925,0,,,OMSO2e,4,,0
2026-07-07,L100000100982,Taizhou power station,Jiangsu,32.187206,119.914444,0,,,OMSO2e,4,,0
2026-07-07,L100000100982,Taizhou power station,Jiangsu,32.187206,119.914444,0,,,OMSO2e,4,,0
2026-07-07,L100000100984,Guohua Xuzhou power station,Jiangsu,34.395144,117.259705,0,,,OMSO2e,4,,0
2026-07-07,L100000100984,Guohua Xuzhou power station,Jiangsu,34.395144,117.259705,0,,,OMSO2e,4,,0
2026-07-07,L100000100988,Jurong power station,Jiangsu,32.19575,119.2497,0,,,OMSO2e,4,,0
2026-07-07,L100000100988,Jurong power station,Jiangsu,32.19575,119.2497,0,,,OMSO2e,4,,0
2026-07-07,L100000100993,Jinling power station,Jiangsu,32.17178,119.01977,0,,,OMSO2e,4,,0
2026-07-07,L100000100993,Jinling power station,Jiangsu,32.17178,119.01977,0,,,OMSO2e,4,,0
2026-07-07,L100000100997,Huaneng Taicang power station,Jiangsu,31.656908,121.17932,0,,,OMSO2e,4,,0
2026-07-07,L100000100997,Huaneng Taicang power station,Jiangsu,31.656908,121.17932,0,,,OMSO2e,4,,0
2026-07-07,L100000100998,Jianbi power station,Jiangsu,32.17693,119.57554,0,,,OMSO2e,4,,0
2026-07-07,L100000100998,Jianbi power station,Jiangsu,32.17693,119.57554,0,,,OMSO2e,4,,0
2026-07-07,L100000101000,Guoxin Jingjiang power station,Jiangsu,32.030487,120.383144,0,,,OMSO2e,4,,0
2026-07-07,L100000101000,Guoxin Jingjiang power station,Jiangsu,32.030487,120.383144,0,,,OMSO2e,4,,0
2026-07-07,L100000101005,Jiangsu Nantong power station,Jiangsu,32.03214,120.76956,0,,,OMSO2e,4,,0
2026-07-07,L100000101005,Jiangsu Nantong power station,Jiangsu,32.03214,120.76956,0,,,OMSO2e,4,,0
2026-07-07,L100000101008,Jiangsu Sheyanggang power station,Jiangsu,33.8185009,120.4633498,0,,,OMSO2e,4,,0
2026-07-07,L100000101008,Jiangsu Sheyanggang power station,Jiangsu,33.8185009,120.4633498,0,,,OMSO2e,4,,0
2026-07-07,L100000101018,Ligang power station,Jiangsu,31.940813,120.0766476,0,,,OMSO2e,4,,0
2026-07-07,L100000101018,Ligang power station,Jiangsu,31.940813,120.0766476,0,,,OMSO2e,4,,0
2026-07-07,L100000101020,Lusigang power station,Jiangsu,32.05858,121.72669,0,,,OMSO2e,4,,0
2026-07-07,L100000101020,Lusigang power station,Jiangsu,32.05858,121.72669,0,,,OMSO2e,4,,0
2026-07-07,L100000101039,Xinhai power station,Jiangsu,34.57789,119.12671,0,,,OMSO2e,4,,0
2026-07-07,L100000101039,Xinhai power station,Jiangsu,34.57789,119.12671,0,,,OMSO2e,4,,0
2026-07-07,L100000101044,Xuzhou Pengcheng power station,Jiangsu,34.3779,117.17591,0,,,OMSO2e,4,,0
2026-07-07,L100000101044,Xuzhou Pengcheng power station,Jiangsu,34.3779,117.17591,0,,,OMSO2e,4,,0
2026-07-07,L100000101047,Guoxin Yangzhou power station,Jiangsu,32.267778,119.419444,0,,,OMSO2e,4,,0
2026-07-07,L100000101047,Guoxin Yangzhou power station,Jiangsu,32.267778,119.419444,0,,,OMSO2e,4,,0
2026-07-07,L100000101053,Zhangjiagang Shazhou power station,Jiangsu,31.989733,120.6879258,0,,,OMSO2e,4,,0
2026-07-07,L100000101053,Zhangjiagang Shazhou power station,Jiangsu,31.989733,120.6879258,0,,,OMSO2e,4,,0
2026-07-07,L100000101057,Fuzhou power station,Jiangxi,27.7844943,116.5644289,0,,,OMSO2e,4,,0
2026-07-07,L100000101057,Fuzhou power station,Jiangxi,27.7844943,116.5644289,0,,,OMSO2e,4,,0
2026-07-07,L100000101058,Datang Xinyu power station,Jiangxi,27.679755,114.956506,0,,,OMSO2e,4,,0
2026-07-07,L100000101058,Datang Xinyu power station,Jiangxi,27.679755,114.956506,0,,,OMSO2e,4,,0
2026-07-07,L100000101060,Fengcheng power station,Jiangxi,28.1943602,115.7088424,0,,,OMSO2e,4,,0
2026-07-07,L100000101060,Fengcheng power station,Jiangxi,28.1943602,115.7088424,0,,,OMSO2e,4,,0
2026-07-07,L100000101063,Guixi power station,Jiangxi,28.28914,117.2235,0,,,OMSO2e,4,,0
2026-07-07,L100000101063,Guixi power station,Jiangxi,28.28914,117.2235,0,,,OMSO2e,4,,0
2026-07-07,L100000101068,Jinggangshan power station,Jiangxi,27.0474697,115.0203859,0,,,OMSO2e,4,,0
2026-07-07,L100000101068,Jinggangshan power station,Jiangxi,27.0474697,115.0203859,0,,,OMSO2e,4,,0
2026-07-07,L100000101069,Ruijin power station,Jiangxi,25.9244055,115.1028219,0,,,OMSO2e,4,,0
2026-07-07,L100000101069,Ruijin power station,Jiangxi,25.9244055,115.1028219,0,,,OMSO2e,4,,0
2026-07-07,L100000101074,Shenhua Jiujiang power station,Jiangxi,29.826619,116.375973,0,,,OMSO2e,4,,0
2026-07-07,L100000101074,Shenhua Jiujiang power station,Jiangxi,29.826619,116.375973,0,,,OMSO2e,4,,0
2026-07-07,L100000101114,Shuangliao power station,Jilin,43.5282178,123.4633255,0,,,OMSO2e,4,,0
2026-07-07,L100000101114,Shuangliao power station,Jilin,43.5282178,123.4633255,0,,,OMSO2e,4,,0
2026-07-07,L100000101160,Yingkou power station,Liaoning,40.303837,122.105968,0,,,OMSO2e,4,,0
2026-07-07,L100000101160,Yingkou power station,Liaoning,40.303837,122.105968,0,,,OMSO2e,4,,0
2026-07-07,L100000101178,Suizhong power station,Liaoning,40.07962,120.00959,0,,,OMSO2e,4,,0
2026-07-07,L100000101178,Suizhong power station,Liaoning,40.07962,120.00959,0,,,OMSO2e,4,,0
2026-07-07,L100000101181,Tieling power station,Liaoning,42.3450141,123.8030455,0,,,OMSO2e,4,,0
2026-07-07,L100000101181,Tieling power station,Liaoning,42.3450141,123.8030455,0,,,OMSO2e,4,,0
2026-07-07,L100000101187,Daba power station,Ningxia,37.9916691,105.9247833,0,,,OMSO2e,4,0.0260000117123127,5
2026-07-07,L100000101187,Daba power station,Ningxia,37.9916691,105.9247833,0,,,OMSO2e,4,0.0260000117123127,5
2026-07-07,L100000101190,Ningdong Fangjiazhuang power station,Ningxia,37.837649,106.666501,0,,,OMSO2e,4,0.0514285825192928,7
2026-07-07,L100000101190,Ningdong Fangjiazhuang power station,Ningxia,37.837649,106.666501,0,,,OMSO2e,4,0.0514285825192928,7
2026-07-07,L100000101191,Shizuishan power station,Ningxia,39.2848224,106.7890371,0,,,OMSO2e,4,-0.1150000095367431,4
2026-07-07,L100000101191,Shizuishan power station,Ningxia,39.2848224,106.7890371,0,,,OMSO2e,4,-0.1150000095367431,4
2026-07-07,L100000101192,Ningdong power station,Ningxia,37.844757,106.786777,0,,,OMSO2e,4,0.187142863869667,7
2026-07-07,L100000101192,Ningdong power station,Ningxia,37.844757,106.786777,0,,,OMSO2e,4,0.187142863869667,7
2026-07-07,L100000101203,Ningxia Lingwu power station,Ningxia,38.148333,106.345833,0,,,OMSO2e,4,0.1999999731779098,6
2026-07-07,L100000101203,Ningxia Lingwu power station,Ningxia,38.148333,106.345833,0,,,OMSO2e,4,0.1999999731779098,6
2026-07-07,L100000101219,Yuanyang Lake power station,Ningxia,38.0575,106.691389,0,,,OMSO2e,4,0.429999977350235,6
2026-07-07,L100000101219,Yuanyang Lake power station,Ningxia,38.0575,106.691389,0,,,OMSO2e,4,0.429999977350235,6
2026-07-07,L100000101244,Fugu Qingshuichuan power station,Shaanxi,39.2048853,111.1190328,0,,,OMSO2e,4,0.4699999988079071,1
2026-07-07,L100000101244,Fugu Qingshuichuan power station,Shaanxi,39.2048853,111.1190328,0,,,OMSO2e,4,0.4699999988079071,1
2026-07-07,L100000101246,Guodian Baoji-2 power station,Shaanxi,34.4980333,107.2181511,0,,,OMSO2e,4,-0.1549999862909317,6
2026-07-07,L100000101246,Guodian Baoji-2 power station,Shaanxi,34.4980333,107.2181511,0,,,OMSO2e,4,-0.1549999862909317,6
2026-07-07,L100000101252,Hancheng power station,Shaanxi,35.6007189,110.5557051,0,,,OMSO2e,4,0.3300000131130218,1
2026-07-07,L100000101252,Hancheng power station,Shaanxi,35.6007189,110.5557051,0,,,OMSO2e,4,0.3300000131130218,1
2026-07-07,L100000101265,Leilongwan power station,Shaanxi,37.925376,109.101678,0,,,OMSO2e,4,,0
2026-07-07,L100000101265,Leilongwan power station,Shaanxi,37.925376,109.101678,0,,,OMSO2e,4,,0
2026-07-07,L100000101269,Pucheng power station,Shaanxi,34.9779314,109.7999759,0,,,OMSO2e,4,0.0599999986588954,3
2026-07-07,L100000101269,Pucheng power station,Shaanxi,34.9779314,109.7999759,0,,,OMSO2e,4,0.0599999986588954,3
2026-07-07,L100000101277,Fugu Miaogoumen power station,Shaanxi,39.208319,110.784956,0,,,OMSO2e,4,,0
2026-07-07,L100000101277,Fugu Miaogoumen power station,Shaanxi,39.208319,110.784956,0,,,OMSO2e,4,,0
2026-07-07,L100000101278,Jinjie power station,Shaanxi,38.7368389,110.1661297,0,,,OMSO2e,4,,0
2026-07-07,L100000101278,Jinjie power station,Shaanxi,38.7368389,110.1661297,0,,,OMSO2e,4,,0
2026-07-07,L100000101297,Yulin Hengshan power station,Shaanxi,38.03372,109.415067,0,,,OMSO2e,4,,0
2026-07-07,L100000101297,Yulin Hengshan power station,Shaanxi,38.03372,109.415067,0,,,OMSO2e,4,,0
2026-07-07,L100000101307,Binzhou Boxing power station,Shandong,37.27629,118.330855,0,,,OMSO2e,4,,0
2026-07-07,L100000101307,Binzhou Boxing power station,Shandong,37.27629,118.330855,0,,,OMSO2e,4,,0
2026-07-07,L100000101316,Datang Dongying power station,Shandong,38.113151,118.910229,0,,,OMSO2e,4,,0
2026-07-07,L100000101316,Datang Dongying power station,Shandong,38.113151,118.910229,0,,,OMSO2e,4,,0
2026-07-07,L100000101332,Guohua Shouguang power station,Shandong,37.269686,118.906738,0,,,OMSO2e,4,,0
2026-07-07,L100000101332,Guohua Shouguang power station,Shandong,37.269686,118.906738,0,,,OMSO2e,4,,0
2026-07-07,L100000101339,Huadian Laizhou power station,Shandong,37.432222,120.018056,0,,,OMSO2e,4,,0
2026-07-07,L100000101339,Huadian Laizhou power station,Shandong,37.432222,120.018056,0,,,OMSO2e,4,,0
2026-07-07,L100000101341,Shiliquan power station,Shandong,34.814444,117.573056,0,,,OMSO2e,4,,0
2026-07-07,L100000101341,Shiliquan power station,Shandong,34.814444,117.573056,0,,,OMSO2e,4,,0
2026-07-07,L100000101342,Huadian Weifang power station,Shandong,36.6656392,119.2632115,0,,,OMSO2e,4,,0
2026-07-07,L100000101342,Huadian Weifang power station,Shandong,36.6656392,119.2632115,0,,,OMSO2e,4,,0
2026-07-07,L100000101344,Huaneng Dezhou power station,Shandong,37.449349,116.2415516,0,,,OMSO2e,4,-0.0416666679084301,6
2026-07-07,L100000101344,Huaneng Dezhou power station,Shandong,37.449349,116.2415516,0,,,OMSO2e,4,-0.0416666679084301,6
2026-07-07,L100000101348,Huaneng Laiwu power station,Shandong,36.1342702,117.6849675,0,,,OMSO2e,4,0.4799999892711639,1
2026-07-07,L100000101348,Huaneng Laiwu power station,Shandong,36.1342702,117.6849675,0,,,OMSO2e,4,0.4799999892711639,1
2026-07-07,L100000101383,Rizhao power station,Shandong,35.3454727,119.5104761,0,,,OMSO2e,4,,0
2026-07-07,L100000101383,Rizhao power station,Shandong,35.3454727,119.5104761,0,,,OMSO2e,4,,0
2026-07-07,L100000101399,Shiheng-2 power station,Shandong,36.2123187,116.5136301,0,,,OMSO2e,4,0.209999993443489,5
2026-07-07,L100000101399,Shiheng-2 power station,Shandong,36.2123187,116.5136301,0,,,OMSO2e,4,0.209999993443489,5
2026-07-07,L100000101409,Weihai power station,Shandong,37.44899,122.20724,0,,,OMSO2e,4,,0
2026-07-07,L100000101409,Weihai power station,Shandong,37.44899,122.20724,0,,,OMSO2e,4,,0
2026-07-07,L100000101415,Weiqiao Huji power station,Shandong,37.347901,117.781587,0,,,OMSO2e,4,,0
2026-07-07,L100000101415,Weiqiao Huji power station,Shandong,37.347901,117.781587,0,,,OMSO2e,4,,0
2026-07-07,L100000101420,Weiqiao Zouping-1 power station,Shandong,36.9106725,117.7853572,0,,,OMSO2e,4,,0
2026-07-07,L100000101420,Weiqiao Zouping-1 power station,Shandong,36.9106725,117.7853572,0,,,OMSO2e,4,,0
2026-07-07,L100000101425,Weiqiao Zouping-7 power station,Shandong,36.896297,117.860459,0,,,OMSO2e,4,,0
2026-07-07,L100000101425,Weiqiao Zouping-7 power station,Shandong,36.896297,117.860459,0,,,OMSO2e,4,,0
2026-07-07,L100000101429,Shandong Xinfa Xinyuan power station,Shandong,36.615766,116.225215,0,,,OMSO2e,4,-0.0750000029802322,4
2026-07-07,L100000101429,Shandong Xinfa Xinyuan power station,Shandong,36.615766,116.225215,0,,,OMSO2e,4,-0.0750000029802322,4
2026-07-07,L100000101442,Zouxian power station,Shandong,35.3255698,116.9260912,0,,,OMSO2e,4,,0
2026-07-07,L100000101442,Zouxian power station,Shandong,35.3255698,116.9260912,0,,,OMSO2e,4,,0
2026-07-07,L100000101444,Shanghai Caojing power station,Shanghai,30.76073,121.4008,1,SH_pilot,2013.0,OMSO2e,4,,0
2026-07-07,L100000101444,Shanghai Caojing power station,Shanghai,30.76073,121.4008,1,SH_pilot,2013.0,OMSO2e,4,,0
2026-07-07,L100000101447,Shanghai Shidongkou power station,Shanghai,31.4650719,121.4048433,1,SH_pilot,2013.0,OMSO2e,4,,0
2026-07-07,L100000101447,Shanghai Shidongkou power station,Shanghai,31.4650719,121.4048433,1,SH_pilot,2013.0,OMSO2e,4,,0
2026-07-07,L100000101448,Waigaoqiao power station,Shanghai,31.3536333,121.6002746,1,SH_pilot,2013.0,OMSO2e,4,,0
2026-07-07,L100000101448,Waigaoqiao power station,Shanghai,31.3536333,121.6002746,1,SH_pilot,2013.0,OMSO2e,4,,0
2026-07-07,L100000101515,Shanxi Zhaoguang power station,Shanxi,36.5537987,111.6917736,0,,,OMSO2e,4,0.1199999973177909,1
2026-07-07,L100000101515,Shanxi Zhaoguang power station,Shanxi,36.5537987,111.6917736,0,,,OMSO2e,4,0.1199999973177909,1
2026-07-07,L100000101518,Shenhua Hequ power station,Shanxi,39.3830746,111.1843014,0,,,OMSO2e,4,-0.0633333399891853,3
2026-07-07,L100000101518,Shenhua Hequ power station,Shanxi,39.3830746,111.1843014,0,,,OMSO2e,4,-0.0633333399891853,3
2026-07-07,L100000101519,Shentou power station,Shanxi,39.550981,112.488736,0,,,OMSO2e,4,-0.1000000014901161,3
2026-07-07,L100000101519,Shentou power station,Shanxi,39.550981,112.488736,0,,,OMSO2e,4,-0.1000000014901161,3
2026-07-07,L100000101529,Tongmei Tashan power station,Shanxi,39.9249917,113.0839199,0,,,OMSO2e,4,,0
2026-07-07,L100000101529,Tongmei Tashan power station,Shanxi,39.9249917,113.0839199,0,,,OMSO2e,4,,0
2026-07-07,L100000101542,Xishan Gujiao power station,Shanxi,37.8952266,112.0930982,0,,,OMSO2e,4,-0.1700000017881393,3
2026-07-07,L100000101542,Xishan Gujiao power station,Shanxi,37.8952266,112.0930982,0,,,OMSO2e,4,-0.1700000017881393,3
2026-07-07,L100000101543,Yangcheng power station,Shanxi,35.466123,112.5742039,0,,,OMSO2e,4,0.5400000214576721,1
2026-07-07,L100000101543,Yangcheng power station,Shanxi,35.466123,112.5742039,0,,,OMSO2e,4,0.5400000214576721,1
2026-07-07,L100000101551,Yuguang Coal power station,Shanxi,38.078135,113.482791,0,,,OMSO2e,4,0.050000000745058,7
2026-07-07,L100000101551,Yuguang Coal power station,Shanxi,38.078135,113.482791,0,,,OMSO2e,4,0.050000000745058,7
2026-07-07,L100000101554,Zhangshan power station,Shanxi,36.326115,113.081402,0,,,OMSO2e,4,0.2399999946355819,3
2026-07-07,L100000101554,Zhangshan power station,Shanxi,36.326115,113.081402,0,,,OMSO2e,4,0.2399999946355819,3
2026-07-07,L100000101555,Changzhi power station,Shanxi,36.3226498,113.0816012,0,,,OMSO2e,4,0.2399999946355819,3
2026-07-07,L100000101555,Changzhi power station,Shanxi,36.3226498,113.0816012,0,,,OMSO2e,4,0.2399999946355819,3
2026-07-07,L100000101567,Guang'an power station,Sichuan,30.5288201,106.8264802,0,,,OMSO2e,4,-0.1759999990463256,5
2026-07-07,L100000101567,Guang'an power station,Sichuan,30.5288201,106.8264802,0,,,OMSO2e,4,-0.1759999990463256,5
2026-07-07,L100000101580,Tianming power station,Sichuan,31.869616,104.910148,0,,,OMSO2e,4,,0
2026-07-07,L100000101580,Tianming power station,Sichuan,31.869616,104.910148,0,,,OMSO2e,4,,0
2026-07-07,L100000101588,Panshan power station,Tianjin,39.9801382,117.4630704,1,TJ_pilot,2013.0,OMSO2e,4,,0
2026-07-07,L100000101588,Panshan power station,Tianjin,39.9801382,117.4630704,1,TJ_pilot,2013.0,OMSO2e,4,,0
2026-07-07,L100000101589,Tianjin Beijiang power station,Tianjin,39.2193209,117.9298639,1,TJ_pilot,2013.0,OMSO2e,4,,0
2026-07-07,L100000101589,Tianjin Beijiang power station,Tianjin,39.2193209,117.9298639,1,TJ_pilot,2013.0,OMSO2e,4,,0
2026-07-07,L100000101617,East Hope Metals Wucaiwan power station,Xinjiang,44.6829461,89.1158667,0,,,OMSO2e,4,,0
2026-07-07,L100000101617,East Hope Metals Wucaiwan power station,Xinjiang,44.6829461,89.1158667,0,,,OMSO2e,4,,0
2026-07-07,L100000101668,Xinjiang Qiya Smelter power station,Xinjiang,44.8955881,89.049629,0,,,OMSO2e,4,,0
2026-07-07,L100000101668,Xinjiang Qiya Smelter power station,Xinjiang,44.8955881,89.049629,0,,,OMSO2e,4,,0
2026-07-07,L100000101675,Shenhua Guoneng Hami power station,Xinjiang,42.411226,93.009166,0,,,OMSO2e,4,,0
2026-07-07,L100000101675,Shenhua Guoneng Hami power station,Xinjiang,42.411226,93.009166,0,,,OMSO2e,4,,0
2026-07-07,L100000101677,Shenhua Zhundong Wucaiwan power station,Xinjiang,44.795533,89.149825,0,,,OMSO2e,4,,0
2026-07-07,L100000101677,Shenhua Zhundong Wucaiwan power station,Xinjiang,44.795533,89.149825,0,,,OMSO2e,4,,0
2026-07-07,L100000101681,Tianchi Changji cogen power station,Xinjiang,44.004362,87.171961,0,,,OMSO2e,4,,0
2026-07-07,L100000101681,Tianchi Changji cogen power station,Xinjiang,44.004362,87.171961,0,,,OMSO2e,4,,0
2026-07-07,L100000101682,Tianchi Energy Zhundong Wucaiwan power station,Xinjiang,44.8524482,89.1959171,0,,,OMSO2e,4,,0
2026-07-07,L100000101682,Tianchi Energy Zhundong Wucaiwan power station,Xinjiang,44.8524482,89.1959171,0,,,OMSO2e,4,,0
2026-07-07,L100000101696,Wucaiwan Bei'er power station,Xinjiang,44.8388927,89.1908616,0,,,OMSO2e,4,,0
2026-07-07,L100000101696,Wucaiwan Bei'er power station,Xinjiang,44.8388927,89.1908616,0,,,OMSO2e,4,,0
2026-07-07,L100000101697,Wujiaqu power station,Xinjiang,44.26892,87.687877,0,,,OMSO2e,4,,0
2026-07-07,L100000101697,Wujiaqu power station,Xinjiang,44.26892,87.687877,0,,,OMSO2e,4,,0
2026-07-07,L100000101709,XPCC Shihezi Cogen power station,Xinjiang,44.428094,86.093609,0,,,OMSO2e,4,,0
2026-07-07,L100000101709,XPCC Shihezi Cogen power station,Xinjiang,44.428094,86.093609,0,,,OMSO2e,4,,0
2026-07-07,L100000101716,Diandong power station,Yunnan,25.19943,104.6819,0,,,OMSO2e,4,,0
2026-07-07,L100000101716,Diandong power station,Yunnan,25.19943,104.6819,0,,,OMSO2e,4,,0
2026-07-07,L100000101730,Wushashan power station,Zhejiang,29.505411,121.662934,0,,,OMSO2e,4,,0
2026-07-07,L100000101730,Wushashan power station,Zhejiang,29.505411,121.662934,0,,,OMSO2e,4,,0
2026-07-07,L100000101731,Beilun power station,Zhejiang,29.9427256,121.8131207,0,,,OMSO2e,4,,0
2026-07-07,L100000101731,Beilun power station,Zhejiang,29.9427256,121.8131207,0,,,OMSO2e,4,,0
2026-07-07,L100000101732,Guohua Zhoushan power station,Zhejiang,30.103996,122.184817,0,,,OMSO2e,4,,0
2026-07-07,L100000101732,Guohua Zhoushan power station,Zhejiang,30.103996,122.184817,0,,,OMSO2e,4,,0
2026-07-07,L100000101736,Yuhuan power station,Zhejiang,28.1151529,121.1391369,0,,,OMSO2e,4,,0
2026-07-07,L100000101736,Yuhuan power station,Zhejiang,28.1151529,121.1391369,0,,,OMSO2e,4,,0
2026-07-07,L100000101737,China Resources Wenzhou power station,Zhejiang,27.4974228,120.6631851,0,,,OMSO2e,4,,0
2026-07-07,L100000101737,China Resources Wenzhou power station,Zhejiang,27.4974228,120.6631851,0,,,OMSO2e,4,,0
2026-07-07,L100000101739,Jiaxing power station,Zhejiang,30.62804,121.14422,0,,,OMSO2e,4,,0
2026-07-07,L100000101739,Jiaxing power station,Zhejiang,30.62804,121.14422,0,,,OMSO2e,4,,0
2026-07-07,L100000101742,Lanxi power station,Zhejiang,29.1866175,119.5068449,0,,,OMSO2e,4,,0
2026-07-07,L100000101742,Lanxi power station,Zhejiang,29.1866175,119.5068449,0,,,OMSO2e,4,,0
2026-07-07,L100000101747,Ninghai power station,Zhejiang,29.4817622,121.5114792,0,,,OMSO2e,4,,0
2026-07-07,L100000101747,Ninghai power station,Zhejiang,29.4817622,121.5114792,0,,,OMSO2e,4,,0
2026-07-07,L100000101750,Zhejiang Taizhou-2 power station,Zhejiang,29.012395,121.695507,0,,,OMSO2e,4,,0
2026-07-07,L100000101750,Zhejiang Taizhou-2 power station,Zhejiang,29.012395,121.695507,0,,,OMSO2e,4,,0
2026-07-07,L100000101761,Zheneng Liuheng power station,Zhejiang,29.7593387,122.1266091,0,,,OMSO2e,4,,0
2026-07-07,L100000101761,Zheneng Liuheng power station,Zhejiang,29.7593387,122.1266091,0,,,OMSO2e,4,,0
2026-07-07,L100000101762,Zheneng Wenzhou power station,Zhejiang,27.9957103,120.8358582,0,,,OMSO2e,4,,0
2026-07-07,L100000101762,Zheneng Wenzhou power station,Zhejiang,27.9957103,120.8358582,0,,,OMSO2e,4,,0
2026-07-07,L100000101763,Zheneng Yueqing power station,Zhejiang,28.1704074,121.0889375,0,,,OMSO2e,4,,0
2026-07-07,L100000101763,Zheneng Yueqing power station,Zhejiang,28.1704074,121.0889375,0,,,OMSO2e,4,,0
2026-07-07,L100000104506,Fu County power station,Shaanxi,35.858656,109.2167,0,,,OMSO2e,4,-0.1499999910593032,7
2026-07-07,L100000104506,Fu County power station,Shaanxi,35.858656,109.2167,0,,,OMSO2e,4,-0.1499999910593032,7
2026-07-07,L100000104758,Hubei Yicheng power station,Hubei,31.781843,112.129461,1,HB_pilot,2014.0,OMSO2e,4,-0.0700000002980232,1
2026-07-07,L100000104758,Hubei Yicheng power station,Hubei,31.781843,112.129461,1,HB_pilot,2014.0,OMSO2e,4,-0.0700000002980232,1
2026-07-07,L100000104917,Shanggao power station,Jiangxi,28.185566,114.825697,0,,,OMSO2e,4,,0
2026-07-07,L100000104917,Shanggao power station,Jiangxi,28.185566,114.825697,0,,,OMSO2e,4,,0
2026-07-07,L100000104944,Hami-Chongqing UHV Transmission Line power station,Xinjiang,44.53792,92.926001,0,,,OMSO2e,4,,0
2026-07-07,L100000104944,Hami-Chongqing UHV Transmission Line power station,Xinjiang,44.53792,92.926001,0,,,OMSO2e,4,,0
2026-07-07,L100000104970,Jiangsu Guoxin Shazhou power station,Jiangsu,31.985654,120.684419,0,,,OMSO2e,4,,0
2026-07-07,L100000104970,Jiangsu Guoxin Shazhou power station,Jiangsu,31.985654,120.684419,0,,,OMSO2e,4,,0
2026-07-07,L100000105025,Datong-2 power station,Shanxi,40.0279118,113.2933181,0,,,OMSO2e,4,,0
2026-07-07,L100000105025,Datong-2 power station,Shanxi,40.0279118,113.2933181,0,,,OMSO2e,4,,0
2026-07-06,L100000100200,Anhui Bengbu power station,Anhui,32.78444,117.11472,0,,,OMSO2e,4,,0
2026-07-06,L100000100200,Anhui Bengbu power station,Anhui,32.78444,117.11472,0,,,OMSO2e,4,,0
2026-07-06,L100000100201,Anhui Huainan Panji power station,Anhui,32.76917,116.759595,0,,,OMSO2e,4,,0
2026-07-06,L100000100201,Anhui Huainan Panji power station,Anhui,32.76917,116.759595,0,,,OMSO2e,4,,0
2026-07-06,L100000100205,Chizhou Jiuhua power station,Anhui,30.7531097,117.5906618,0,,,OMSO2e,4,,0
2026-07-06,L100000100205,Chizhou Jiuhua power station,Anhui,30.7531097,117.5906618,0,,,OMSO2e,4,,0
2026-07-06,L100000100206,Pingwei power station,Anhui,32.68417,116.901389,0,,,OMSO2e,4,,0
2026-07-06,L100000100206,Pingwei power station,Anhui,32.68417,116.901389,0,,,OMSO2e,4,,0
2026-07-06,L100000100211,Fuyang power station,Anhui,33.00444,115.845278,0,,,OMSO2e,4,,0
2026-07-06,L100000100211,Fuyang power station,Anhui,33.00444,115.845278,0,,,OMSO2e,4,,0
2026-07-06,L100000100218,Wuhu power station,Anhui,31.2372348,118.1497184,0,,,OMSO2e,4,,0
2026-07-06,L100000100218,Wuhu power station,Anhui,31.2372348,118.1497184,0,,,OMSO2e,4,,0
2026-07-06,L100000100222,Huaibei Pingshan power station,Anhui,33.83392,116.831102,0,,,OMSO2e,4,,0
2026-07-06,L100000100222,Huaibei Pingshan power station,Anhui,33.83392,116.831102,0,,,OMSO2e,4,,0
2026-07-06,L100000100223,Huainan Fengtai power station,Anhui,32.758,116.65,0,,,OMSO2e,4,,0
2026-07-06,L100000100223,Huainan Fengtai power station,Anhui,32.758,116.65,0,,,OMSO2e,4,,0
2026-07-06,L100000100225,Huainan Luohe power station,Anhui,32.68455,117.07511,0,,,OMSO2e,4,,0
2026-07-06,L100000100225,Huainan Luohe power station,Anhui,32.68455,117.07511,0,,,OMSO2e,4,,0
2026-07-06,L100000100226,Huainan Tianji power station,Anhui,32.7465,116.8127,0,,,OMSO2e,4,,0
2026-07-06,L100000100226,Huainan Tianji power station,Anhui,32.7465,116.8127,0,,,OMSO2e,4,,0
2026-07-06,L100000100233,Lixin Banji power station,Anhui,32.897245,116.242561,0,,,OMSO2e,4,,0
2026-07-06,L100000100233,Lixin Banji power station,Anhui,32.897245,116.242561,0,,,OMSO2e,4,,0
2026-07-06,L100000100237,Anqing power station,Anhui,30.541,117.1717,0,,,OMSO2e,4,,0
2026-07-06,L100000100237,Anqing power station,Anhui,30.541,117.1717,0,,,OMSO2e,4,,0
2026-07-06,L100000100240,Suzhou Qianyingzi power station,Anhui,33.5107954,116.9261351,0,,,OMSO2e,4,,0
2026-07-06,L100000100240,Suzhou Qianyingzi power station,Anhui,33.5107954,116.9261351,0,,,OMSO2e,4,,0
2026-07-06,L100000100242,Tongling Wanneng power station,Anhui,30.88181,117.76439,0,,,OMSO2e,4,,0
2026-07-06,L100000100242,Tongling Wanneng power station,Anhui,30.88181,117.76439,0,,,OMSO2e,4,,0
2026-07-06,L100000100245,Ma'anshan power station,Anhui,31.750737,118.4796925,0,,,OMSO2e,4,,0
2026-07-06,L100000100245,Ma'anshan power station,Anhui,31.750737,118.4796925,0,,,OMSO2e,4,,0
2026-07-06,L100000100269,Chongqing Shuanghuai power station,Chongqing,30.1611074,106.5480599,1,CQ_pilot,2013.0,OMSO2e,4,,0
2026-07-06,L100000100269,Chongqing Shuanghuai power station,Chongqing,30.1611074,106.5480599,1,CQ_pilot,2013.0,OMSO2e,4,,0
2026-07-06,L100000100272,Luohuang power station,Chongqing,29.347364,106.433182,1,CQ_pilot,2013.0,OMSO2e,4,,0
2026-07-06,L100000100272,Luohuang power station,Chongqing,29.347364,106.433182,1,CQ_pilot,2013.0,OMSO2e,4,,0
2026-07-06,L100000100276,Chongqing Wanzhou power station,Chongqing,30.677938,108.398976,1,CQ_pilot,2013.0,OMSO2e,4,,0
2026-07-06,L100000100276,Chongqing Wanzhou power station,Chongqing,30.677938,108.398976,1,CQ_pilot,2013.0,OMSO2e,4,,0
2026-07-06,L100000100283,Ningde power station,Fujian,26.7574469,119.7353942,1,FJ_pilot,2016.0,OMSO2e,4,,0
2026-07-06,L100000100283,Ningde power station,Fujian,26.7574469,119.7353942,1,FJ_pilot,2016.0,OMSO2e,4,,0
2026-07-06,L100000100285,Fujian Hongshan power station,Fujian,24.7272766,118.7496944,1,FJ_pilot,2016.0,OMSO2e,4,0.1700000017881393,1
2026-07-06,L100000100285,Fujian Hongshan power station,Fujian,24.7272766,118.7496944,1,FJ_pilot,2016.0,OMSO2e,4,0.1700000017881393,1
2026-07-06,L100000100287,Fuzhou Kemen power station,Fujian,26.3734254,119.7622418,1,FJ_pilot,2016.0,OMSO2e,4,,0
2026-07-06,L100000100287,Fuzhou Kemen power station,Fujian,26.3734254,119.7622418,1,FJ_pilot,2016.0,OMSO2e,4,,0
2026-07-06,L100000100288,Fuzhou Jiangyin power station,Fujian,25.438464,119.3396226,1,FJ_pilot,2016.0,OMSO2e,4,,0
2026-07-06,L100000100288,Fuzhou Jiangyin power station,Fujian,25.438464,119.3396226,1,FJ_pilot,2016.0,OMSO2e,4,,0
2026-07-06,L100000100291,Houshi power station,Fujian,24.3030594,118.1259157,1,FJ_pilot,2016.0,OMSO2e,4,0.1949999928474426,6
2026-07-06,L100000100291,Houshi power station,Fujian,24.3030594,118.1259157,1,FJ_pilot,2016.0,OMSO2e,4,0.1949999928474426,6
2026-07-06,L100000100293,Huaneng Fuzhou power station,Fujian,25.99083,119.4816,1,FJ_pilot,2016.0,OMSO2e,4,,0
2026-07-06,L100000100293,Huaneng Fuzhou power station,Fujian,25.99083,119.4816,1,FJ_pilot,2016.0,OMSO2e,4,,0
2026-07-06,L100000100298,Luoyuan Bay power station,Fujian,26.385334,119.789459,1,FJ_pilot,2016.0,OMSO2e,4,,0
2026-07-06,L100000100298,Luoyuan Bay power station,Fujian,26.385334,119.789459,1,FJ_pilot,2016.0,OMSO2e,4,,0
2026-07-06,L100000100299,Meizhouwan power station,Fujian,25.1608278,119.0333354,1,FJ_pilot,2016.0,OMSO2e,4,,0
2026-07-06,L100000100299,Meizhouwan power station,Fujian,25.1608278,119.0333354,1,FJ_pilot,2016.0,OMSO2e,4,,0
2026-07-06,L100000100300,Nanpu Quanzhou power station,Fujian,25.2044,118.94385,1,FJ_pilot,2016.0,OMSO2e,4,,0
2026-07-06,L100000100300,Nanpu Quanzhou power station,Fujian,25.2044,118.94385,1,FJ_pilot,2016.0,OMSO2e,4,,0
2026-07-06,L100000100303,Xiamen Songyu power station,Fujian,24.4460582,118.0267975,1,FJ_pilot,2016.0,OMSO2e,4,0.1700000017881393,4
2026-07-06,L100000100303,Xiamen Songyu power station,Fujian,24.4460582,118.0267975,1,FJ_pilot,2016.0,OMSO2e,4,0.1700000017881393,4
2026-07-06,L100000100318,Guazhou Changle power station,Gansu,40.6599,96.513,0,,,OMSO2e,4,0.2349999845027923,8
2026-07-06,L100000100318,Guazhou Changle power station,Gansu,40.6599,96.513,0,,,OMSO2e,4,0.2349999845027923,8
2026-07-06,L100000100320,Zhangye power station,Gansu,39.071222,100.462929,0,,,OMSO2e,4,,0
2026-07-06,L100000100320,Zhangye power station,Gansu,39.071222,100.462929,0,,,OMSO2e,4,,0
2026-07-06,L100000100326,Pingliang power station,Gansu,35.5017,106.7861,0,,,OMSO2e,4,,0
2026-07-06,L100000100326,Pingliang power station,Gansu,35.5017,106.7861,0,,,OMSO2e,4,,0
2026-07-06,L100000100328,Gansu Zhengning power station,Gansu,35.268403,107.975564,0,,,OMSO2e,4,,0
2026-07-06,L100000100328,Gansu Zhengning power station,Gansu,35.268403,107.975564,0,,,OMSO2e,4,,0
2026-07-06,L100000100339,Lingtai power station,Gansu,35.0858218,107.7152829,0,,,OMSO2e,4,,0
2026-07-06,L100000100339,Lingtai power station,Gansu,35.0858218,107.7152829,0,,,OMSO2e,4,,0
2026-07-06,L100000100347,Chaozhou Sanbaimen power station,Guangdong,23.56645,117.0972,1,GD_pilot,2013.0,OMSO2e,4,0.1040000095963478,5
2026-07-06,L100000100347,Chaozhou Sanbaimen power station,Guangdong,23.56645,117.0972,1,GD_pilot,2013.0,OMSO2e,4,0.1040000095963478,5
2026-07-06,L100000100354,Leizhou power station,Guangdong,20.51161,109.82803,1,GD_pilot,2013.0,OMSO2e,4,,0
2026-07-06,L100000100354,Leizhou power station,Guangdong,20.51161,109.82803,1,GD_pilot,2013.0,OMSO2e,4,,0
2026-07-06,L100000100358,Guangdong Huilai power station,Guangdong,23.0047771,116.5472388,1,GD_pilot,2013.0,OMSO2e,4,-0.2149999886751175,4
2026-07-06,L100000100358,Guangdong Huilai power station,Guangdong,23.0047771,116.5472388,1,GD_pilot,2013.0,OMSO2e,4,-0.2149999886751175,4
2026-07-06,L100000100359,Guangdong Huizhou Pinghai power station,Guangdong,22.6064638,114.741919,1,GD_pilot,2013.0,OMSO2e,4,,0
2026-07-06,L100000100359,Guangdong Huizhou Pinghai power station,Guangdong,22.6064638,114.741919,1,GD_pilot,2013.0,OMSO2e,4,,0
2026-07-06,L100000100361,Guangdong Shaoguan power station,Guangdong,24.682,113.605,1,GD_pilot,2013.0,OMSO2e,4,,0
2026-07-06,L100000100361,Guangdong Shaoguan power station,Guangdong,24.682,113.605,1,GD_pilot,2013.0,OMSO2e,4,,0
2026-07-06,L100000100372,Taishan power station,Guangdong,21.8667,112.9228,1,GD_pilot,2013.0,OMSO2e,4,,0
2026-07-06,L100000100372,Taishan power station,Guangdong,21.8667,112.9228,1,GD_pilot,2013.0,OMSO2e,4,,0
2026-07-06,L100000100377,Heyuan power station,Guangdong,23.567222,114.640278,1,GD_pilot,2013.0,OMSO2e,4,,0
2026-07-06,L100000100377,Heyuan power station,Guangdong,23.567222,114.640278,1,GD_pilot,2013.0,OMSO2e,4,,0
2026-07-06,L100000100381,Haimen power station,Guangdong,23.1899,116.6548,1,GD_pilot,2013.0,OMSO2e,4,-0.1899999976158142,5
2026-07-06,L100000100381,Haimen power station,Guangdong,23.1899,116.6548,1,GD_pilot,2013.0,OMSO2e,4,-0.1899999976158142,5
2026-07-06,L100000100390,Lufeng Jiahuwan power station,Guangdong,22.832499,115.985482,1,GD_pilot,2013.0,OMSO2e,4,,0
2026-07-06,L100000100390,Lufeng Jiahuwan power station,Guangdong,22.832499,115.985482,1,GD_pilot,2013.0,OMSO2e,4,,0
2026-07-06,L100000100392,Maoming Bohe power station,Guangdong,21.441033,111.289628,1,GD_pilot,2013.0,OMSO2e,4,,0
2026-07-06,L100000100392,Maoming Bohe power station,Guangdong,21.441033,111.289628,1,GD_pilot,2013.0,OMSO2e,4,,0
2026-07-06,L100000100402,Shenhua Qingyuan power station,Guangdong,24.417008,113.540884,1,GD_pilot,2013.0,OMSO2e,4,,0
2026-07-06,L100000100402,Shenhua Qingyuan power station,Guangdong,24.417008,113.540884,1,GD_pilot,2013.0,OMSO2e,4,,0
2026-07-06,L100000100407,Shanwei Haifeng CCS power station,Guangdong,22.7545453,115.0419938,1,GD_pilot,2013.0,OMSO2e,4,,0
2026-07-06,L100000100407,Shanwei Haifeng CCS power station,Guangdong,22.7545453,115.0419938,1,GD_pilot,2013.0,OMSO2e,4,,0
2026-07-06,L100000100408,Shanwei Honghaiwan power station,Guangdong,22.70695,115.55529,1,GD_pilot,2013.0,OMSO2e,4,,0
2026-07-06,L100000100408,Shanwei Honghaiwan power station,Guangdong,22.70695,115.55529,1,GD_pilot,2013.0,OMSO2e,4,,0
2026-07-06,L100000100417,Yangxi Zhujiang power station,Guangdong,21.54264,111.67033,1,GD_pilot,2013.0,OMSO2e,4,,0
2026-07-06,L100000100417,Yangxi Zhujiang power station,Guangdong,21.54264,111.67033,1,GD_pilot,2013.0,OMSO2e,4,,0
2026-07-06,L100000100418,Dabu power station,Guangdong,24.4057171,116.5877945,1,GD_pilot,2013.0,OMSO2e,4,,0
2026-07-06,L100000100418,Dabu power station,Guangdong,24.4057171,116.5877945,1,GD_pilot,2013.0,OMSO2e,4,,0
2026-07-06,L100000100430,Beihai Bebuwan power station,Guangxi,21.5821851,109.5816259,0,,,OMSO2e,4,,0
2026-07-06,L100000100430,Beihai Bebuwan power station,Guangxi,21.5821851,109.5816259,0,,,OMSO2e,4,,0
2026-07-06,L100000100436,Fangchenggang Qisha power station,Guangxi,21.5914,108.3946,0,,,OMSO2e,4,,0
2026-07-06,L100000100436,Fangchenggang Qisha power station,Guangxi,21.5914,108.3946,0,,,OMSO2e,4,,0
2026-07-06,L100000100437,Beihai power station,Guangxi,21.535871,109.590176,0,,,OMSO2e,4,,0
2026-07-06,L100000100437,Beihai power station,Guangxi,21.535871,109.590176,0,,,OMSO2e,4,,0
2026-07-06,L100000100444,Hezhou power station,Guangxi,24.73609,111.34667,0,,,OMSO2e,4,,0
2026-07-06,L100000100444,Hezhou power station,Guangxi,24.73609,111.34667,0,,,OMSO2e,4,,0
2026-07-06,L100000100452,Qinzhou power station,Guangxi,21.7004655,108.6243063,0,,,OMSO2e,4,,0
2026-07-06,L100000100452,Qinzhou power station,Guangxi,21.7004655,108.6243063,0,,,OMSO2e,4,,0
2026-07-06,L100000100477,Guizhou Fa'er power station,Guizhou,26.3259319,104.7705622,0,,,OMSO2e,4,0.0649999976158142,4
2026-07-06,L100000100477,Guizhou Fa'er power station,Guizhou,26.3259319,104.7705622,0,,,OMSO2e,4,0.0649999976158142,4
2026-07-06,L100000100498,Panxian-2 power station,Guizhou,25.4686039,104.5924059,0,,,OMSO2e,4,0.0633333325386047,3
2026-07-06,L100000100498,Panxian-2 power station,Guizhou,25.4686039,104.5924059,0,,,OMSO2e,4,0.0633333325386047,3
2026-07-06,L100000100502,Qianxi power station,Guizhou,27.0516899,106.1252456,0,,,OMSO2e,4,,0
2026-07-06,L100000100502,Qianxi power station,Guizhou,27.0516899,106.1252456,0,,,OMSO2e,4,,0
2026-07-06,L100000100542,China Resources Caofeidian power station,Hebei,38.9960653,118.4875488,0,,,OMSO2e,4,-0.0350000001490116,6
2026-07-06,L100000100542,China Resources Caofeidian power station,Hebei,38.9960653,118.4875488,0,,,OMSO2e,4,-0.0350000001490116,6
2026-07-06,L100000100551,Dingzhou power station,Hebei,38.5122064,114.8433969,0,,,OMSO2e,4,0.1966666579246521,3
2026-07-06,L100000100551,Dingzhou power station,Hebei,38.5122064,114.8433969,0,,,OMSO2e,4,0.1966666579246521,3
2026-07-06,L100000100568,Shang'an power station,Hebei,38.05729,114.19627,0,,,OMSO2e,4,-0.1099999919533729,6
2026-07-06,L100000100568,Shang'an power station,Hebei,38.05729,114.19627,0,,,OMSO2e,4,-0.1099999919533729,6
2026-07-06,L100000100569,Hebei Cangdong power station,Hebei,38.31,117.8786111,0,,,OMSO2e,4,-0.1766666620969772,6
2026-07-06,L100000100569,Hebei Cangdong power station,Hebei,38.31,117.8786111,0,,,OMSO2e,4,-0.1766666620969772,6
2026-07-06,L100000100591,Xibaipo power station,Hebei,38.245068,114.2149428,0,,,OMSO2e,4,0.3499999940395355,6
2026-07-06,L100000100591,Xibaipo power station,Hebei,38.245068,114.2149428,0,,,OMSO2e,4,0.3499999940395355,6
2026-07-06,L100000100598,Zhangjiakou power station,Hebei,40.6595781,114.9438143,0,,,OMSO2e,4,,0
2026-07-06,L100000100598,Zhangjiakou power station,Hebei,40.6595781,114.9438143,0,,,OMSO2e,4,,0
2026-07-06,L100000100610,Qitaihe power station,Heilongjiang,45.7604176,131.0533476,0,,,OMSO2e,4,,0
2026-07-06,L100000100610,Qitaihe power station,Heilongjiang,45.7604176,131.0533476,0,,,OMSO2e,4,,0
2026-07-06,L100000100647,Datang Sanmenxia power station,Henan,34.6855176,111.0274363,0,,,OMSO2e,4,,0
2026-07-06,L100000100647,Datang Sanmenxia power station,Henan,34.6855176,111.0274363,0,,,OMSO2e,4,,0
2026-07-06,L100000100648,Xinyang power station,Henan,32.109018,114.140877,0,,,OMSO2e,4,,0
2026-07-06,L100000100648,Xinyang power station,Henan,32.109018,114.140877,0,,,OMSO2e,4,,0
2026-07-06,L100000100650,Dengfeng-2 power station,Henan,34.39274,113.19878,0,,,OMSO2e,4,,0
2026-07-06,L100000100650,Dengfeng-2 power station,Henan,34.39274,113.19878,0,,,OMSO2e,4,,0
2026-07-06,L100000100657,Hebi power station,Henan,35.851366,114.1798126,0,,,OMSO2e,4,,0
2026-07-06,L100000100657,Hebi power station,Henan,35.851366,114.1798126,0,,,OMSO2e,4,,0
2026-07-06,L100000100664,Henan Xin'an power station,Henan,34.7413202,112.0634119,0,,,OMSO2e,4,,0
2026-07-06,L100000100664,Henan Xin'an power station,Henan,34.7413202,112.0634119,0,,,OMSO2e,4,,0
2026-07-06,L100000100665,Henan Xinmi power station,Henan,34.50003,113.59801,0,,,OMSO2e,4,,0
2026-07-06,L100000100665,Henan Xinmi power station,Henan,34.50003,113.59801,0,,,OMSO2e,4,,0
2026-07-06,L100000100677,Qinbei power station,Henan,35.1676,112.71654,0,,,OMSO2e,4,,0
2026-07-06,L100000100677,Qinbei power station,Henan,35.1676,112.71654,0,,,OMSO2e,4,,0
2026-07-06,L100000100680,Jiaozuo Danhe power station,Henan,35.188487,112.887561,0,,,OMSO2e,4,,0
2026-07-06,L100000100680,Jiaozuo Danhe power station,Henan,35.188487,112.887561,0,,,OMSO2e,4,,0
2026-07-06,L100000100696,Nanyang Yahekou power station,Henan,33.3086427,112.644474,0,,,OMSO2e,4,,0
2026-07-06,L100000100696,Nanyang Yahekou power station,Henan,33.3086427,112.644474,0,,,OMSO2e,4,,0
2026-07-06,L100000100697,Pingdingshan Luyang power station,Henan,33.82189,113.01438,0,,,OMSO2e,4,,0
2026-07-06,L100000100697,Pingdingshan Luyang power station,Henan,33.82189,113.01438,0,,,OMSO2e,4,,0
2026-07-06,L100000100707,Nanyang Neixiang power station,Henan,33.086416,111.90004,0,,,OMSO2e,4,,0
2026-07-06,L100000100707,Nanyang Neixiang power station,Henan,33.086416,111.90004,0,,,OMSO2e,4,,0
2026-07-06,L100000100716,Xuchang Yulong power station,Henan,34.1751132,113.3581446,0,,,OMSO2e,4,,0
2026-07-06,L100000100716,Xuchang Yulong power station,Henan,34.1751132,113.3581446,0,,,OMSO2e,4,,0
2026-07-06,L100000100717,Yaomeng power station,Henan,33.7379928,113.2418822,0,,,OMSO2e,4,,0
2026-07-06,L100000100717,Yaomeng power station,Henan,33.7379928,113.2418822,0,,,OMSO2e,4,,0
2026-07-06,L100000100730,Dabieshan power station,Hubei,31.1420662,114.8921871,1,HB_pilot,2014.0,OMSO2e,4,,0
2026-07-06,L100000100730,Dabieshan power station,Hubei,31.1420662,114.8921871,1,HB_pilot,2014.0,OMSO2e,4,,0
2026-07-06,L100000100737,Hanchuan power station,Hubei,30.6566087,113.9172741,1,HB_pilot,2014.0,OMSO2e,4,,0
2026-07-06,L100000100737,Hanchuan power station,Hubei,30.6566087,113.9172741,1,HB_pilot,2014.0,OMSO2e,4,,0
2026-07-06,L100000100740,Huadian Xisaishan power station,Hubei,30.203056,115.180278,1,HB_pilot,2014.0,OMSO2e,4,,0
2026-07-06,L100000100740,Huadian Xisaishan power station,Hubei,30.203056,115.180278,1,HB_pilot,2014.0,OMSO2e,4,,0
2026-07-06,L100000100742,Yangluo power station,Hubei,30.6938889,114.5430556,1,HB_pilot,2014.0,OMSO2e,4,,0
2026-07-06,L100000100742,Yangluo power station,Hubei,30.6938889,114.5430556,1,HB_pilot,2014.0,OMSO2e,4,,0
2026-07-06,L100000100745,Hubei Ezhou power station,Hubei,30.5517656,114.6420121,1,HB_pilot,2014.0,OMSO2e,4,,0
2026-07-06,L100000100745,Hubei Ezhou power station,Hubei,30.5517656,114.6420121,1,HB_pilot,2014.0,OMSO2e,4,,0
2026-07-06,L100000100751,Puqi Xianning power station,Hubei,29.66523,113.87296,1,HB_pilot,2014.0,OMSO2e,4,,0
2026-07-06,L100000100751,Puqi Xianning power station,Hubei,29.66523,113.87296,1,HB_pilot,2014.0,OMSO2e,4,,0
2026-07-06,L100000100760,Huadian Xiangyang power station,Hubei,31.9118256,112.16692,1,HB_pilot,2014.0,OMSO2e,4,,0
2026-07-06,L100000100760,Huadian Xiangyang power station,Hubei,31.9118256,112.16692,1,HB_pilot,2014.0,OMSO2e,4,,0
2026-07-06,L100000100771,Pingjiang power station,Hunan,28.808542,113.54144,0,,,OMSO2e,4,,0
2026-07-06,L100000100771,Pingjiang power station,Hunan,28.808542,113.54144,0,,,OMSO2e,4,,0
2026-07-06,L100000100773,Huaneng Yueyang power station,Hunan,29.4497908,113.1623018,0,,,OMSO2e,4,,0
2026-07-06,L100000100773,Huaneng Yueyang power station,Hunan,29.4497908,113.1623018,0,,,OMSO2e,4,,0
2026-07-06,L100000100779,Jinzhushan power station,Hunan,27.6252776,111.4823651,0,,,OMSO2e,4,,0
2026-07-06,L100000100779,Jinzhushan power station,Hunan,27.6252776,111.4823651,0,,,OMSO2e,4,,0
2026-07-06,L100000100782,Liyujiang power station,Hunan,25.940443,113.192476,0,,,OMSO2e,4,,0
2026-07-06,L100000100782,Liyujiang power station,Hunan,25.940443,113.192476,0,,,OMSO2e,4,,0
2026-07-06,L100000100785,Shenhua Yongzhou power station,Hunan,26.56672,111.492692,0,,,OMSO2e,4,,0
2026-07-06,L100000100785,Shenhua Yongzhou power station,Hunan,26.56672,111.492692,0,,,OMSO2e,4,,0
2026-07-06,L100000100786,Guoneng Yueyang power station,Hunan,29.6129835,112.754572,0,,,OMSO2e,4,,0
2026-07-06,L100000100786,Guoneng Yueyang power station,Hunan,29.6129835,112.754572,0,,,OMSO2e,4,,0
2026-07-06,L100000100788,Xiangtan power station,Hunan,27.8282792,112.9968045,0,,,OMSO2e,4,,0
2026-07-06,L100000100788,Xiangtan power station,Hunan,27.8282792,112.9968045,0,,,OMSO2e,4,,0
2026-07-06,L100000100789,Yiyang power station,Hunan,28.5966667,112.2686111,0,,,OMSO2e,4,,0
2026-07-06,L100000100789,Yiyang power station,Hunan,28.5966667,112.2686111,0,,,OMSO2e,4,,0
2026-07-06,L100000100795,Baotou Aluminum power station,Inner Mongolia,40.557202,110.148382,1,IM_voluntary,2015.0,OMSO2e,4,,0
2026-07-06,L100000100795,Baotou Aluminum power station,Inner Mongolia,40.557202,110.148382,1,IM_voluntary,2015.0,OMSO2e,4,,0
2026-07-06,L100000100811,Chifeng Yuanbaoshan power station,Inner Mongolia,42.303333,119.324167,1,IM_voluntary,2015.0,OMSO2e,4,,0
2026-07-06,L100000100811,Chifeng Yuanbaoshan power station,Inner Mongolia,42.303333,119.324167,1,IM_voluntary,2015.0,OMSO2e,4,,0
2026-07-06,L100000100813,Chuangyuan Smelter power station,Inner Mongolia,45.437275,119.427496,1,IM_voluntary,2015.0,OMSO2e,4,,0
2026-07-06,L100000100813,Chuangyuan Smelter power station,Inner Mongolia,45.437275,119.427496,1,IM_voluntary,2015.0,OMSO2e,4,,0
2026-07-06,L100000100822,Daihai power station,Inner Mongolia,40.519675,112.667725,1,IM_voluntary,2015.0,OMSO2e,4,,0
2026-07-06,L100000100822,Daihai power station,Inner Mongolia,40.519675,112.667725,1,IM_voluntary,2015.0,OMSO2e,4,,0
2026-07-06,L100000100823,Dalate power station,Inner Mongolia,40.36695,109.99604,1,IM_voluntary,2015.0,OMSO2e,4,,0
2026-07-06,L100000100823,Dalate power station,Inner Mongolia,40.36695,109.99604,1,IM_voluntary,2015.0,OMSO2e,4,,0
2026-07-06,L100000100830,Togtoh power station,Inner Mongolia,40.1952329,111.358881,1,IM_voluntary,2015.0,OMSO2e,4,,0
2026-07-06,L100000100830,Togtoh power station,Inner Mongolia,40.1952329,111.358881,1,IM_voluntary,2015.0,OMSO2e,4,,0
2026-07-06,L100000100845,Guoneng Shanghaimiao power station,Inner Mongolia,38.309587,106.679378,1,IM_voluntary,2015.0,OMSO2e,4,,0
2026-07-06,L100000100845,Guoneng Shanghaimiao power station,Inner Mongolia,38.309587,106.679378,1,IM_voluntary,2015.0,OMSO2e,4,,0
2026-07-06,L100000100847,Jiangsu Energy Group Wulagai power station,Inner Mongolia,45.955947,119.106454,1,IM_voluntary,2015.0,OMSO2e,4,,0
2026-07-06,L100000100847,Jiangsu Energy Group Wulagai power station,Inner Mongolia,45.955947,119.106454,1,IM_voluntary,2015.0,OMSO2e,4,,0
2026-07-06,L100000100861,Hohhot Jinshan cogen power station,Inner Mongolia,40.7072133,111.4600879,1,IM_voluntary,2015.0,OMSO2e,4,,0
2026-07-06,L100000100861,Hohhot Jinshan cogen power station,Inner Mongolia,40.7072133,111.4600879,1,IM_voluntary,2015.0,OMSO2e,4,,0
2026-07-06,L100000100863,Hongjun Aluminum power station,Inner Mongolia,45.5128784,119.6504373,1,IM_voluntary,2015.0,OMSO2e,4,,0
2026-07-06,L100000100863,Hongjun Aluminum power station,Inner Mongolia,45.5128784,119.6504373,1,IM_voluntary,2015.0,OMSO2e,4,,0
2026-07-06,L100000100887,Shangdu power station,Inner Mongolia,42.22369,116.029256,1,IM_voluntary,2015.0,OMSO2e,4,,0
2026-07-06,L100000100887,Shangdu power station,Inner Mongolia,42.22369,116.029256,1,IM_voluntary,2015.0,OMSO2e,4,,0
2026-07-06,L100000100888,Inner Mongolia Changcheng power station,Inner Mongolia,38.249688,106.657876,1,IM_voluntary,2015.0,OMSO2e,4,,0
2026-07-06,L100000100888,Inner Mongolia Changcheng power station,Inner Mongolia,38.249688,106.657876,1,IM_voluntary,2015.0,OMSO2e,4,,0
2026-07-06,L100000100894,Yimin power station,Inner Mongolia,48.549722,119.773889,1,IM_voluntary,2015.0,OMSO2e,4,,0
2026-07-06,L100000100894,Yimin power station,Inner Mongolia,48.549722,119.773889,1,IM_voluntary,2015.0,OMSO2e,4,,0
2026-07-06,L100000100899,Huolinhe Zhanute power station,Inner Mongolia,45.409847,119.596739,1,IM_voluntary,2015.0,OMSO2e,4,,0
2026-07-06,L100000100899,Huolinhe Zhanute power station,Inner Mongolia,45.409847,119.596739,1,IM_voluntary,2015.0,OMSO2e,4,,0
2026-07-06,L100000100910,Jining power station,Inner Mongolia,41.053294,113.153289,1,IM_voluntary,2015.0,OMSO2e,4,,0
2026-07-06,L100000100910,Jining power station,Inner Mongolia,41.053294,113.153289,1,IM_voluntary,2015.0,OMSO2e,4,,0
2026-07-06,L100000100913,Junggar Suancigou power station,Inner Mongolia,39.711744,111.200548,1,IM_voluntary,2015.0,OMSO2e,4,,0
2026-07-06,L100000100913,Junggar Suancigou power station,Inner Mongolia,39.711744,111.200548,1,IM_voluntary,2015.0,OMSO2e,4,,0
2026-07-06,L100000100933,Mengtai Beijiao power station,Inner Mongolia,39.846004,109.984888,1,IM_voluntary,2015.0,OMSO2e,4,,0
2026-07-06,L100000100933,Mengtai Beijiao power station,Inner Mongolia,39.846004,109.984888,1,IM_voluntary,2015.0,OMSO2e,4,,0
2026-07-06,L100000100937,Ordos Power Qipanjing power station,Inner Mongolia,39.385235,106.965664,1,IM_voluntary,2015.0,OMSO2e,4,,0
2026-07-06,L100000100937,Ordos Power Qipanjing power station,Inner Mongolia,39.385235,106.965664,1,IM_voluntary,2015.0,OMSO2e,4,,0
2026-07-06,L100000100948,Inner Mongolia Shenglu power station,Inner Mongolia,38.373756,106.782583,1,IM_voluntary,2015.0,OMSO2e,4,,0
2026-07-06,L100000100948,Inner Mongolia Shenglu power station,Inner Mongolia,38.373756,106.782583,1,IM_voluntary,2015.0,OMSO2e,4,,0
2026-07-06,L100000100954,Tongliao power station,Inner Mongolia,43.6713737,122.1535206,1,IM_voluntary,2015.0,OMSO2e,4,,0
2026-07-06,L100000100954,Tongliao power station,Inner Mongolia,43.6713737,122.1535206,1,IM_voluntary,2015.0,OMSO2e,4,,0
2026-07-06,L100000100969,Changshu-1 power station,Jiangsu,31.753204,120.9634852,0,,,OMSO2e,4,,0
2026-07-06,L100000100969,Changshu-1 power station,Jiangsu,31.753204,120.9634852,0,,,OMSO2e,4,,0
2026-07-06,L100000100970,Changshu-2 power station,Jiangsu,31.757764,120.97813,0,,,OMSO2e,4,,0
2026-07-06,L100000100970,Changshu-2 power station,Jiangsu,31.757764,120.97813,0,,,OMSO2e,4,,0
2026-07-06,L100000100973,Yancheng Binhai power station,Jiangsu,34.307421,120.246943,0,,,OMSO2e,4,,0
2026-07-06,L100000100973,Yancheng Binhai power station,Jiangsu,34.307421,120.246943,0,,,OMSO2e,4,,0
2026-07-06,L100000100974,Changzhou power station,Jiangsu,31.9583333,119.9925,0,,,OMSO2e,4,,0
2026-07-06,L100000100974,Changzhou power station,Jiangsu,31.9583333,119.9925,0,,,OMSO2e,4,,0
2026-07-06,L100000100982,Taizhou power station,Jiangsu,32.187206,119.914444,0,,,OMSO2e,4,,0
2026-07-06,L100000100982,Taizhou power station,Jiangsu,32.187206,119.914444,0,,,OMSO2e,4,,0
2026-07-06,L100000100984,Guohua Xuzhou power station,Jiangsu,34.395144,117.259705,0,,,OMSO2e,4,,0
2026-07-06,L100000100984,Guohua Xuzhou power station,Jiangsu,34.395144,117.259705,0,,,OMSO2e,4,,0
2026-07-06,L100000100988,Jurong power station,Jiangsu,32.19575,119.2497,0,,,OMSO2e,4,,0
2026-07-06,L100000100988,Jurong power station,Jiangsu,32.19575,119.2497,0,,,OMSO2e,4,,0
2026-07-06,L100000100993,Jinling power station,Jiangsu,32.17178,119.01977,0,,,OMSO2e,4,,0
2026-07-06,L100000100993,Jinling power station,Jiangsu,32.17178,119.01977,0,,,OMSO2e,4,,0
2026-07-06,L100000100997,Huaneng Taicang power station,Jiangsu,31.656908,121.17932,0,,,OMSO2e,4,,0
2026-07-06,L100000100997,Huaneng Taicang power station,Jiangsu,31.656908,121.17932,0,,,OMSO2e,4,,0
2026-07-06,L100000100998,Jianbi power station,Jiangsu,32.17693,119.57554,0,,,OMSO2e,4,,0
2026-07-06,L100000100998,Jianbi power station,Jiangsu,32.17693,119.57554,0,,,OMSO2e,4,,0
2026-07-06,L100000101000,Guoxin Jingjiang power station,Jiangsu,32.030487,120.383144,0,,,OMSO2e,4,,0
2026-07-06,L100000101000,Guoxin Jingjiang power station,Jiangsu,32.030487,120.383144,0,,,OMSO2e,4,,0
2026-07-06,L100000101005,Jiangsu Nantong power station,Jiangsu,32.03214,120.76956,0,,,OMSO2e,4,,0
2026-07-06,L100000101005,Jiangsu Nantong power station,Jiangsu,32.03214,120.76956,0,,,OMSO2e,4,,0
2026-07-06,L100000101008,Jiangsu Sheyanggang power station,Jiangsu,33.8185009,120.4633498,0,,,OMSO2e,4,,0
2026-07-06,L100000101008,Jiangsu Sheyanggang power station,Jiangsu,33.8185009,120.4633498,0,,,OMSO2e,4,,0
2026-07-06,L100000101018,Ligang power station,Jiangsu,31.940813,120.0766476,0,,,OMSO2e,4,,0
2026-07-06,L100000101018,Ligang power station,Jiangsu,31.940813,120.0766476,0,,,OMSO2e,4,,0
2026-07-06,L100000101020,Lusigang power station,Jiangsu,32.05858,121.72669,0,,,OMSO2e,4,,0
2026-07-06,L100000101020,Lusigang power station,Jiangsu,32.05858,121.72669,0,,,OMSO2e,4,,0
2026-07-06,L100000101039,Xinhai power station,Jiangsu,34.57789,119.12671,0,,,OMSO2e,4,,0
2026-07-06,L100000101039,Xinhai power station,Jiangsu,34.57789,119.12671,0,,,OMSO2e,4,,0
2026-07-06,L100000101044,Xuzhou Pengcheng power station,Jiangsu,34.3779,117.17591,0,,,OMSO2e,4,,0
2026-07-06,L100000101044,Xuzhou Pengcheng power station,Jiangsu,34.3779,117.17591,0,,,OMSO2e,4,,0
2026-07-06,L100000101047,Guoxin Yangzhou power station,Jiangsu,32.267778,119.419444,0,,,OMSO2e,4,,0
2026-07-06,L100000101047,Guoxin Yangzhou power station,Jiangsu,32.267778,119.419444,0,,,OMSO2e,4,,0
2026-07-06,L100000101053,Zhangjiagang Shazhou power station,Jiangsu,31.989733,120.6879258,0,,,OMSO2e,4,,0
2026-07-06,L100000101053,Zhangjiagang Shazhou power station,Jiangsu,31.989733,120.6879258,0,,,OMSO2e,4,,0
2026-07-06,L100000101057,Fuzhou power station,Jiangxi,27.7844943,116.5644289,0,,,OMSO2e,4,,0
2026-07-06,L100000101057,Fuzhou power station,Jiangxi,27.7844943,116.5644289,0,,,OMSO2e,4,,0
2026-07-06,L100000101058,Datang Xinyu power station,Jiangxi,27.679755,114.956506,0,,,OMSO2e,4,,0
2026-07-06,L100000101058,Datang Xinyu power station,Jiangxi,27.679755,114.956506,0,,,OMSO2e,4,,0
2026-07-06,L100000101060,Fengcheng power station,Jiangxi,28.1943602,115.7088424,0,,,OMSO2e,4,,0
2026-07-06,L100000101060,Fengcheng power station,Jiangxi,28.1943602,115.7088424,0,,,OMSO2e,4,,0
2026-07-06,L100000101063,Guixi power station,Jiangxi,28.28914,117.2235,0,,,OMSO2e,4,0.3733333349227905,3
2026-07-06,L100000101063,Guixi power station,Jiangxi,28.28914,117.2235,0,,,OMSO2e,4,0.3733333349227905,3
2026-07-06,L100000101068,Jinggangshan power station,Jiangxi,27.0474697,115.0203859,0,,,OMSO2e,4,,0
2026-07-06,L100000101068,Jinggangshan power station,Jiangxi,27.0474697,115.0203859,0,,,OMSO2e,4,,0
2026-07-06,L100000101069,Ruijin power station,Jiangxi,25.9244055,115.1028219,0,,,OMSO2e,4,,0
2026-07-06,L100000101069,Ruijin power station,Jiangxi,25.9244055,115.1028219,0,,,OMSO2e,4,,0
2026-07-06,L100000101074,Shenhua Jiujiang power station,Jiangxi,29.826619,116.375973,0,,,OMSO2e,4,,0
2026-07-06,L100000101074,Shenhua Jiujiang power station,Jiangxi,29.826619,116.375973,0,,,OMSO2e,4,,0
2026-07-06,L100000101114,Shuangliao power station,Jilin,43.5282178,123.4633255,0,,,OMSO2e,4,,0
2026-07-06,L100000101114,Shuangliao power station,Jilin,43.5282178,123.4633255,0,,,OMSO2e,4,,0
2026-07-06,L100000101160,Yingkou power station,Liaoning,40.303837,122.105968,0,,,OMSO2e,4,-0.0866666659712791,3
2026-07-06,L100000101160,Yingkou power station,Liaoning,40.303837,122.105968,0,,,OMSO2e,4,-0.0866666659712791,3
2026-07-06,L100000101178,Suizhong power station,Liaoning,40.07962,120.00959,0,,,OMSO2e,4,0.0487499982118606,8
2026-07-06,L100000101178,Suizhong power station,Liaoning,40.07962,120.00959,0,,,OMSO2e,4,0.0487499982118606,8
2026-07-06,L100000101181,Tieling power station,Liaoning,42.3450141,123.8030455,0,,,OMSO2e,4,,0
2026-07-06,L100000101181,Tieling power station,Liaoning,42.3450141,123.8030455,0,,,OMSO2e,4,,0
2026-07-06,L100000101187,Daba power station,Ningxia,37.9916691,105.9247833,0,,,OMSO2e,4,,0
2026-07-06,L100000101187,Daba power station,Ningxia,37.9916691,105.9247833,0,,,OMSO2e,4,,0
2026-07-06,L100000101190,Ningdong Fangjiazhuang power station,Ningxia,37.837649,106.666501,0,,,OMSO2e,4,,0
2026-07-06,L100000101190,Ningdong Fangjiazhuang power station,Ningxia,37.837649,106.666501,0,,,OMSO2e,4,,0
2026-07-06,L100000101191,Shizuishan power station,Ningxia,39.2848224,106.7890371,0,,,OMSO2e,4,,0
2026-07-06,L100000101191,Shizuishan power station,Ningxia,39.2848224,106.7890371,0,,,OMSO2e,4,,0
2026-07-06,L100000101192,Ningdong power station,Ningxia,37.844757,106.786777,0,,,OMSO2e,4,,0
2026-07-06,L100000101192,Ningdong power station,Ningxia,37.844757,106.786777,0,,,OMSO2e,4,,0
2026-07-06,L100000101203,Ningxia Lingwu power station,Ningxia,38.148333,106.345833,0,,,OMSO2e,4,,0
2026-07-06,L100000101203,Ningxia Lingwu power station,Ningxia,38.148333,106.345833,0,,,OMSO2e,4,,0
2026-07-06,L100000101219,Yuanyang Lake power station,Ningxia,38.0575,106.691389,0,,,OMSO2e,4,,0
2026-07-06,L100000101219,Yuanyang Lake power station,Ningxia,38.0575,106.691389,0,,,OMSO2e,4,,0
2026-07-06,L100000101244,Fugu Qingshuichuan power station,Shaanxi,39.2048853,111.1190328,0,,,OMSO2e,4,,0
2026-07-06,L100000101244,Fugu Qingshuichuan power station,Shaanxi,39.2048853,111.1190328,0,,,OMSO2e,4,,0
2026-07-06,L100000101246,Guodian Baoji-2 power station,Shaanxi,34.4980333,107.2181511,0,,,OMSO2e,4,,0
2026-07-06,L100000101246,Guodian Baoji-2 power station,Shaanxi,34.4980333,107.2181511,0,,,OMSO2e,4,,0
2026-07-06,L100000101252,Hancheng power station,Shaanxi,35.6007189,110.5557051,0,,,OMSO2e,4,,0
2026-07-06,L100000101252,Hancheng power station,Shaanxi,35.6007189,110.5557051,0,,,OMSO2e,4,,0
2026-07-06,L100000101265,Leilongwan power station,Shaanxi,37.925376,109.101678,0,,,OMSO2e,4,,0
2026-07-06,L100000101265,Leilongwan power station,Shaanxi,37.925376,109.101678,0,,,OMSO2e,4,,0
2026-07-06,L100000101269,Pucheng power station,Shaanxi,34.9779314,109.7999759,0,,,OMSO2e,4,,0
2026-07-06,L100000101269,Pucheng power station,Shaanxi,34.9779314,109.7999759,0,,,OMSO2e,4,,0
2026-07-06,L100000101277,Fugu Miaogoumen power station,Shaanxi,39.208319,110.784956,0,,,OMSO2e,4,,0
2026-07-06,L100000101277,Fugu Miaogoumen power station,Shaanxi,39.208319,110.784956,0,,,OMSO2e,4,,0
2026-07-06,L100000101278,Jinjie power station,Shaanxi,38.7368389,110.1661297,0,,,OMSO2e,4,,0
2026-07-06,L100000101278,Jinjie power station,Shaanxi,38.7368389,110.1661297,0,,,OMSO2e,4,,0
2026-07-06,L100000101297,Yulin Hengshan power station,Shaanxi,38.03372,109.415067,0,,,OMSO2e,4,,0
2026-07-06,L100000101297,Yulin Hengshan power station,Shaanxi,38.03372,109.415067,0,,,OMSO2e,4,,0
2026-07-06,L100000101307,Binzhou Boxing power station,Shandong,37.27629,118.330855,0,,,OMSO2e,4,,0
2026-07-06,L100000101307,Binzhou Boxing power station,Shandong,37.27629,118.330855,0,,,OMSO2e,4,,0
2026-07-06,L100000101316,Datang Dongying power station,Shandong,38.113151,118.910229,0,,,OMSO2e,4,0.0314285717904567,7
2026-07-06,L100000101316,Datang Dongying power station,Shandong,38.113151,118.910229,0,,,OMSO2e,4,0.0314285717904567,7
2026-07-06,L100000101332,Guohua Shouguang power station,Shandong,37.269686,118.906738,0,,,OMSO2e,4,0.050000000745058,2
2026-07-06,L100000101332,Guohua Shouguang power station,Shandong,37.269686,118.906738,0,,,OMSO2e,4,0.050000000745058,2
2026-07-06,L100000101339,Huadian Laizhou power station,Shandong,37.432222,120.018056,0,,,OMSO2e,4,-0.2159999907016754,5
2026-07-06,L100000101339,Huadian Laizhou power station,Shandong,37.432222,120.018056,0,,,OMSO2e,4,-0.2159999907016754,5
2026-07-06,L100000101341,Shiliquan power station,Shandong,34.814444,117.573056,0,,,OMSO2e,4,,0
2026-07-06,L100000101341,Shiliquan power station,Shandong,34.814444,117.573056,0,,,OMSO2e,4,,0
2026-07-06,L100000101342,Huadian Weifang power station,Shandong,36.6656392,119.2632115,0,,,OMSO2e,4,0.2014285624027252,7
2026-07-06,L100000101342,Huadian Weifang power station,Shandong,36.6656392,119.2632115,0,,,OMSO2e,4,0.2014285624027252,7
2026-07-06,L100000101344,Huaneng Dezhou power station,Shandong,37.449349,116.2415516,0,,,OMSO2e,4,0.1500000059604644,2
2026-07-06,L100000101344,Huaneng Dezhou power station,Shandong,37.449349,116.2415516,0,,,OMSO2e,4,0.1500000059604644,2
2026-07-06,L100000101348,Huaneng Laiwu power station,Shandong,36.1342702,117.6849675,0,,,OMSO2e,4,,0
2026-07-06,L100000101348,Huaneng Laiwu power station,Shandong,36.1342702,117.6849675,0,,,OMSO2e,4,,0
2026-07-06,L100000101383,Rizhao power station,Shandong,35.3454727,119.5104761,0,,,OMSO2e,4,,0
2026-07-06,L100000101383,Rizhao power station,Shandong,35.3454727,119.5104761,0,,,OMSO2e,4,,0
2026-07-06,L100000101399,Shiheng-2 power station,Shandong,36.2123187,116.5136301,0,,,OMSO2e,4,,0
2026-07-06,L100000101399,Shiheng-2 power station,Shandong,36.2123187,116.5136301,0,,,OMSO2e,4,,0
2026-07-06,L100000101409,Weihai power station,Shandong,37.44899,122.20724,0,,,OMSO2e,4,0.1599999964237213,2
2026-07-06,L100000101409,Weihai power station,Shandong,37.44899,122.20724,0,,,OMSO2e,4,0.1599999964237213,2
2026-07-06,L100000101415,Weiqiao Huji power station,Shandong,37.347901,117.781587,0,,,OMSO2e,4,0.1000000014901161,1
2026-07-06,L100000101415,Weiqiao Huji power station,Shandong,37.347901,117.781587,0,,,OMSO2e,4,0.1000000014901161,1
2026-07-06,L100000101420,Weiqiao Zouping-1 power station,Shandong,36.9106725,117.7853572,0,,,OMSO2e,4,0.1000000014901161,2
2026-07-06,L100000101420,Weiqiao Zouping-1 power station,Shandong,36.9106725,117.7853572,0,,,OMSO2e,4,0.1000000014901161,2
2026-07-06,L100000101425,Weiqiao Zouping-7 power station,Shandong,36.896297,117.860459,0,,,OMSO2e,4,0.1000000014901161,2
2026-07-06,L100000101425,Weiqiao Zouping-7 power station,Shandong,36.896297,117.860459,0,,,OMSO2e,4,0.1000000014901161,2
2026-07-06,L100000101429,Shandong Xinfa Xinyuan power station,Shandong,36.615766,116.225215,0,,,OMSO2e,4,0.1000000014901161,1
2026-07-06,L100000101429,Shandong Xinfa Xinyuan power station,Shandong,36.615766,116.225215,0,,,OMSO2e,4,0.1000000014901161,1
2026-07-06,L100000101442,Zouxian power station,Shandong,35.3255698,116.9260912,0,,,OMSO2e,4,,0
2026-07-06,L100000101442,Zouxian power station,Shandong,35.3255698,116.9260912,0,,,OMSO2e,4,,0
2026-07-06,L100000101444,Shanghai Caojing power station,Shanghai,30.76073,121.4008,1,SH_pilot,2013.0,OMSO2e,4,-0.00499999942258,6
2026-07-06,L100000101444,Shanghai Caojing power station,Shanghai,30.76073,121.4008,1,SH_pilot,2013.0,OMSO2e,4,-0.00499999942258,6
2026-07-06,L100000101447,Shanghai Shidongkou power station,Shanghai,31.4650719,121.4048433,1,SH_pilot,2013.0,OMSO2e,4,0.0099999997764825,1
2026-07-06,L100000101447,Shanghai Shidongkou power station,Shanghai,31.4650719,121.4048433,1,SH_pilot,2013.0,OMSO2e,4,0.0099999997764825,1
2026-07-06,L100000101448,Waigaoqiao power station,Shanghai,31.3536333,121.6002746,1,SH_pilot,2013.0,OMSO2e,4,0.1499999910593032,3
2026-07-06,L100000101448,Waigaoqiao power station,Shanghai,31.3536333,121.6002746,1,SH_pilot,2013.0,OMSO2e,4,0.1499999910593032,3
2026-07-06,L100000101515,Shanxi Zhaoguang power station,Shanxi,36.5537987,111.6917736,0,,,OMSO2e,4,,0
2026-07-06,L100000101515,Shanxi Zhaoguang power station,Shanxi,36.5537987,111.6917736,0,,,OMSO2e,4,,0
2026-07-06,L100000101518,Shenhua Hequ power station,Shanxi,39.3830746,111.1843014,0,,,OMSO2e,4,,0
2026-07-06,L100000101518,Shenhua Hequ power station,Shanxi,39.3830746,111.1843014,0,,,OMSO2e,4,,0
2026-07-06,L100000101519,Shentou power station,Shanxi,39.550981,112.488736,0,,,OMSO2e,4,,0
2026-07-06,L100000101519,Shentou power station,Shanxi,39.550981,112.488736,0,,,OMSO2e,4,,0
2026-07-06,L100000101529,Tongmei Tashan power station,Shanxi,39.9249917,113.0839199,0,,,OMSO2e,4,,0
2026-07-06,L100000101529,Tongmei Tashan power station,Shanxi,39.9249917,113.0839199,0,,,OMSO2e,4,,0
2026-07-06,L100000101542,Xishan Gujiao power station,Shanxi,37.8952266,112.0930982,0,,,OMSO2e,4,,0
2026-07-06,L100000101542,Xishan Gujiao power station,Shanxi,37.8952266,112.0930982,0,,,OMSO2e,4,,0
2026-07-06,L100000101543,Yangcheng power station,Shanxi,35.466123,112.5742039,0,,,OMSO2e,4,,0
2026-07-06,L100000101543,Yangcheng power station,Shanxi,35.466123,112.5742039,0,,,OMSO2e,4,,0
2026-07-06,L100000101551,Yuguang Coal power station,Shanxi,38.078135,113.482791,0,,,OMSO2e,4,-0.0766666680574417,3
2026-07-06,L100000101551,Yuguang Coal power station,Shanxi,38.078135,113.482791,0,,,OMSO2e,4,-0.0766666680574417,3
2026-07-06,L100000101554,Zhangshan power station,Shanxi,36.326115,113.081402,0,,,OMSO2e,4,,0
2026-07-06,L100000101554,Zhangshan power station,Shanxi,36.326115,113.081402,0,,,OMSO2e,4,,0
2026-07-06,L100000101555,Changzhi power station,Shanxi,36.3226498,113.0816012,0,,,OMSO2e,4,,0
2026-07-06,L100000101555,Changzhi power station,Shanxi,36.3226498,113.0816012,0,,,OMSO2e,4,,0
2026-07-06,L100000101567,Guang'an power station,Sichuan,30.5288201,106.8264802,0,,,OMSO2e,4,,0
2026-07-06,L100000101567,Guang'an power station,Sichuan,30.5288201,106.8264802,0,,,OMSO2e,4,,0
2026-07-06,L100000101580,Tianming power station,Sichuan,31.869616,104.910148,0,,,OMSO2e,4,,0
2026-07-06,L100000101580,Tianming power station,Sichuan,31.869616,104.910148,0,,,OMSO2e,4,,0
2026-07-06,L100000101588,Panshan power station,Tianjin,39.9801382,117.4630704,1,TJ_pilot,2013.0,OMSO2e,4,-0.3400000035762787,6
2026-07-06,L100000101588,Panshan power station,Tianjin,39.9801382,117.4630704,1,TJ_pilot,2013.0,OMSO2e,4,-0.3400000035762787,6
2026-07-06,L100000101589,Tianjin Beijiang power station,Tianjin,39.2193209,117.9298639,1,TJ_pilot,2013.0,OMSO2e,4,-0.135000005364418,6
2026-07-06,L100000101589,Tianjin Beijiang power station,Tianjin,39.2193209,117.9298639,1,TJ_pilot,2013.0,OMSO2e,4,-0.135000005364418,6
2026-07-06,L100000101617,East Hope Metals Wucaiwan power station,Xinjiang,44.6829461,89.1158667,0,,,OMSO2e,4,0.0914285629987716,7
2026-07-06,L100000101617,East Hope Metals Wucaiwan power station,Xinjiang,44.6829461,89.1158667,0,,,OMSO2e,4,0.0914285629987716,7
2026-07-06,L100000101668,Xinjiang Qiya Smelter power station,Xinjiang,44.8955881,89.049629,0,,,OMSO2e,4,0.0324999988079071,8
2026-07-06,L100000101668,Xinjiang Qiya Smelter power station,Xinjiang,44.8955881,89.049629,0,,,OMSO2e,4,0.0324999988079071,8
2026-07-06,L100000101675,Shenhua Guoneng Hami power station,Xinjiang,42.411226,93.009166,0,,,OMSO2e,4,,0
2026-07-06,L100000101675,Shenhua Guoneng Hami power station,Xinjiang,42.411226,93.009166,0,,,OMSO2e,4,,0
2026-07-06,L100000101677,Shenhua Zhundong Wucaiwan power station,Xinjiang,44.795533,89.149825,0,,,OMSO2e,4,0.0549999959766864,6
2026-07-06,L100000101677,Shenhua Zhundong Wucaiwan power station,Xinjiang,44.795533,89.149825,0,,,OMSO2e,4,0.0549999959766864,6
2026-07-06,L100000101681,Tianchi Changji cogen power station,Xinjiang,44.004362,87.171961,0,,,OMSO2e,4,,0
2026-07-06,L100000101681,Tianchi Changji cogen power station,Xinjiang,44.004362,87.171961,0,,,OMSO2e,4,,0
2026-07-06,L100000101682,Tianchi Energy Zhundong Wucaiwan power station,Xinjiang,44.8524482,89.1959171,0,,,OMSO2e,4,0.0125000020489096,8
2026-07-06,L100000101682,Tianchi Energy Zhundong Wucaiwan power station,Xinjiang,44.8524482,89.1959171,0,,,OMSO2e,4,0.0125000020489096,8
2026-07-06,L100000101696,Wucaiwan Bei'er power station,Xinjiang,44.8388927,89.1908616,0,,,OMSO2e,4,0.0344444438815116,9
2026-07-06,L100000101696,Wucaiwan Bei'er power station,Xinjiang,44.8388927,89.1908616,0,,,OMSO2e,4,0.0344444438815116,9
2026-07-06,L100000101697,Wujiaqu power station,Xinjiang,44.26892,87.687877,0,,,OMSO2e,4,0.2760000228881836,5
2026-07-06,L100000101697,Wujiaqu power station,Xinjiang,44.26892,87.687877,0,,,OMSO2e,4,0.2760000228881836,5
2026-07-06,L100000101709,XPCC Shihezi Cogen power station,Xinjiang,44.428094,86.093609,0,,,OMSO2e,4,,0
2026-07-06,L100000101709,XPCC Shihezi Cogen power station,Xinjiang,44.428094,86.093609,0,,,OMSO2e,4,,0
2026-07-06,L100000101716,Diandong power station,Yunnan,25.19943,104.6819,0,,,OMSO2e,4,0.1449999958276748,2
2026-07-06,L100000101716,Diandong power station,Yunnan,25.19943,104.6819,0,,,OMSO2e,4,0.1449999958276748,2
2026-07-06,L100000101730,Wushashan power station,Zhejiang,29.505411,121.662934,0,,,OMSO2e,4,0.0160000026226043,5
2026-07-06,L100000101730,Wushashan power station,Zhejiang,29.505411,121.662934,0,,,OMSO2e,4,0.0160000026226043,5
2026-07-06,L100000101731,Beilun power station,Zhejiang,29.9427256,121.8131207,0,,,OMSO2e,4,0.1400000154972076,5
2026-07-06,L100000101731,Beilun power station,Zhejiang,29.9427256,121.8131207,0,,,OMSO2e,4,0.1400000154972076,5
2026-07-06,L100000101732,Guohua Zhoushan power station,Zhejiang,30.103996,122.184817,0,,,OMSO2e,4,0.0966666713356971,6
2026-07-06,L100000101732,Guohua Zhoushan power station,Zhejiang,30.103996,122.184817,0,,,OMSO2e,4,0.0966666713356971,6
2026-07-06,L100000101736,Yuhuan power station,Zhejiang,28.1151529,121.1391369,0,,,OMSO2e,4,0.1039999946951866,5
2026-07-06,L100000101736,Yuhuan power station,Zhejiang,28.1151529,121.1391369,0,,,OMSO2e,4,0.1039999946951866,5
2026-07-06,L100000101737,China Resources Wenzhou power station,Zhejiang,27.4974228,120.6631851,0,,,OMSO2e,4,-0.0549999959766864,6
2026-07-06,L100000101737,China Resources Wenzhou power station,Zhejiang,27.4974228,120.6631851,0,,,OMSO2e,4,-0.0549999959766864,6
2026-07-06,L100000101739,Jiaxing power station,Zhejiang,30.62804,121.14422,0,,,OMSO2e,4,-0.0324999988079071,4
2026-07-06,L100000101739,Jiaxing power station,Zhejiang,30.62804,121.14422,0,,,OMSO2e,4,-0.0324999988079071,4
2026-07-06,L100000101742,Lanxi power station,Zhejiang,29.1866175,119.5068449,0,,,OMSO2e,4,-0.089999996125698,3
2026-07-06,L100000101742,Lanxi power station,Zhejiang,29.1866175,119.5068449,0,,,OMSO2e,4,-0.089999996125698,3
2026-07-06,L100000101747,Ninghai power station,Zhejiang,29.4817622,121.5114792,0,,,OMSO2e,4,0.0600000023841857,3
2026-07-06,L100000101747,Ninghai power station,Zhejiang,29.4817622,121.5114792,0,,,OMSO2e,4,0.0600000023841857,3
2026-07-06,L100000101750,Zhejiang Taizhou-2 power station,Zhejiang,29.012395,121.695507,0,,,OMSO2e,4,-0.103333331644535,6
2026-07-06,L100000101750,Zhejiang Taizhou-2 power station,Zhejiang,29.012395,121.695507,0,,,OMSO2e,4,-0.103333331644535,6
2026-07-06,L100000101761,Zheneng Liuheng power station,Zhejiang,29.7593387,122.1266091,0,,,OMSO2e,4,0.1416666805744171,6
2026-07-06,L100000101761,Zheneng Liuheng power station,Zhejiang,29.7593387,122.1266091,0,,,OMSO2e,4,0.1416666805744171,6
2026-07-06,L100000101762,Zheneng Wenzhou power station,Zhejiang,27.9957103,120.8358582,0,,,OMSO2e,4,0.0683333277702331,6
2026-07-06,L100000101762,Zheneng Wenzhou power station,Zhejiang,27.9957103,120.8358582,0,,,OMSO2e,4,0.0683333277702331,6
2026-07-06,L100000101763,Zheneng Yueqing power station,Zhejiang,28.1704074,121.0889375,0,,,OMSO2e,4,0.236666664481163,6
2026-07-06,L100000101763,Zheneng Yueqing power station,Zhejiang,28.1704074,121.0889375,0,,,OMSO2e,4,0.236666664481163,6
2026-07-06,L100000104506,Fu County power station,Shaanxi,35.858656,109.2167,0,,,OMSO2e,4,,0
2026-07-06,L100000104506,Fu County power station,Shaanxi,35.858656,109.2167,0,,,OMSO2e,4,,0
2026-07-06,L100000104758,Hubei Yicheng power station,Hubei,31.781843,112.129461,1,HB_pilot,2014.0,OMSO2e,4,,0
2026-07-06,L100000104758,Hubei Yicheng power station,Hubei,31.781843,112.129461,1,HB_pilot,2014.0,OMSO2e,4,,0
2026-07-06,L100000104917,Shanggao power station,Jiangxi,28.185566,114.825697,0,,,OMSO2e,4,,0
2026-07-06,L100000104917,Shanggao power station,Jiangxi,28.185566,114.825697,0,,,OMSO2e,4,,0
2026-07-06,L100000104944,Hami-Chongqing UHV Transmission Line power station,Xinjiang,44.53792,92.926001,0,,,OMSO2e,4,,0
2026-07-06,L100000104944,Hami-Chongqing UHV Transmission Line power station,Xinjiang,44.53792,92.926001,0,,,OMSO2e,4,,0
2026-07-06,L100000104970,Jiangsu Guoxin Shazhou power station,Jiangsu,31.985654,120.684419,0,,,OMSO2e,4,,0
2026-07-06,L100000104970,Jiangsu Guoxin Shazhou power station,Jiangsu,31.985654,120.684419,0,,,OMSO2e,4,,0
2026-07-06,L100000105025,Datong-2 power station,Shanxi,40.0279118,113.2933181,0,,,OMSO2e,4,,0
2026-07-06,L100000105025,Datong-2 power station,Shanxi,40.0279118,113.2933181,0,,,OMSO2e,4,,0
2026-07-05,L100000100200,Anhui Bengbu power station,Anhui,32.78444,117.11472,0,,,OMSO2e,4,,0
2026-07-05,L100000100200,Anhui Bengbu power station,Anhui,32.78444,117.11472,0,,,OMSO2e,4,,0
2026-07-05,L100000100201,Anhui Huainan Panji power station,Anhui,32.76917,116.759595,0,,,OMSO2e,4,,0
2026-07-05,L100000100201,Anhui Huainan Panji power station,Anhui,32.76917,116.759595,0,,,OMSO2e,4,,0
2026-07-05,L100000100205,Chizhou Jiuhua power station,Anhui,30.7531097,117.5906618,0,,,OMSO2e,4,,0
2026-07-05,L100000100205,Chizhou Jiuhua power station,Anhui,30.7531097,117.5906618,0,,,OMSO2e,4,,0
2026-07-05,L100000100206,Pingwei power station,Anhui,32.68417,116.901389,0,,,OMSO2e,4,,0
2026-07-05,L100000100206,Pingwei power station,Anhui,32.68417,116.901389,0,,,OMSO2e,4,,0
2026-07-05,L100000100211,Fuyang power station,Anhui,33.00444,115.845278,0,,,OMSO2e,4,,0
2026-07-05,L100000100211,Fuyang power station,Anhui,33.00444,115.845278,0,,,OMSO2e,4,,0
2026-07-05,L100000100218,Wuhu power station,Anhui,31.2372348,118.1497184,0,,,OMSO2e,4,,0
2026-07-05,L100000100218,Wuhu power station,Anhui,31.2372348,118.1497184,0,,,OMSO2e,4,,0
2026-07-05,L100000100222,Huaibei Pingshan power station,Anhui,33.83392,116.831102,0,,,OMSO2e,4,,0
2026-07-05,L100000100222,Huaibei Pingshan power station,Anhui,33.83392,116.831102,0,,,OMSO2e,4,,0
2026-07-05,L100000100223,Huainan Fengtai power station,Anhui,32.758,116.65,0,,,OMSO2e,4,,0
2026-07-05,L100000100223,Huainan Fengtai power station,Anhui,32.758,116.65,0,,,OMSO2e,4,,0
2026-07-05,L100000100225,Huainan Luohe power station,Anhui,32.68455,117.07511,0,,,OMSO2e,4,,0
2026-07-05,L100000100225,Huainan Luohe power station,Anhui,32.68455,117.07511,0,,,OMSO2e,4,,0
2026-07-05,L100000100226,Huainan Tianji power station,Anhui,32.7465,116.8127,0,,,OMSO2e,4,,0
2026-07-05,L100000100226,Huainan Tianji power station,Anhui,32.7465,116.8127,0,,,OMSO2e,4,,0
2026-07-05,L100000100233,Lixin Banji power station,Anhui,32.897245,116.242561,0,,,OMSO2e,4,,0
2026-07-05,L100000100233,Lixin Banji power station,Anhui,32.897245,116.242561,0,,,OMSO2e,4,,0
2026-07-05,L100000100237,Anqing power station,Anhui,30.541,117.1717,0,,,OMSO2e,4,,0
2026-07-05,L100000100237,Anqing power station,Anhui,30.541,117.1717,0,,,OMSO2e,4,,0
2026-07-05,L100000100240,Suzhou Qianyingzi power station,Anhui,33.5107954,116.9261351,0,,,OMSO2e,4,,0
2026-07-05,L100000100240,Suzhou Qianyingzi power station,Anhui,33.5107954,116.9261351,0,,,OMSO2e,4,,0
2026-07-05,L100000100242,Tongling Wanneng power station,Anhui,30.88181,117.76439,0,,,OMSO2e,4,,0
2026-07-05,L100000100242,Tongling Wanneng power station,Anhui,30.88181,117.76439,0,,,OMSO2e,4,,0
2026-07-05,L100000100245,Ma'anshan power station,Anhui,31.750737,118.4796925,0,,,OMSO2e,4,,0
2026-07-05,L100000100245,Ma'anshan power station,Anhui,31.750737,118.4796925,0,,,OMSO2e,4,,0
2026-07-05,L100000100269,Chongqing Shuanghuai power station,Chongqing,30.1611074,106.5480599,1,CQ_pilot,2013.0,OMSO2e,4,0.0799999982118606,2
2026-07-05,L100000100269,Chongqing Shuanghuai power station,Chongqing,30.1611074,106.5480599,1,CQ_pilot,2013.0,OMSO2e,4,0.0799999982118606,2
2026-07-05,L100000100272,Luohuang power station,Chongqing,29.347364,106.433182,1,CQ_pilot,2013.0,OMSO2e,4,,0
2026-07-05,L100000100272,Luohuang power station,Chongqing,29.347364,106.433182,1,CQ_pilot,2013.0,OMSO2e,4,,0
2026-07-05,L100000100276,Chongqing Wanzhou power station,Chongqing,30.677938,108.398976,1,CQ_pilot,2013.0,OMSO2e,4,-0.0328571423888206,7
2026-07-05,L100000100276,Chongqing Wanzhou power station,Chongqing,30.677938,108.398976,1,CQ_pilot,2013.0,OMSO2e,4,-0.0328571423888206,7
2026-07-05,L100000100283,Ningde power station,Fujian,26.7574469,119.7353942,1,FJ_pilot,2016.0,OMSO2e,4,,0
2026-07-05,L100000100283,Ningde power station,Fujian,26.7574469,119.7353942,1,FJ_pilot,2016.0,OMSO2e,4,,0
2026-07-05,L100000100285,Fujian Hongshan power station,Fujian,24.7272766,118.7496944,1,FJ_pilot,2016.0,OMSO2e,4,,0
2026-07-05,L100000100285,Fujian Hongshan power station,Fujian,24.7272766,118.7496944,1,FJ_pilot,2016.0,OMSO2e,4,,0
2026-07-05,L100000100287,Fuzhou Kemen power station,Fujian,26.3734254,119.7622418,1,FJ_pilot,2016.0,OMSO2e,4,,0
2026-07-05,L100000100287,Fuzhou Kemen power station,Fujian,26.3734254,119.7622418,1,FJ_pilot,2016.0,OMSO2e,4,,0
2026-07-05,L100000100288,Fuzhou Jiangyin power station,Fujian,25.438464,119.3396226,1,FJ_pilot,2016.0,OMSO2e,4,,0
2026-07-05,L100000100288,Fuzhou Jiangyin power station,Fujian,25.438464,119.3396226,1,FJ_pilot,2016.0,OMSO2e,4,,0
2026-07-05,L100000100291,Houshi power station,Fujian,24.3030594,118.1259157,1,FJ_pilot,2016.0,OMSO2e,4,,0
2026-07-05,L100000100291,Houshi power station,Fujian,24.3030594,118.1259157,1,FJ_pilot,2016.0,OMSO2e,4,,0
2026-07-05,L100000100293,Huaneng Fuzhou power station,Fujian,25.99083,119.4816,1,FJ_pilot,2016.0,OMSO2e,4,,0
2026-07-05,L100000100293,Huaneng Fuzhou power station,Fujian,25.99083,119.4816,1,FJ_pilot,2016.0,OMSO2e,4,,0
2026-07-05,L100000100298,Luoyuan Bay power station,Fujian,26.385334,119.789459,1,FJ_pilot,2016.0,OMSO2e,4,,0
2026-07-05,L100000100298,Luoyuan Bay power station,Fujian,26.385334,119.789459,1,FJ_pilot,2016.0,OMSO2e,4,,0
2026-07-05,L100000100299,Meizhouwan power station,Fujian,25.1608278,119.0333354,1,FJ_pilot,2016.0,OMSO2e,4,,0
2026-07-05,L100000100299,Meizhouwan power station,Fujian,25.1608278,119.0333354,1,FJ_pilot,2016.0,OMSO2e,4,,0
2026-07-05,L100000100300,Nanpu Quanzhou power station,Fujian,25.2044,118.94385,1,FJ_pilot,2016.0,OMSO2e,4,,0
2026-07-05,L100000100300,Nanpu Quanzhou power station,Fujian,25.2044,118.94385,1,FJ_pilot,2016.0,OMSO2e,4,,0
2026-07-05,L100000100303,Xiamen Songyu power station,Fujian,24.4460582,118.0267975,1,FJ_pilot,2016.0,OMSO2e,4,,0
2026-07-05,L100000100303,Xiamen Songyu power station,Fujian,24.4460582,118.0267975,1,FJ_pilot,2016.0,OMSO2e,4,,0
2026-07-05,L100000100318,Guazhou Changle power station,Gansu,40.6599,96.513,0,,,OMSO2e,4,,0
2026-07-05,L100000100318,Guazhou Changle power station,Gansu,40.6599,96.513,0,,,OMSO2e,4,,0
2026-07-05,L100000100320,Zhangye power station,Gansu,39.071222,100.462929,0,,,OMSO2e,4,-0.0700000002980232,6
2026-07-05,L100000100320,Zhangye power station,Gansu,39.071222,100.462929,0,,,OMSO2e,4,-0.0700000002980232,6
2026-07-05,L100000100326,Pingliang power station,Gansu,35.5017,106.7861,0,,,OMSO2e,4,0.050000000745058,6
2026-07-05,L100000100326,Pingliang power station,Gansu,35.5017,106.7861,0,,,OMSO2e,4,0.050000000745058,6
2026-07-05,L100000100328,Gansu Zhengning power station,Gansu,35.268403,107.975564,0,,,OMSO2e,4,-0.2100000083446502,5
2026-07-05,L100000100328,Gansu Zhengning power station,Gansu,35.268403,107.975564,0,,,OMSO2e,4,-0.2100000083446502,5
2026-07-05,L100000100339,Lingtai power station,Gansu,35.0858218,107.7152829,0,,,OMSO2e,4,-0.1116666719317436,6
2026-07-05,L100000100339,Lingtai power station,Gansu,35.0858218,107.7152829,0,,,OMSO2e,4,-0.1116666719317436,6
2026-07-05,L100000100347,Chaozhou Sanbaimen power station,Guangdong,23.56645,117.0972,1,GD_pilot,2013.0,OMSO2e,4,,0
2026-07-05,L100000100347,Chaozhou Sanbaimen power station,Guangdong,23.56645,117.0972,1,GD_pilot,2013.0,OMSO2e,4,,0
2026-07-05,L100000100354,Leizhou power station,Guangdong,20.51161,109.82803,1,GD_pilot,2013.0,OMSO2e,4,,0
2026-07-05,L100000100354,Leizhou power station,Guangdong,20.51161,109.82803,1,GD_pilot,2013.0,OMSO2e,4,,0
2026-07-05,L100000100358,Guangdong Huilai power station,Guangdong,23.0047771,116.5472388,1,GD_pilot,2013.0,OMSO2e,4,,0
2026-07-05,L100000100358,Guangdong Huilai power station,Guangdong,23.0047771,116.5472388,1,GD_pilot,2013.0,OMSO2e,4,,0
2026-07-05,L100000100359,Guangdong Huizhou Pinghai power station,Guangdong,22.6064638,114.741919,1,GD_pilot,2013.0,OMSO2e,4,-0.3566666543483734,3
2026-07-05,L100000100359,Guangdong Huizhou Pinghai power station,Guangdong,22.6064638,114.741919,1,GD_pilot,2013.0,OMSO2e,4,-0.3566666543483734,3
2026-07-05,L100000100361,Guangdong Shaoguan power station,Guangdong,24.682,113.605,1,GD_pilot,2013.0,OMSO2e,4,,0
2026-07-05,L100000100361,Guangdong Shaoguan power station,Guangdong,24.682,113.605,1,GD_pilot,2013.0,OMSO2e,4,,0
2026-07-05,L100000100372,Taishan power station,Guangdong,21.8667,112.9228,1,GD_pilot,2013.0,OMSO2e,4,,0
2026-07-05,L100000100372,Taishan power station,Guangdong,21.8667,112.9228,1,GD_pilot,2013.0,OMSO2e,4,,0
2026-07-05,L100000100377,Heyuan power station,Guangdong,23.567222,114.640278,1,GD_pilot,2013.0,OMSO2e,4,0.0,2
2026-07-05,L100000100377,Heyuan power station,Guangdong,23.567222,114.640278,1,GD_pilot,2013.0,OMSO2e,4,0.0,2
2026-07-05,L100000100381,Haimen power station,Guangdong,23.1899,116.6548,1,GD_pilot,2013.0,OMSO2e,4,,0
2026-07-05,L100000100381,Haimen power station,Guangdong,23.1899,116.6548,1,GD_pilot,2013.0,OMSO2e,4,,0
2026-07-05,L100000100390,Lufeng Jiahuwan power station,Guangdong,22.832499,115.985482,1,GD_pilot,2013.0,OMSO2e,4,0.0733333304524421,3
2026-07-05,L100000100390,Lufeng Jiahuwan power station,Guangdong,22.832499,115.985482,1,GD_pilot,2013.0,OMSO2e,4,0.0733333304524421,3
2026-07-05,L100000100392,Maoming Bohe power station,Guangdong,21.441033,111.289628,1,GD_pilot,2013.0,OMSO2e,4,,0
2026-07-05,L100000100392,Maoming Bohe power station,Guangdong,21.441033,111.289628,1,GD_pilot,2013.0,OMSO2e,4,,0
2026-07-05,L100000100402,Shenhua Qingyuan power station,Guangdong,24.417008,113.540884,1,GD_pilot,2013.0,OMSO2e,4,,0
2026-07-05,L100000100402,Shenhua Qingyuan power station,Guangdong,24.417008,113.540884,1,GD_pilot,2013.0,OMSO2e,4,,0
2026-07-05,L100000100407,Shanwei Haifeng CCS power station,Guangdong,22.7545453,115.0419938,1,GD_pilot,2013.0,OMSO2e,4,0.036666665226221,3
2026-07-05,L100000100407,Shanwei Haifeng CCS power station,Guangdong,22.7545453,115.0419938,1,GD_pilot,2013.0,OMSO2e,4,0.036666665226221,3
2026-07-05,L100000100408,Shanwei Honghaiwan power station,Guangdong,22.70695,115.55529,1,GD_pilot,2013.0,OMSO2e,4,0.1040000095963478,5
2026-07-05,L100000100408,Shanwei Honghaiwan power station,Guangdong,22.70695,115.55529,1,GD_pilot,2013.0,OMSO2e,4,0.1040000095963478,5
2026-07-05,L100000100417,Yangxi Zhujiang power station,Guangdong,21.54264,111.67033,1,GD_pilot,2013.0,OMSO2e,4,,0
2026-07-05,L100000100417,Yangxi Zhujiang power station,Guangdong,21.54264,111.67033,1,GD_pilot,2013.0,OMSO2e,4,,0
2026-07-05,L100000100418,Dabu power station,Guangdong,24.4057171,116.5877945,1,GD_pilot,2013.0,OMSO2e,4,,0
2026-07-05,L100000100418,Dabu power station,Guangdong,24.4057171,116.5877945,1,GD_pilot,2013.0,OMSO2e,4,,0
2026-07-05,L100000100430,Beihai Bebuwan power station,Guangxi,21.5821851,109.5816259,0,,,OMSO2e,4,,0
2026-07-05,L100000100430,Beihai Bebuwan power station,Guangxi,21.5821851,109.5816259,0,,,OMSO2e,4,,0
2026-07-05,L100000100436,Fangchenggang Qisha power station,Guangxi,21.5914,108.3946,0,,,OMSO2e,4,,0
2026-07-05,L100000100436,Fangchenggang Qisha power station,Guangxi,21.5914,108.3946,0,,,OMSO2e,4,,0
2026-07-05,L100000100437,Beihai power station,Guangxi,21.535871,109.590176,0,,,OMSO2e,4,,0
2026-07-05,L100000100437,Beihai power station,Guangxi,21.535871,109.590176,0,,,OMSO2e,4,,0
2026-07-05,L100000100444,Hezhou power station,Guangxi,24.73609,111.34667,0,,,OMSO2e,4,,0
2026-07-05,L100000100444,Hezhou power station,Guangxi,24.73609,111.34667,0,,,OMSO2e,4,,0
2026-07-05,L100000100452,Qinzhou power station,Guangxi,21.7004655,108.6243063,0,,,OMSO2e,4,,0
2026-07-05,L100000100452,Qinzhou power station,Guangxi,21.7004655,108.6243063,0,,,OMSO2e,4,,0
2026-07-05,L100000100477,Guizhou Fa'er power station,Guizhou,26.3259319,104.7705622,0,,,OMSO2e,4,,0
2026-07-05,L100000100477,Guizhou Fa'er power station,Guizhou,26.3259319,104.7705622,0,,,OMSO2e,4,,0
2026-07-05,L100000100498,Panxian-2 power station,Guizhou,25.4686039,104.5924059,0,,,OMSO2e,4,,0
2026-07-05,L100000100498,Panxian-2 power station,Guizhou,25.4686039,104.5924059,0,,,OMSO2e,4,,0
2026-07-05,L100000100502,Qianxi power station,Guizhou,27.0516899,106.1252456,0,,,OMSO2e,4,,0
2026-07-05,L100000100502,Qianxi power station,Guizhou,27.0516899,106.1252456,0,,,OMSO2e,4,,0
2026-07-05,L100000100542,China Resources Caofeidian power station,Hebei,38.9960653,118.4875488,0,,,OMSO2e,4,,0
2026-07-05,L100000100542,China Resources Caofeidian power station,Hebei,38.9960653,118.4875488,0,,,OMSO2e,4,,0
2026-07-05,L100000100551,Dingzhou power station,Hebei,38.5122064,114.8433969,0,,,OMSO2e,4,,0
2026-07-05,L100000100551,Dingzhou power station,Hebei,38.5122064,114.8433969,0,,,OMSO2e,4,,0
2026-07-05,L100000100568,Shang'an power station,Hebei,38.05729,114.19627,0,,,OMSO2e,4,,0
2026-07-05,L100000100568,Shang'an power station,Hebei,38.05729,114.19627,0,,,OMSO2e,4,,0
2026-07-05,L100000100569,Hebei Cangdong power station,Hebei,38.31,117.8786111,0,,,OMSO2e,4,,0
2026-07-05,L100000100569,Hebei Cangdong power station,Hebei,38.31,117.8786111,0,,,OMSO2e,4,,0
2026-07-05,L100000100591,Xibaipo power station,Hebei,38.245068,114.2149428,0,,,OMSO2e,4,,0
2026-07-05,L100000100591,Xibaipo power station,Hebei,38.245068,114.2149428,0,,,OMSO2e,4,,0
2026-07-05,L100000100598,Zhangjiakou power station,Hebei,40.6595781,114.9438143,0,,,OMSO2e,4,,0
2026-07-05,L100000100598,Zhangjiakou power station,Hebei,40.6595781,114.9438143,0,,,OMSO2e,4,,0
2026-07-05,L100000100610,Qitaihe power station,Heilongjiang,45.7604176,131.0533476,0,,,OMSO2e,4,,0
2026-07-05,L100000100610,Qitaihe power station,Heilongjiang,45.7604176,131.0533476,0,,,OMSO2e,4,,0
2026-07-05,L100000100647,Datang Sanmenxia power station,Henan,34.6855176,111.0274363,0,,,OMSO2e,4,-0.1860000193119049,5
2026-07-05,L100000100647,Datang Sanmenxia power station,Henan,34.6855176,111.0274363,0,,,OMSO2e,4,-0.1860000193119049,5
2026-07-05,L100000100648,Xinyang power station,Henan,32.109018,114.140877,0,,,OMSO2e,4,,0
2026-07-05,L100000100648,Xinyang power station,Henan,32.109018,114.140877,0,,,OMSO2e,4,,0
2026-07-05,L100000100650,Dengfeng-2 power station,Henan,34.39274,113.19878,0,,,OMSO2e,4,,0
2026-07-05,L100000100650,Dengfeng-2 power station,Henan,34.39274,113.19878,0,,,OMSO2e,4,,0
2026-07-05,L100000100657,Hebi power station,Henan,35.851366,114.1798126,0,,,OMSO2e,4,,0
2026-07-05,L100000100657,Hebi power station,Henan,35.851366,114.1798126,0,,,OMSO2e,4,,0
2026-07-05,L100000100664,Henan Xin'an power station,Henan,34.7413202,112.0634119,0,,,OMSO2e,4,0.3283333480358124,6
2026-07-05,L100000100664,Henan Xin'an power station,Henan,34.7413202,112.0634119,0,,,OMSO2e,4,0.3283333480358124,6
2026-07-05,L100000100665,Henan Xinmi power station,Henan,34.50003,113.59801,0,,,OMSO2e,4,,0
2026-07-05,L100000100665,Henan Xinmi power station,Henan,34.50003,113.59801,0,,,OMSO2e,4,,0
2026-07-05,L100000100677,Qinbei power station,Henan,35.1676,112.71654,0,,,OMSO2e,4,0.6000000238418579,2
2026-07-05,L100000100677,Qinbei power station,Henan,35.1676,112.71654,0,,,OMSO2e,4,0.6000000238418579,2
2026-07-05,L100000100680,Jiaozuo Danhe power station,Henan,35.188487,112.887561,0,,,OMSO2e,4,,0
2026-07-05,L100000100680,Jiaozuo Danhe power station,Henan,35.188487,112.887561,0,,,OMSO2e,4,,0
2026-07-05,L100000100696,Nanyang Yahekou power station,Henan,33.3086427,112.644474,0,,,OMSO2e,4,-0.1866666674613952,6
2026-07-05,L100000100696,Nanyang Yahekou power station,Henan,33.3086427,112.644474,0,,,OMSO2e,4,-0.1866666674613952,6
2026-07-05,L100000100697,Pingdingshan Luyang power station,Henan,33.82189,113.01438,0,,,OMSO2e,4,-1.0199999809265137,2
2026-07-05,L100000100697,Pingdingshan Luyang power station,Henan,33.82189,113.01438,0,,,OMSO2e,4,-1.0199999809265137,2
2026-07-05,L100000100707,Nanyang Neixiang power station,Henan,33.086416,111.90004,0,,,OMSO2e,4,-0.2000000029802322,5
2026-07-05,L100000100707,Nanyang Neixiang power station,Henan,33.086416,111.90004,0,,,OMSO2e,4,-0.2000000029802322,5
2026-07-05,L100000100716,Xuchang Yulong power station,Henan,34.1751132,113.3581446,0,,,OMSO2e,4,,0
2026-07-05,L100000100716,Xuchang Yulong power station,Henan,34.1751132,113.3581446,0,,,OMSO2e,4,,0
2026-07-05,L100000100717,Yaomeng power station,Henan,33.7379928,113.2418822,0,,,OMSO2e,4,,0
2026-07-05,L100000100717,Yaomeng power station,Henan,33.7379928,113.2418822,0,,,OMSO2e,4,,0
2026-07-05,L100000100730,Dabieshan power station,Hubei,31.1420662,114.8921871,1,HB_pilot,2014.0,OMSO2e,4,,0
2026-07-05,L100000100730,Dabieshan power station,Hubei,31.1420662,114.8921871,1,HB_pilot,2014.0,OMSO2e,4,,0
2026-07-05,L100000100737,Hanchuan power station,Hubei,30.6566087,113.9172741,1,HB_pilot,2014.0,OMSO2e,4,0.1099999994039535,1
2026-07-05,L100000100737,Hanchuan power station,Hubei,30.6566087,113.9172741,1,HB_pilot,2014.0,OMSO2e,4,0.1099999994039535,1
2026-07-05,L100000100740,Huadian Xisaishan power station,Hubei,30.203056,115.180278,1,HB_pilot,2014.0,OMSO2e,4,,0
2026-07-05,L100000100740,Huadian Xisaishan power station,Hubei,30.203056,115.180278,1,HB_pilot,2014.0,OMSO2e,4,,0
2026-07-05,L100000100742,Yangluo power station,Hubei,30.6938889,114.5430556,1,HB_pilot,2014.0,OMSO2e,4,,0
2026-07-05,L100000100742,Yangluo power station,Hubei,30.6938889,114.5430556,1,HB_pilot,2014.0,OMSO2e,4,,0
2026-07-05,L100000100745,Hubei Ezhou power station,Hubei,30.5517656,114.6420121,1,HB_pilot,2014.0,OMSO2e,4,,0
2026-07-05,L100000100745,Hubei Ezhou power station,Hubei,30.5517656,114.6420121,1,HB_pilot,2014.0,OMSO2e,4,,0
2026-07-05,L100000100751,Puqi Xianning power station,Hubei,29.66523,113.87296,1,HB_pilot,2014.0,OMSO2e,4,,0
2026-07-05,L100000100751,Puqi Xianning power station,Hubei,29.66523,113.87296,1,HB_pilot,2014.0,OMSO2e,4,,0
2026-07-05,L100000100760,Huadian Xiangyang power station,Hubei,31.9118256,112.16692,1,HB_pilot,2014.0,OMSO2e,4,-0.1800000071525573,6
2026-07-05,L100000100760,Huadian Xiangyang power station,Hubei,31.9118256,112.16692,1,HB_pilot,2014.0,OMSO2e,4,-0.1800000071525573,6
2026-07-05,L100000100771,Pingjiang power station,Hunan,28.808542,113.54144,0,,,OMSO2e,4,,0
2026-07-05,L100000100771,Pingjiang power station,Hunan,28.808542,113.54144,0,,,OMSO2e,4,,0
2026-07-05,L100000100773,Huaneng Yueyang power station,Hunan,29.4497908,113.1623018,0,,,OMSO2e,4,,0
2026-07-05,L100000100773,Huaneng Yueyang power station,Hunan,29.4497908,113.1623018,0,,,OMSO2e,4,,0
2026-07-05,L100000100779,Jinzhushan power station,Hunan,27.6252776,111.4823651,0,,,OMSO2e,4,,0
2026-07-05,L100000100779,Jinzhushan power station,Hunan,27.6252776,111.4823651,0,,,OMSO2e,4,,0
2026-07-05,L100000100782,Liyujiang power station,Hunan,25.940443,113.192476,0,,,OMSO2e,4,,0
2026-07-05,L100000100782,Liyujiang power station,Hunan,25.940443,113.192476,0,,,OMSO2e,4,,0
2026-07-05,L100000100785,Shenhua Yongzhou power station,Hunan,26.56672,111.492692,0,,,OMSO2e,4,,0
2026-07-05,L100000100785,Shenhua Yongzhou power station,Hunan,26.56672,111.492692,0,,,OMSO2e,4,,0
2026-07-05,L100000100786,Guoneng Yueyang power station,Hunan,29.6129835,112.754572,0,,,OMSO2e,4,,0
2026-07-05,L100000100786,Guoneng Yueyang power station,Hunan,29.6129835,112.754572,0,,,OMSO2e,4,,0
2026-07-05,L100000100788,Xiangtan power station,Hunan,27.8282792,112.9968045,0,,,OMSO2e,4,,0
2026-07-05,L100000100788,Xiangtan power station,Hunan,27.8282792,112.9968045,0,,,OMSO2e,4,,0
2026-07-05,L100000100789,Yiyang power station,Hunan,28.5966667,112.2686111,0,,,OMSO2e,4,,0
2026-07-05,L100000100789,Yiyang power station,Hunan,28.5966667,112.2686111,0,,,OMSO2e,4,,0
2026-07-05,L100000100795,Baotou Aluminum power station,Inner Mongolia,40.557202,110.148382,1,IM_voluntary,2015.0,OMSO2e,4,0.2079999893903732,5
2026-07-05,L100000100795,Baotou Aluminum power station,Inner Mongolia,40.557202,110.148382,1,IM_voluntary,2015.0,OMSO2e,4,0.2079999893903732,5
2026-07-05,L100000100811,Chifeng Yuanbaoshan power station,Inner Mongolia,42.303333,119.324167,1,IM_voluntary,2015.0,OMSO2e,4,,0
2026-07-05,L100000100811,Chifeng Yuanbaoshan power station,Inner Mongolia,42.303333,119.324167,1,IM_voluntary,2015.0,OMSO2e,4,,0
2026-07-05,L100000100813,Chuangyuan Smelter power station,Inner Mongolia,45.437275,119.427496,1,IM_voluntary,2015.0,OMSO2e,4,,0
2026-07-05,L100000100813,Chuangyuan Smelter power station,Inner Mongolia,45.437275,119.427496,1,IM_voluntary,2015.0,OMSO2e,4,,0
2026-07-05,L100000100822,Daihai power station,Inner Mongolia,40.519675,112.667725,1,IM_voluntary,2015.0,OMSO2e,4,,0
2026-07-05,L100000100822,Daihai power station,Inner Mongolia,40.519675,112.667725,1,IM_voluntary,2015.0,OMSO2e,4,,0
2026-07-05,L100000100823,Dalate power station,Inner Mongolia,40.36695,109.99604,1,IM_voluntary,2015.0,OMSO2e,4,0.1850000023841858,8
2026-07-05,L100000100823,Dalate power station,Inner Mongolia,40.36695,109.99604,1,IM_voluntary,2015.0,OMSO2e,4,0.1850000023841858,8
2026-07-05,L100000100830,Togtoh power station,Inner Mongolia,40.1952329,111.358881,1,IM_voluntary,2015.0,OMSO2e,4,,0
2026-07-05,L100000100830,Togtoh power station,Inner Mongolia,40.1952329,111.358881,1,IM_voluntary,2015.0,OMSO2e,4,,0
2026-07-05,L100000100845,Guoneng Shanghaimiao power station,Inner Mongolia,38.309587,106.679378,1,IM_voluntary,2015.0,OMSO2e,4,0.1400000005960464,6
2026-07-05,L100000100845,Guoneng Shanghaimiao power station,Inner Mongolia,38.309587,106.679378,1,IM_voluntary,2015.0,OMSO2e,4,0.1400000005960464,6
2026-07-05,L100000100847,Jiangsu Energy Group Wulagai power station,Inner Mongolia,45.955947,119.106454,1,IM_voluntary,2015.0,OMSO2e,4,,0
2026-07-05,L100000100847,Jiangsu Energy Group Wulagai power station,Inner Mongolia,45.955947,119.106454,1,IM_voluntary,2015.0,OMSO2e,4,,0
2026-07-05,L100000100861,Hohhot Jinshan cogen power station,Inner Mongolia,40.7072133,111.4600879,1,IM_voluntary,2015.0,OMSO2e,4,,0
2026-07-05,L100000100861,Hohhot Jinshan cogen power station,Inner Mongolia,40.7072133,111.4600879,1,IM_voluntary,2015.0,OMSO2e,4,,0
2026-07-05,L100000100863,Hongjun Aluminum power station,Inner Mongolia,45.5128784,119.6504373,1,IM_voluntary,2015.0,OMSO2e,4,,0
2026-07-05,L100000100863,Hongjun Aluminum power station,Inner Mongolia,45.5128784,119.6504373,1,IM_voluntary,2015.0,OMSO2e,4,,0
2026-07-05,L100000100887,Shangdu power station,Inner Mongolia,42.22369,116.029256,1,IM_voluntary,2015.0,OMSO2e,4,,0
2026-07-05,L100000100887,Shangdu power station,Inner Mongolia,42.22369,116.029256,1,IM_voluntary,2015.0,OMSO2e,4,,0
2026-07-05,L100000100888,Inner Mongolia Changcheng power station,Inner Mongolia,38.249688,106.657876,1,IM_voluntary,2015.0,OMSO2e,4,0.1400000005960464,6
2026-07-05,L100000100888,Inner Mongolia Changcheng power station,Inner Mongolia,38.249688,106.657876,1,IM_voluntary,2015.0,OMSO2e,4,0.1400000005960464,6
2026-07-05,L100000100894,Yimin power station,Inner Mongolia,48.549722,119.773889,1,IM_voluntary,2015.0,OMSO2e,4,,0
2026-07-05,L100000100894,Yimin power station,Inner Mongolia,48.549722,119.773889,1,IM_voluntary,2015.0,OMSO2e,4,,0
2026-07-05,L100000100899,Huolinhe Zhanute power station,Inner Mongolia,45.409847,119.596739,1,IM_voluntary,2015.0,OMSO2e,4,,0
2026-07-05,L100000100899,Huolinhe Zhanute power station,Inner Mongolia,45.409847,119.596739,1,IM_voluntary,2015.0,OMSO2e,4,,0
2026-07-05,L100000100910,Jining power station,Inner Mongolia,41.053294,113.153289,1,IM_voluntary,2015.0,OMSO2e,4,,0
2026-07-05,L100000100910,Jining power station,Inner Mongolia,41.053294,113.153289,1,IM_voluntary,2015.0,OMSO2e,4,,0
2026-07-05,L100000100913,Junggar Suancigou power station,Inner Mongolia,39.711744,111.200548,1,IM_voluntary,2015.0,OMSO2e,4,-0.4099999666213989,2
2026-07-05,L100000100913,Junggar Suancigou power station,Inner Mongolia,39.711744,111.200548,1,IM_voluntary,2015.0,OMSO2e,4,-0.4099999666213989,2
2026-07-05,L100000100933,Mengtai Beijiao power station,Inner Mongolia,39.846004,109.984888,1,IM_voluntary,2015.0,OMSO2e,4,0.0687500014901161,8
2026-07-05,L100000100933,Mengtai Beijiao power station,Inner Mongolia,39.846004,109.984888,1,IM_voluntary,2015.0,OMSO2e,4,0.0687500014901161,8
2026-07-05,L100000100937,Ordos Power Qipanjing power station,Inner Mongolia,39.385235,106.965664,1,IM_voluntary,2015.0,OMSO2e,4,0.2757143080234527,7
2026-07-05,L100000100937,Ordos Power Qipanjing power station,Inner Mongolia,39.385235,106.965664,1,IM_voluntary,2015.0,OMSO2e,4,0.2757143080234527,7
2026-07-05,L100000100948,Inner Mongolia Shenglu power station,Inner Mongolia,38.373756,106.782583,1,IM_voluntary,2015.0,OMSO2e,4,0.189999982714653,7
2026-07-05,L100000100948,Inner Mongolia Shenglu power station,Inner Mongolia,38.373756,106.782583,1,IM_voluntary,2015.0,OMSO2e,4,0.189999982714653,7
2026-07-05,L100000100954,Tongliao power station,Inner Mongolia,43.6713737,122.1535206,1,IM_voluntary,2015.0,OMSO2e,4,,0
2026-07-05,L100000100954,Tongliao power station,Inner Mongolia,43.6713737,122.1535206,1,IM_voluntary,2015.0,OMSO2e,4,,0
2026-07-05,L100000100969,Changshu-1 power station,Jiangsu,31.753204,120.9634852,0,,,OMSO2e,4,,0
2026-07-05,L100000100969,Changshu-1 power station,Jiangsu,31.753204,120.9634852,0,,,OMSO2e,4,,0
2026-07-05,L100000100970,Changshu-2 power station,Jiangsu,31.757764,120.97813,0,,,OMSO2e,4,,0
2026-07-05,L100000100970,Changshu-2 power station,Jiangsu,31.757764,120.97813,0,,,OMSO2e,4,,0
2026-07-05,L100000100973,Yancheng Binhai power station,Jiangsu,34.307421,120.246943,0,,,OMSO2e,4,,0
2026-07-05,L100000100973,Yancheng Binhai power station,Jiangsu,34.307421,120.246943,0,,,OMSO2e,4,,0
2026-07-05,L100000100974,Changzhou power station,Jiangsu,31.9583333,119.9925,0,,,OMSO2e,4,,0
2026-07-05,L100000100974,Changzhou power station,Jiangsu,31.9583333,119.9925,0,,,OMSO2e,4,,0
2026-07-05,L100000100982,Taizhou power station,Jiangsu,32.187206,119.914444,0,,,OMSO2e,4,,0
2026-07-05,L100000100982,Taizhou power station,Jiangsu,32.187206,119.914444,0,,,OMSO2e,4,,0
2026-07-05,L100000100984,Guohua Xuzhou power station,Jiangsu,34.395144,117.259705,0,,,OMSO2e,4,,0
2026-07-05,L100000100984,Guohua Xuzhou power station,Jiangsu,34.395144,117.259705,0,,,OMSO2e,4,,0
2026-07-05,L100000100988,Jurong power station,Jiangsu,32.19575,119.2497,0,,,OMSO2e,4,,0
2026-07-05,L100000100988,Jurong power station,Jiangsu,32.19575,119.2497,0,,,OMSO2e,4,,0
2026-07-05,L100000100993,Jinling power station,Jiangsu,32.17178,119.01977,0,,,OMSO2e,4,,0
2026-07-05,L100000100993,Jinling power station,Jiangsu,32.17178,119.01977,0,,,OMSO2e,4,,0
2026-07-05,L100000100997,Huaneng Taicang power station,Jiangsu,31.656908,121.17932,0,,,OMSO2e,4,,0
2026-07-05,L100000100997,Huaneng Taicang power station,Jiangsu,31.656908,121.17932,0,,,OMSO2e,4,,0
2026-07-05,L100000100998,Jianbi power station,Jiangsu,32.17693,119.57554,0,,,OMSO2e,4,,0
2026-07-05,L100000100998,Jianbi power station,Jiangsu,32.17693,119.57554,0,,,OMSO2e,4,,0
2026-07-05,L100000101000,Guoxin Jingjiang power station,Jiangsu,32.030487,120.383144,0,,,OMSO2e,4,,0
2026-07-05,L100000101000,Guoxin Jingjiang power station,Jiangsu,32.030487,120.383144,0,,,OMSO2e,4,,0
2026-07-05,L100000101005,Jiangsu Nantong power station,Jiangsu,32.03214,120.76956,0,,,OMSO2e,4,,0
2026-07-05,L100000101005,Jiangsu Nantong power station,Jiangsu,32.03214,120.76956,0,,,OMSO2e,4,,0
2026-07-05,L100000101008,Jiangsu Sheyanggang power station,Jiangsu,33.8185009,120.4633498,0,,,OMSO2e,4,,0
2026-07-05,L100000101008,Jiangsu Sheyanggang power station,Jiangsu,33.8185009,120.4633498,0,,,OMSO2e,4,,0
2026-07-05,L100000101018,Ligang power station,Jiangsu,31.940813,120.0766476,0,,,OMSO2e,4,,0
2026-07-05,L100000101018,Ligang power station,Jiangsu,31.940813,120.0766476,0,,,OMSO2e,4,,0
2026-07-05,L100000101020,Lusigang power station,Jiangsu,32.05858,121.72669,0,,,OMSO2e,4,,0
2026-07-05,L100000101020,Lusigang power station,Jiangsu,32.05858,121.72669,0,,,OMSO2e,4,,0
2026-07-05,L100000101039,Xinhai power station,Jiangsu,34.57789,119.12671,0,,,OMSO2e,4,,0
2026-07-05,L100000101039,Xinhai power station,Jiangsu,34.57789,119.12671,0,,,OMSO2e,4,,0
2026-07-05,L100000101044,Xuzhou Pengcheng power station,Jiangsu,34.3779,117.17591,0,,,OMSO2e,4,,0
2026-07-05,L100000101044,Xuzhou Pengcheng power station,Jiangsu,34.3779,117.17591,0,,,OMSO2e,4,,0
2026-07-05,L100000101047,Guoxin Yangzhou power station,Jiangsu,32.267778,119.419444,0,,,OMSO2e,4,,0
2026-07-05,L100000101047,Guoxin Yangzhou power station,Jiangsu,32.267778,119.419444,0,,,OMSO2e,4,,0
2026-07-05,L100000101053,Zhangjiagang Shazhou power station,Jiangsu,31.989733,120.6879258,0,,,OMSO2e,4,,0
2026-07-05,L100000101053,Zhangjiagang Shazhou power station,Jiangsu,31.989733,120.6879258,0,,,OMSO2e,4,,0
2026-07-05,L100000101057,Fuzhou power station,Jiangxi,27.7844943,116.5644289,0,,,OMSO2e,4,,0
2026-07-05,L100000101057,Fuzhou power station,Jiangxi,27.7844943,116.5644289,0,,,OMSO2e,4,,0
2026-07-05,L100000101058,Datang Xinyu power station,Jiangxi,27.679755,114.956506,0,,,OMSO2e,4,-0.0700000002980232,2
2026-07-05,L100000101058,Datang Xinyu power station,Jiangxi,27.679755,114.956506,0,,,OMSO2e,4,-0.0700000002980232,2
2026-07-05,L100000101060,Fengcheng power station,Jiangxi,28.1943602,115.7088424,0,,,OMSO2e,4,,0
2026-07-05,L100000101060,Fengcheng power station,Jiangxi,28.1943602,115.7088424,0,,,OMSO2e,4,,0
2026-07-05,L100000101063,Guixi power station,Jiangxi,28.28914,117.2235,0,,,OMSO2e,4,,0
2026-07-05,L100000101063,Guixi power station,Jiangxi,28.28914,117.2235,0,,,OMSO2e,4,,0
2026-07-05,L100000101068,Jinggangshan power station,Jiangxi,27.0474697,115.0203859,0,,,OMSO2e,4,-0.005000002682209,2
2026-07-05,L100000101068,Jinggangshan power station,Jiangxi,27.0474697,115.0203859,0,,,OMSO2e,4,-0.005000002682209,2
2026-07-05,L100000101069,Ruijin power station,Jiangxi,25.9244055,115.1028219,0,,,OMSO2e,4,,0
2026-07-05,L100000101069,Ruijin power station,Jiangxi,25.9244055,115.1028219,0,,,OMSO2e,4,,0
2026-07-05,L100000101074,Shenhua Jiujiang power station,Jiangxi,29.826619,116.375973,0,,,OMSO2e,4,,0
2026-07-05,L100000101074,Shenhua Jiujiang power station,Jiangxi,29.826619,116.375973,0,,,OMSO2e,4,,0
2026-07-05,L100000101114,Shuangliao power station,Jilin,43.5282178,123.4633255,0,,,OMSO2e,4,,0
2026-07-05,L100000101114,Shuangliao power station,Jilin,43.5282178,123.4633255,0,,,OMSO2e,4,,0
2026-07-05,L100000101160,Yingkou power station,Liaoning,40.303837,122.105968,0,,,OMSO2e,4,,0
2026-07-05,L100000101160,Yingkou power station,Liaoning,40.303837,122.105968,0,,,OMSO2e,4,,0
2026-07-05,L100000101178,Suizhong power station,Liaoning,40.07962,120.00959,0,,,OMSO2e,4,,0
2026-07-05,L100000101178,Suizhong power station,Liaoning,40.07962,120.00959,0,,,OMSO2e,4,,0
2026-07-05,L100000101181,Tieling power station,Liaoning,42.3450141,123.8030455,0,,,OMSO2e,4,,0
2026-07-05,L100000101181,Tieling power station,Liaoning,42.3450141,123.8030455,0,,,OMSO2e,4,,0
2026-07-05,L100000101187,Daba power station,Ningxia,37.9916691,105.9247833,0,,,OMSO2e,4,0.1266666650772094,6
2026-07-05,L100000101187,Daba power station,Ningxia,37.9916691,105.9247833,0,,,OMSO2e,4,0.1266666650772094,6
2026-07-05,L100000101190,Ningdong Fangjiazhuang power station,Ningxia,37.837649,106.666501,0,,,OMSO2e,4,0.0300000011920928,7
2026-07-05,L100000101190,Ningdong Fangjiazhuang power station,Ningxia,37.837649,106.666501,0,,,OMSO2e,4,0.0300000011920928,7
2026-07-05,L100000101191,Shizuishan power station,Ningxia,39.2848224,106.7890371,0,,,OMSO2e,4,0.2900000214576721,6
2026-07-05,L100000101191,Shizuishan power station,Ningxia,39.2848224,106.7890371,0,,,OMSO2e,4,0.2900000214576721,6
2026-07-05,L100000101192,Ningdong power station,Ningxia,37.844757,106.786777,0,,,OMSO2e,4,0.068571425974369,7
2026-07-05,L100000101192,Ningdong power station,Ningxia,37.844757,106.786777,0,,,OMSO2e,4,0.068571425974369,7
2026-07-05,L100000101203,Ningxia Lingwu power station,Ningxia,38.148333,106.345833,0,,,OMSO2e,4,0.1516666859388351,6
2026-07-05,L100000101203,Ningxia Lingwu power station,Ningxia,38.148333,106.345833,0,,,OMSO2e,4,0.1516666859388351,6
2026-07-05,L100000101219,Yuanyang Lake power station,Ningxia,38.0575,106.691389,0,,,OMSO2e,4,0.1516666561365127,6
2026-07-05,L100000101219,Yuanyang Lake power station,Ningxia,38.0575,106.691389,0,,,OMSO2e,4,0.1516666561365127,6
2026-07-05,L100000101244,Fugu Qingshuichuan power station,Shaanxi,39.2048853,111.1190328,0,,,OMSO2e,4,0.2199999690055847,4
2026-07-05,L100000101244,Fugu Qingshuichuan power station,Shaanxi,39.2048853,111.1190328,0,,,OMSO2e,4,0.2199999690055847,4
2026-07-05,L100000101246,Guodian Baoji-2 power station,Shaanxi,34.4980333,107.2181511,0,,,OMSO2e,4,0.6766666769981384,6
2026-07-05,L100000101246,Guodian Baoji-2 power station,Shaanxi,34.4980333,107.2181511,0,,,OMSO2e,4,0.6766666769981384,6
2026-07-05,L100000101252,Hancheng power station,Shaanxi,35.6007189,110.5557051,0,,,OMSO2e,4,0.0957142859697341,7
2026-07-05,L100000101252,Hancheng power station,Shaanxi,35.6007189,110.5557051,0,,,OMSO2e,4,0.0957142859697341,7
2026-07-05,L100000101265,Leilongwan power station,Shaanxi,37.925376,109.101678,0,,,OMSO2e,4,0.1999999731779098,7
2026-07-05,L100000101265,Leilongwan power station,Shaanxi,37.925376,109.101678,0,,,OMSO2e,4,0.1999999731779098,7
2026-07-05,L100000101269,Pucheng power station,Shaanxi,34.9779314,109.7999759,0,,,OMSO2e,4,-0.236666664481163,6
2026-07-05,L100000101269,Pucheng power station,Shaanxi,34.9779314,109.7999759,0,,,OMSO2e,4,-0.236666664481163,6
2026-07-05,L100000101277,Fugu Miaogoumen power station,Shaanxi,39.208319,110.784956,0,,,OMSO2e,4,0.0883333086967468,6
2026-07-05,L100000101277,Fugu Miaogoumen power station,Shaanxi,39.208319,110.784956,0,,,OMSO2e,4,0.0883333086967468,6
2026-07-05,L100000101278,Jinjie power station,Shaanxi,38.7368389,110.1661297,0,,,OMSO2e,4,0.2380000054836273,5
2026-07-05,L100000101278,Jinjie power station,Shaanxi,38.7368389,110.1661297,0,,,OMSO2e,4,0.2380000054836273,5
2026-07-05,L100000101297,Yulin Hengshan power station,Shaanxi,38.03372,109.415067,0,,,OMSO2e,4,0.2916666567325592,6
2026-07-05,L100000101297,Yulin Hengshan power station,Shaanxi,38.03372,109.415067,0,,,OMSO2e,4,0.2916666567325592,6
2026-07-05,L100000101307,Binzhou Boxing power station,Shandong,37.27629,118.330855,0,,,OMSO2e,4,,0
2026-07-05,L100000101307,Binzhou Boxing power station,Shandong,37.27629,118.330855,0,,,OMSO2e,4,,0
2026-07-05,L100000101316,Datang Dongying power station,Shandong,38.113151,118.910229,0,,,OMSO2e,4,,0
2026-07-05,L100000101316,Datang Dongying power station,Shandong,38.113151,118.910229,0,,,OMSO2e,4,,0
2026-07-05,L100000101332,Guohua Shouguang power station,Shandong,37.269686,118.906738,0,,,OMSO2e,4,,0
2026-07-05,L100000101332,Guohua Shouguang power station,Shandong,37.269686,118.906738,0,,,OMSO2e,4,,0
2026-07-05,L100000101339,Huadian Laizhou power station,Shandong,37.432222,120.018056,0,,,OMSO2e,4,,0
2026-07-05,L100000101339,Huadian Laizhou power station,Shandong,37.432222,120.018056,0,,,OMSO2e,4,,0
2026-07-05,L100000101341,Shiliquan power station,Shandong,34.814444,117.573056,0,,,OMSO2e,4,,0
2026-07-05,L100000101341,Shiliquan power station,Shandong,34.814444,117.573056,0,,,OMSO2e,4,,0
2026-07-05,L100000101342,Huadian Weifang power station,Shandong,36.6656392,119.2632115,0,,,OMSO2e,4,,0
2026-07-05,L100000101342,Huadian Weifang power station,Shandong,36.6656392,119.2632115,0,,,OMSO2e,4,,0
2026-07-05,L100000101344,Huaneng Dezhou power station,Shandong,37.449349,116.2415516,0,,,OMSO2e,4,,0
2026-07-05,L100000101344,Huaneng Dezhou power station,Shandong,37.449349,116.2415516,0,,,OMSO2e,4,,0
2026-07-05,L100000101348,Huaneng Laiwu power station,Shandong,36.1342702,117.6849675,0,,,OMSO2e,4,,0
2026-07-05,L100000101348,Huaneng Laiwu power station,Shandong,36.1342702,117.6849675,0,,,OMSO2e,4,,0
2026-07-05,L100000101383,Rizhao power station,Shandong,35.3454727,119.5104761,0,,,OMSO2e,4,,0
2026-07-05,L100000101383,Rizhao power station,Shandong,35.3454727,119.5104761,0,,,OMSO2e,4,,0
2026-07-05,L100000101399,Shiheng-2 power station,Shandong,36.2123187,116.5136301,0,,,OMSO2e,4,,0
2026-07-05,L100000101399,Shiheng-2 power station,Shandong,36.2123187,116.5136301,0,,,OMSO2e,4,,0
2026-07-05,L100000101409,Weihai power station,Shandong,37.44899,122.20724,0,,,OMSO2e,4,,0
2026-07-05,L100000101409,Weihai power station,Shandong,37.44899,122.20724,0,,,OMSO2e,4,,0
2026-07-05,L100000101415,Weiqiao Huji power station,Shandong,37.347901,117.781587,0,,,OMSO2e,4,,0
2026-07-05,L100000101415,Weiqiao Huji power station,Shandong,37.347901,117.781587,0,,,OMSO2e,4,,0
2026-07-05,L100000101420,Weiqiao Zouping-1 power station,Shandong,36.9106725,117.7853572,0,,,OMSO2e,4,,0
2026-07-05,L100000101420,Weiqiao Zouping-1 power station,Shandong,36.9106725,117.7853572,0,,,OMSO2e,4,,0
2026-07-05,L100000101425,Weiqiao Zouping-7 power station,Shandong,36.896297,117.860459,0,,,OMSO2e,4,,0
2026-07-05,L100000101425,Weiqiao Zouping-7 power station,Shandong,36.896297,117.860459,0,,,OMSO2e,4,,0
2026-07-05,L100000101429,Shandong Xinfa Xinyuan power station,Shandong,36.615766,116.225215,0,,,OMSO2e,4,,0
2026-07-05,L100000101429,Shandong Xinfa Xinyuan power station,Shandong,36.615766,116.225215,0,,,OMSO2e,4,,0
2026-07-05,L100000101442,Zouxian power station,Shandong,35.3255698,116.9260912,0,,,OMSO2e,4,,0
2026-07-05,L100000101442,Zouxian power station,Shandong,35.3255698,116.9260912,0,,,OMSO2e,4,,0
2026-07-05,L100000101444,Shanghai Caojing power station,Shanghai,30.76073,121.4008,1,SH_pilot,2013.0,OMSO2e,4,,0
2026-07-05,L100000101444,Shanghai Caojing power station,Shanghai,30.76073,121.4008,1,SH_pilot,2013.0,OMSO2e,4,,0
2026-07-05,L100000101447,Shanghai Shidongkou power station,Shanghai,31.4650719,121.4048433,1,SH_pilot,2013.0,OMSO2e,4,,0
2026-07-05,L100000101447,Shanghai Shidongkou power station,Shanghai,31.4650719,121.4048433,1,SH_pilot,2013.0,OMSO2e,4,,0
2026-07-05,L100000101448,Waigaoqiao power station,Shanghai,31.3536333,121.6002746,1,SH_pilot,2013.0,OMSO2e,4,,0
2026-07-05,L100000101448,Waigaoqiao power station,Shanghai,31.3536333,121.6002746,1,SH_pilot,2013.0,OMSO2e,4,,0
2026-07-05,L100000101515,Shanxi Zhaoguang power station,Shanxi,36.5537987,111.6917736,0,,,OMSO2e,4,0.246666669845581,6
2026-07-05,L100000101515,Shanxi Zhaoguang power station,Shanxi,36.5537987,111.6917736,0,,,OMSO2e,4,0.246666669845581,6
2026-07-05,L100000101518,Shenhua Hequ power station,Shanxi,39.3830746,111.1843014,0,,,OMSO2e,4,0.1166666522622108,3
2026-07-05,L100000101518,Shenhua Hequ power station,Shanxi,39.3830746,111.1843014,0,,,OMSO2e,4,0.1166666522622108,3
2026-07-05,L100000101519,Shentou power station,Shanxi,39.550981,112.488736,0,,,OMSO2e,4,,0
2026-07-05,L100000101519,Shentou power station,Shanxi,39.550981,112.488736,0,,,OMSO2e,4,,0
2026-07-05,L100000101529,Tongmei Tashan power station,Shanxi,39.9249917,113.0839199,0,,,OMSO2e,4,,0
2026-07-05,L100000101529,Tongmei Tashan power station,Shanxi,39.9249917,113.0839199,0,,,OMSO2e,4,,0
2026-07-05,L100000101542,Xishan Gujiao power station,Shanxi,37.8952266,112.0930982,0,,,OMSO2e,4,,0
2026-07-05,L100000101542,Xishan Gujiao power station,Shanxi,37.8952266,112.0930982,0,,,OMSO2e,4,,0
2026-07-05,L100000101543,Yangcheng power station,Shanxi,35.466123,112.5742039,0,,,OMSO2e,4,-0.0799999982118606,2
2026-07-05,L100000101543,Yangcheng power station,Shanxi,35.466123,112.5742039,0,,,OMSO2e,4,-0.0799999982118606,2
2026-07-05,L100000101551,Yuguang Coal power station,Shanxi,38.078135,113.482791,0,,,OMSO2e,4,,0
2026-07-05,L100000101551,Yuguang Coal power station,Shanxi,38.078135,113.482791,0,,,OMSO2e,4,,0
2026-07-05,L100000101554,Zhangshan power station,Shanxi,36.326115,113.081402,0,,,OMSO2e,4,,0
2026-07-05,L100000101554,Zhangshan power station,Shanxi,36.326115,113.081402,0,,,OMSO2e,4,,0
2026-07-05,L100000101555,Changzhi power station,Shanxi,36.3226498,113.0816012,0,,,OMSO2e,4,,0
2026-07-05,L100000101555,Changzhi power station,Shanxi,36.3226498,113.0816012,0,,,OMSO2e,4,,0
2026-07-05,L100000101567,Guang'an power station,Sichuan,30.5288201,106.8264802,0,,,OMSO2e,4,0.1149999871850013,6
2026-07-05,L100000101567,Guang'an power station,Sichuan,30.5288201,106.8264802,0,,,OMSO2e,4,0.1149999871850013,6
2026-07-05,L100000101580,Tianming power station,Sichuan,31.869616,104.910148,0,,,OMSO2e,4,,0
2026-07-05,L100000101580,Tianming power station,Sichuan,31.869616,104.910148,0,,,OMSO2e,4,,0
2026-07-05,L100000101588,Panshan power station,Tianjin,39.9801382,117.4630704,1,TJ_pilot,2013.0,OMSO2e,4,,0
2026-07-05,L100000101588,Panshan power station,Tianjin,39.9801382,117.4630704,1,TJ_pilot,2013.0,OMSO2e,4,,0
2026-07-05,L100000101589,Tianjin Beijiang power station,Tianjin,39.2193209,117.9298639,1,TJ_pilot,2013.0,OMSO2e,4,,0
2026-07-05,L100000101589,Tianjin Beijiang power station,Tianjin,39.2193209,117.9298639,1,TJ_pilot,2013.0,OMSO2e,4,,0
2026-07-05,L100000101617,East Hope Metals Wucaiwan power station,Xinjiang,44.6829461,89.1158667,0,,,OMSO2e,4,,0
2026-07-05,L100000101617,East Hope Metals Wucaiwan power station,Xinjiang,44.6829461,89.1158667,0,,,OMSO2e,4,,0
2026-07-05,L100000101668,Xinjiang Qiya Smelter power station,Xinjiang,44.8955881,89.049629,0,,,OMSO2e,4,,0
2026-07-05,L100000101668,Xinjiang Qiya Smelter power station,Xinjiang,44.8955881,89.049629,0,,,OMSO2e,4,,0
2026-07-05,L100000101675,Shenhua Guoneng Hami power station,Xinjiang,42.411226,93.009166,0,,,OMSO2e,4,,0
2026-07-05,L100000101675,Shenhua Guoneng Hami power station,Xinjiang,42.411226,93.009166,0,,,OMSO2e,4,,0
2026-07-05,L100000101677,Shenhua Zhundong Wucaiwan power station,Xinjiang,44.795533,89.149825,0,,,OMSO2e,4,,0
2026-07-05,L100000101677,Shenhua Zhundong Wucaiwan power station,Xinjiang,44.795533,89.149825,0,,,OMSO2e,4,,0
2026-07-05,L100000101681,Tianchi Changji cogen power station,Xinjiang,44.004362,87.171961,0,,,OMSO2e,4,,0
2026-07-05,L100000101681,Tianchi Changji cogen power station,Xinjiang,44.004362,87.171961,0,,,OMSO2e,4,,0
2026-07-05,L100000101682,Tianchi Energy Zhundong Wucaiwan power station,Xinjiang,44.8524482,89.1959171,0,,,OMSO2e,4,,0
2026-07-05,L100000101682,Tianchi Energy Zhundong Wucaiwan power station,Xinjiang,44.8524482,89.1959171,0,,,OMSO2e,4,,0
2026-07-05,L100000101696,Wucaiwan Bei'er power station,Xinjiang,44.8388927,89.1908616,0,,,OMSO2e,4,,0
2026-07-05,L100000101696,Wucaiwan Bei'er power station,Xinjiang,44.8388927,89.1908616,0,,,OMSO2e,4,,0
2026-07-05,L100000101697,Wujiaqu power station,Xinjiang,44.26892,87.687877,0,,,OMSO2e,4,,0
2026-07-05,L100000101697,Wujiaqu power station,Xinjiang,44.26892,87.687877,0,,,OMSO2e,4,,0
2026-07-05,L100000101709,XPCC Shihezi Cogen power station,Xinjiang,44.428094,86.093609,0,,,OMSO2e,4,,0
2026-07-05,L100000101709,XPCC Shihezi Cogen power station,Xinjiang,44.428094,86.093609,0,,,OMSO2e,4,,0
2026-07-05,L100000101716,Diandong power station,Yunnan,25.19943,104.6819,0,,,OMSO2e,4,,0
2026-07-05,L100000101716,Diandong power station,Yunnan,25.19943,104.6819,0,,,OMSO2e,4,,0
2026-07-05,L100000101730,Wushashan power station,Zhejiang,29.505411,121.662934,0,,,OMSO2e,4,,0
2026-07-05,L100000101730,Wushashan power station,Zhejiang,29.505411,121.662934,0,,,OMSO2e,4,,0
2026-07-05,L100000101731,Beilun power station,Zhejiang,29.9427256,121.8131207,0,,,OMSO2e,4,,0
2026-07-05,L100000101731,Beilun power station,Zhejiang,29.9427256,121.8131207,0,,,OMSO2e,4,,0
2026-07-05,L100000101732,Guohua Zhoushan power station,Zhejiang,30.103996,122.184817,0,,,OMSO2e,4,,0
2026-07-05,L100000101732,Guohua Zhoushan power station,Zhejiang,30.103996,122.184817,0,,,OMSO2e,4,,0
2026-07-05,L100000101736,Yuhuan power station,Zhejiang,28.1151529,121.1391369,0,,,OMSO2e,4,,0
2026-07-05,L100000101736,Yuhuan power station,Zhejiang,28.1151529,121.1391369,0,,,OMSO2e,4,,0
2026-07-05,L100000101737,China Resources Wenzhou power station,Zhejiang,27.4974228,120.6631851,0,,,OMSO2e,4,,0
2026-07-05,L100000101737,China Resources Wenzhou power station,Zhejiang,27.4974228,120.6631851,0,,,OMSO2e,4,,0
2026-07-05,L100000101739,Jiaxing power station,Zhejiang,30.62804,121.14422,0,,,OMSO2e,4,,0
2026-07-05,L100000101739,Jiaxing power station,Zhejiang,30.62804,121.14422,0,,,OMSO2e,4,,0
2026-07-05,L100000101742,Lanxi power station,Zhejiang,29.1866175,119.5068449,0,,,OMSO2e,4,,0
2026-07-05,L100000101742,Lanxi power station,Zhejiang,29.1866175,119.5068449,0,,,OMSO2e,4,,0
2026-07-05,L100000101747,Ninghai power station,Zhejiang,29.4817622,121.5114792,0,,,OMSO2e,4,,0
2026-07-05,L100000101747,Ninghai power station,Zhejiang,29.4817622,121.5114792,0,,,OMSO2e,4,,0
2026-07-05,L100000101750,Zhejiang Taizhou-2 power station,Zhejiang,29.012395,121.695507,0,,,OMSO2e,4,,0
2026-07-05,L100000101750,Zhejiang Taizhou-2 power station,Zhejiang,29.012395,121.695507,0,,,OMSO2e,4,,0
2026-07-05,L100000101761,Zheneng Liuheng power station,Zhejiang,29.7593387,122.1266091,0,,,OMSO2e,4,,0
2026-07-05,L100000101761,Zheneng Liuheng power station,Zhejiang,29.7593387,122.1266091,0,,,OMSO2e,4,,0
2026-07-05,L100000101762,Zheneng Wenzhou power station,Zhejiang,27.9957103,120.8358582,0,,,OMSO2e,4,,0
2026-07-05,L100000101762,Zheneng Wenzhou power station,Zhejiang,27.9957103,120.8358582,0,,,OMSO2e,4,,0
2026-07-05,L100000101763,Zheneng Yueqing power station,Zhejiang,28.1704074,121.0889375,0,,,OMSO2e,4,,0
2026-07-05,L100000101763,Zheneng Yueqing power station,Zhejiang,28.1704074,121.0889375,0,,,OMSO2e,4,,0
2026-07-05,L100000104506,Fu County power station,Shaanxi,35.858656,109.2167,0,,,OMSO2e,4,0.3414285778999328,7
2026-07-05,L100000104506,Fu County power station,Shaanxi,35.858656,109.2167,0,,,OMSO2e,4,0.3414285778999328,7
2026-07-05,L100000104758,Hubei Yicheng power station,Hubei,31.781843,112.129461,1,HB_pilot,2014.0,OMSO2e,4,-0.199999988079071,6
2026-07-05,L100000104758,Hubei Yicheng power station,Hubei,31.781843,112.129461,1,HB_pilot,2014.0,OMSO2e,4,-0.199999988079071,6
2026-07-05,L100000104917,Shanggao power station,Jiangxi,28.185566,114.825697,0,,,OMSO2e,4,,0
2026-07-05,L100000104917,Shanggao power station,Jiangxi,28.185566,114.825697,0,,,OMSO2e,4,,0
2026-07-05,L100000104944,Hami-Chongqing UHV Transmission Line power station,Xinjiang,44.53792,92.926001,0,,,OMSO2e,4,,0
2026-07-05,L100000104944,Hami-Chongqing UHV Transmission Line power station,Xinjiang,44.53792,92.926001,0,,,OMSO2e,4,,0
2026-07-05,L100000104970,Jiangsu Guoxin Shazhou power station,Jiangsu,31.985654,120.684419,0,,,OMSO2e,4,,0
2026-07-05,L100000104970,Jiangsu Guoxin Shazhou power station,Jiangsu,31.985654,120.684419,0,,,OMSO2e,4,,0
2026-07-05,L100000105025,Datong-2 power station,Shanxi,40.0279118,113.2933181,0,,,OMSO2e,4,,0
2026-07-05,L100000105025,Datong-2 power station,Shanxi,40.0279118,113.2933181,0,,,OMSO2e,4,,0
2026-07-04,L100000100200,Anhui Bengbu power station,Anhui,32.78444,117.11472,0,,,OMSO2e,4,,0
2026-07-04,L100000100200,Anhui Bengbu power station,Anhui,32.78444,117.11472,0,,,OMSO2e,4,,0
2026-07-04,L100000100201,Anhui Huainan Panji power station,Anhui,32.76917,116.759595,0,,,OMSO2e,4,,0
2026-07-04,L100000100201,Anhui Huainan Panji power station,Anhui,32.76917,116.759595,0,,,OMSO2e,4,,0
2026-07-04,L100000100205,Chizhou Jiuhua power station,Anhui,30.7531097,117.5906618,0,,,OMSO2e,4,,0
2026-07-04,L100000100205,Chizhou Jiuhua power station,Anhui,30.7531097,117.5906618,0,,,OMSO2e,4,,0
2026-07-04,L100000100206,Pingwei power station,Anhui,32.68417,116.901389,0,,,OMSO2e,4,,0
2026-07-04,L100000100206,Pingwei power station,Anhui,32.68417,116.901389,0,,,OMSO2e,4,,0
2026-07-04,L100000100211,Fuyang power station,Anhui,33.00444,115.845278,0,,,OMSO2e,4,,0
2026-07-04,L100000100211,Fuyang power station,Anhui,33.00444,115.845278,0,,,OMSO2e,4,,0
2026-07-04,L100000100218,Wuhu power station,Anhui,31.2372348,118.1497184,0,,,OMSO2e,4,,0
2026-07-04,L100000100218,Wuhu power station,Anhui,31.2372348,118.1497184,0,,,OMSO2e,4,,0
2026-07-04,L100000100222,Huaibei Pingshan power station,Anhui,33.83392,116.831102,0,,,OMSO2e,4,,0
2026-07-04,L100000100222,Huaibei Pingshan power station,Anhui,33.83392,116.831102,0,,,OMSO2e,4,,0
2026-07-04,L100000100223,Huainan Fengtai power station,Anhui,32.758,116.65,0,,,OMSO2e,4,,0
2026-07-04,L100000100223,Huainan Fengtai power station,Anhui,32.758,116.65,0,,,OMSO2e,4,,0
2026-07-04,L100000100225,Huainan Luohe power station,Anhui,32.68455,117.07511,0,,,OMSO2e,4,,0
2026-07-04,L100000100225,Huainan Luohe power station,Anhui,32.68455,117.07511,0,,,OMSO2e,4,,0
2026-07-04,L100000100226,Huainan Tianji power station,Anhui,32.7465,116.8127,0,,,OMSO2e,4,,0
2026-07-04,L100000100226,Huainan Tianji power station,Anhui,32.7465,116.8127,0,,,OMSO2e,4,,0
2026-07-04,L100000100233,Lixin Banji power station,Anhui,32.897245,116.242561,0,,,OMSO2e,4,,0
2026-07-04,L100000100233,Lixin Banji power station,Anhui,32.897245,116.242561,0,,,OMSO2e,4,,0
2026-07-04,L100000100237,Anqing power station,Anhui,30.541,117.1717,0,,,OMSO2e,4,,0
2026-07-04,L100000100237,Anqing power station,Anhui,30.541,117.1717,0,,,OMSO2e,4,,0
2026-07-04,L100000100240,Suzhou Qianyingzi power station,Anhui,33.5107954,116.9261351,0,,,OMSO2e,4,,0
2026-07-04,L100000100240,Suzhou Qianyingzi power station,Anhui,33.5107954,116.9261351,0,,,OMSO2e,4,,0
2026-07-04,L100000100242,Tongling Wanneng power station,Anhui,30.88181,117.76439,0,,,OMSO2e,4,,0
2026-07-04,L100000100242,Tongling Wanneng power station,Anhui,30.88181,117.76439,0,,,OMSO2e,4,,0
2026-07-04,L100000100245,Ma'anshan power station,Anhui,31.750737,118.4796925,0,,,OMSO2e,4,,0
2026-07-04,L100000100245,Ma'anshan power station,Anhui,31.750737,118.4796925,0,,,OMSO2e,4,,0
2026-07-04,L100000100269,Chongqing Shuanghuai power station,Chongqing,30.1611074,106.5480599,1,CQ_pilot,2013.0,OMSO2e,4,,0
2026-07-04,L100000100269,Chongqing Shuanghuai power station,Chongqing,30.1611074,106.5480599,1,CQ_pilot,2013.0,OMSO2e,4,,0
2026-07-04,L100000100272,Luohuang power station,Chongqing,29.347364,106.433182,1,CQ_pilot,2013.0,OMSO2e,4,,0
2026-07-04,L100000100272,Luohuang power station,Chongqing,29.347364,106.433182,1,CQ_pilot,2013.0,OMSO2e,4,,0
2026-07-04,L100000100276,Chongqing Wanzhou power station,Chongqing,30.677938,108.398976,1,CQ_pilot,2013.0,OMSO2e,4,,0
2026-07-04,L100000100276,Chongqing Wanzhou power station,Chongqing,30.677938,108.398976,1,CQ_pilot,2013.0,OMSO2e,4,,0
2026-07-04,L100000100283,Ningde power station,Fujian,26.7574469,119.7353942,1,FJ_pilot,2016.0,OMSO2e,4,-0.0200000014156103,4
2026-07-04,L100000100283,Ningde power station,Fujian,26.7574469,119.7353942,1,FJ_pilot,2016.0,OMSO2e,4,-0.0200000014156103,4
2026-07-04,L100000100285,Fujian Hongshan power station,Fujian,24.7272766,118.7496944,1,FJ_pilot,2016.0,OMSO2e,4,0.1500000059604644,4
2026-07-04,L100000100285,Fujian Hongshan power station,Fujian,24.7272766,118.7496944,1,FJ_pilot,2016.0,OMSO2e,4,0.1500000059604644,4
2026-07-04,L100000100287,Fuzhou Kemen power station,Fujian,26.3734254,119.7622418,1,FJ_pilot,2016.0,OMSO2e,4,0.1016666665673255,6
2026-07-04,L100000100287,Fuzhou Kemen power station,Fujian,26.3734254,119.7622418,1,FJ_pilot,2016.0,OMSO2e,4,0.1016666665673255,6
2026-07-04,L100000100288,Fuzhou Jiangyin power station,Fujian,25.438464,119.3396226,1,FJ_pilot,2016.0,OMSO2e,4,0.1319999992847442,5
2026-07-04,L100000100288,Fuzhou Jiangyin power station,Fujian,25.438464,119.3396226,1,FJ_pilot,2016.0,OMSO2e,4,0.1319999992847442,5
2026-07-04,L100000100291,Houshi power station,Fujian,24.3030594,118.1259157,1,FJ_pilot,2016.0,OMSO2e,4,0.3779999911785126,5
2026-07-04,L100000100291,Houshi power station,Fujian,24.3030594,118.1259157,1,FJ_pilot,2016.0,OMSO2e,4,0.3779999911785126,5
2026-07-04,L100000100293,Huaneng Fuzhou power station,Fujian,25.99083,119.4816,1,FJ_pilot,2016.0,OMSO2e,4,0.3025000095367431,4
2026-07-04,L100000100293,Huaneng Fuzhou power station,Fujian,25.99083,119.4816,1,FJ_pilot,2016.0,OMSO2e,4,0.3025000095367431,4
2026-07-04,L100000100298,Luoyuan Bay power station,Fujian,26.385334,119.789459,1,FJ_pilot,2016.0,OMSO2e,4,0.0685714334249496,7
2026-07-04,L100000100298,Luoyuan Bay power station,Fujian,26.385334,119.789459,1,FJ_pilot,2016.0,OMSO2e,4,0.0685714334249496,7
2026-07-04,L100000100299,Meizhouwan power station,Fujian,25.1608278,119.0333354,1,FJ_pilot,2016.0,OMSO2e,4,0.2299999743700027,6
2026-07-04,L100000100299,Meizhouwan power station,Fujian,25.1608278,119.0333354,1,FJ_pilot,2016.0,OMSO2e,4,0.2299999743700027,6
2026-07-04,L100000100300,Nanpu Quanzhou power station,Fujian,25.2044,118.94385,1,FJ_pilot,2016.0,OMSO2e,4,0.1580000072717666,5
2026-07-04,L100000100300,Nanpu Quanzhou power station,Fujian,25.2044,118.94385,1,FJ_pilot,2016.0,OMSO2e,4,0.1580000072717666,5
2026-07-04,L100000100303,Xiamen Songyu power station,Fujian,24.4460582,118.0267975,1,FJ_pilot,2016.0,OMSO2e,4,0.3499999940395355,4
2026-07-04,L100000100303,Xiamen Songyu power station,Fujian,24.4460582,118.0267975,1,FJ_pilot,2016.0,OMSO2e,4,0.3499999940395355,4
2026-07-04,L100000100318,Guazhou Changle power station,Gansu,40.6599,96.513,0,,,OMSO2e,4,,0
2026-07-04,L100000100318,Guazhou Changle power station,Gansu,40.6599,96.513,0,,,OMSO2e,4,,0
2026-07-04,L100000100320,Zhangye power station,Gansu,39.071222,100.462929,0,,,OMSO2e,4,,0
2026-07-04,L100000100320,Zhangye power station,Gansu,39.071222,100.462929,0,,,OMSO2e,4,,0
2026-07-04,L100000100326,Pingliang power station,Gansu,35.5017,106.7861,0,,,OMSO2e,4,,0
2026-07-04,L100000100326,Pingliang power station,Gansu,35.5017,106.7861,0,,,OMSO2e,4,,0
2026-07-04,L100000100328,Gansu Zhengning power station,Gansu,35.268403,107.975564,0,,,OMSO2e,4,,0
2026-07-04,L100000100328,Gansu Zhengning power station,Gansu,35.268403,107.975564,0,,,OMSO2e,4,,0
2026-07-04,L100000100339,Lingtai power station,Gansu,35.0858218,107.7152829,0,,,OMSO2e,4,,0
2026-07-04,L100000100339,Lingtai power station,Gansu,35.0858218,107.7152829,0,,,OMSO2e,4,,0
2026-07-04,L100000100347,Chaozhou Sanbaimen power station,Guangdong,23.56645,117.0972,1,GD_pilot,2013.0,OMSO2e,4,0.1733333319425583,3
2026-07-04,L100000100347,Chaozhou Sanbaimen power station,Guangdong,23.56645,117.0972,1,GD_pilot,2013.0,OMSO2e,4,0.1733333319425583,3
2026-07-04,L100000100354,Leizhou power station,Guangdong,20.51161,109.82803,1,GD_pilot,2013.0,OMSO2e,4,,0
2026-07-04,L100000100354,Leizhou power station,Guangdong,20.51161,109.82803,1,GD_pilot,2013.0,OMSO2e,4,,0
2026-07-04,L100000100358,Guangdong Huilai power station,Guangdong,23.0047771,116.5472388,1,GD_pilot,2013.0,OMSO2e,4,-0.0099999979138374,2
2026-07-04,L100000100358,Guangdong Huilai power station,Guangdong,23.0047771,116.5472388,1,GD_pilot,2013.0,OMSO2e,4,-0.0099999979138374,2
2026-07-04,L100000100359,Guangdong Huizhou Pinghai power station,Guangdong,22.6064638,114.741919,1,GD_pilot,2013.0,OMSO2e,4,,0
2026-07-04,L100000100359,Guangdong Huizhou Pinghai power station,Guangdong,22.6064638,114.741919,1,GD_pilot,2013.0,OMSO2e,4,,0
2026-07-04,L100000100361,Guangdong Shaoguan power station,Guangdong,24.682,113.605,1,GD_pilot,2013.0,OMSO2e,4,,0
2026-07-04,L100000100361,Guangdong Shaoguan power station,Guangdong,24.682,113.605,1,GD_pilot,2013.0,OMSO2e,4,,0
2026-07-04,L100000100372,Taishan power station,Guangdong,21.8667,112.9228,1,GD_pilot,2013.0,OMSO2e,4,,0
2026-07-04,L100000100372,Taishan power station,Guangdong,21.8667,112.9228,1,GD_pilot,2013.0,OMSO2e,4,,0
2026-07-04,L100000100377,Heyuan power station,Guangdong,23.567222,114.640278,1,GD_pilot,2013.0,OMSO2e,4,,0
2026-07-04,L100000100377,Heyuan power station,Guangdong,23.567222,114.640278,1,GD_pilot,2013.0,OMSO2e,4,,0
2026-07-04,L100000100381,Haimen power station,Guangdong,23.1899,116.6548,1,GD_pilot,2013.0,OMSO2e,4,0.1700000017881393,4
2026-07-04,L100000100381,Haimen power station,Guangdong,23.1899,116.6548,1,GD_pilot,2013.0,OMSO2e,4,0.1700000017881393,4
2026-07-04,L100000100390,Lufeng Jiahuwan power station,Guangdong,22.832499,115.985482,1,GD_pilot,2013.0,OMSO2e,4,,0
2026-07-04,L100000100390,Lufeng Jiahuwan power station,Guangdong,22.832499,115.985482,1,GD_pilot,2013.0,OMSO2e,4,,0
2026-07-04,L100000100392,Maoming Bohe power station,Guangdong,21.441033,111.289628,1,GD_pilot,2013.0,OMSO2e,4,,0
2026-07-04,L100000100392,Maoming Bohe power station,Guangdong,21.441033,111.289628,1,GD_pilot,2013.0,OMSO2e,4,,0
2026-07-04,L100000100402,Shenhua Qingyuan power station,Guangdong,24.417008,113.540884,1,GD_pilot,2013.0,OMSO2e,4,,0
2026-07-04,L100000100402,Shenhua Qingyuan power station,Guangdong,24.417008,113.540884,1,GD_pilot,2013.0,OMSO2e,4,,0
2026-07-04,L100000100407,Shanwei Haifeng CCS power station,Guangdong,22.7545453,115.0419938,1,GD_pilot,2013.0,OMSO2e,4,,0
2026-07-04,L100000100407,Shanwei Haifeng CCS power station,Guangdong,22.7545453,115.0419938,1,GD_pilot,2013.0,OMSO2e,4,,0
2026-07-04,L100000100408,Shanwei Honghaiwan power station,Guangdong,22.70695,115.55529,1,GD_pilot,2013.0,OMSO2e,4,,0
2026-07-04,L100000100408,Shanwei Honghaiwan power station,Guangdong,22.70695,115.55529,1,GD_pilot,2013.0,OMSO2e,4,,0
2026-07-04,L100000100417,Yangxi Zhujiang power station,Guangdong,21.54264,111.67033,1,GD_pilot,2013.0,OMSO2e,4,,0
2026-07-04,L100000100417,Yangxi Zhujiang power station,Guangdong,21.54264,111.67033,1,GD_pilot,2013.0,OMSO2e,4,,0
2026-07-04,L100000100418,Dabu power station,Guangdong,24.4057171,116.5877945,1,GD_pilot,2013.0,OMSO2e,4,,0
2026-07-04,L100000100418,Dabu power station,Guangdong,24.4057171,116.5877945,1,GD_pilot,2013.0,OMSO2e,4,,0
2026-07-04,L100000100430,Beihai Bebuwan power station,Guangxi,21.5821851,109.5816259,0,,,OMSO2e,4,,0
2026-07-04,L100000100430,Beihai Bebuwan power station,Guangxi,21.5821851,109.5816259,0,,,OMSO2e,4,,0
2026-07-04,L100000100436,Fangchenggang Qisha power station,Guangxi,21.5914,108.3946,0,,,OMSO2e,4,,0
2026-07-04,L100000100436,Fangchenggang Qisha power station,Guangxi,21.5914,108.3946,0,,,OMSO2e,4,,0
2026-07-04,L100000100437,Beihai power station,Guangxi,21.535871,109.590176,0,,,OMSO2e,4,,0
2026-07-04,L100000100437,Beihai power station,Guangxi,21.535871,109.590176,0,,,OMSO2e,4,,0
2026-07-04,L100000100444,Hezhou power station,Guangxi,24.73609,111.34667,0,,,OMSO2e,4,,0
2026-07-04,L100000100444,Hezhou power station,Guangxi,24.73609,111.34667,0,,,OMSO2e,4,,0
2026-07-04,L100000100452,Qinzhou power station,Guangxi,21.7004655,108.6243063,0,,,OMSO2e,4,,0
2026-07-04,L100000100452,Qinzhou power station,Guangxi,21.7004655,108.6243063,0,,,OMSO2e,4,,0
2026-07-04,L100000100477,Guizhou Fa'er power station,Guizhou,26.3259319,104.7705622,0,,,OMSO2e,4,,0
2026-07-04,L100000100477,Guizhou Fa'er power station,Guizhou,26.3259319,104.7705622,0,,,OMSO2e,4,,0
2026-07-04,L100000100498,Panxian-2 power station,Guizhou,25.4686039,104.5924059,0,,,OMSO2e,4,,0
2026-07-04,L100000100498,Panxian-2 power station,Guizhou,25.4686039,104.5924059,0,,,OMSO2e,4,,0
2026-07-04,L100000100502,Qianxi power station,Guizhou,27.0516899,106.1252456,0,,,OMSO2e,4,,0
2026-07-04,L100000100502,Qianxi power station,Guizhou,27.0516899,106.1252456,0,,,OMSO2e,4,,0
2026-07-04,L100000100542,China Resources Caofeidian power station,Hebei,38.9960653,118.4875488,0,,,OMSO2e,4,0.005000002682209,6
2026-07-04,L100000100542,China Resources Caofeidian power station,Hebei,38.9960653,118.4875488,0,,,OMSO2e,4,0.005000002682209,6
2026-07-04,L100000100551,Dingzhou power station,Hebei,38.5122064,114.8433969,0,,,OMSO2e,4,,0
2026-07-04,L100000100551,Dingzhou power station,Hebei,38.5122064,114.8433969,0,,,OMSO2e,4,,0
2026-07-04,L100000100568,Shang'an power station,Hebei,38.05729,114.19627,0,,,OMSO2e,4,,0
2026-07-04,L100000100568,Shang'an power station,Hebei,38.05729,114.19627,0,,,OMSO2e,4,,0
2026-07-04,L100000100569,Hebei Cangdong power station,Hebei,38.31,117.8786111,0,,,OMSO2e,4,0.0500000044703483,5
2026-07-04,L100000100569,Hebei Cangdong power station,Hebei,38.31,117.8786111,0,,,OMSO2e,4,0.0500000044703483,5
2026-07-04,L100000100591,Xibaipo power station,Hebei,38.245068,114.2149428,0,,,OMSO2e,4,,0
2026-07-04,L100000100591,Xibaipo power station,Hebei,38.245068,114.2149428,0,,,OMSO2e,4,,0
2026-07-04,L100000100598,Zhangjiakou power station,Hebei,40.6595781,114.9438143,0,,,OMSO2e,4,,0
2026-07-04,L100000100598,Zhangjiakou power station,Hebei,40.6595781,114.9438143,0,,,OMSO2e,4,,0
2026-07-04,L100000100610,Qitaihe power station,Heilongjiang,45.7604176,131.0533476,0,,,OMSO2e,4,,0
2026-07-04,L100000100610,Qitaihe power station,Heilongjiang,45.7604176,131.0533476,0,,,OMSO2e,4,,0
2026-07-04,L100000100647,Datang Sanmenxia power station,Henan,34.6855176,111.0274363,0,,,OMSO2e,4,0.0140000013634562,5
2026-07-04,L100000100647,Datang Sanmenxia power station,Henan,34.6855176,111.0274363,0,,,OMSO2e,4,0.0140000013634562,5
2026-07-04,L100000100648,Xinyang power station,Henan,32.109018,114.140877,0,,,OMSO2e,4,,0
2026-07-04,L100000100648,Xinyang power station,Henan,32.109018,114.140877,0,,,OMSO2e,4,,0
2026-07-04,L100000100650,Dengfeng-2 power station,Henan,34.39274,113.19878,0,,,OMSO2e,4,-0.0014285716461017,7
2026-07-04,L100000100650,Dengfeng-2 power station,Henan,34.39274,113.19878,0,,,OMSO2e,4,-0.0014285716461017,7
2026-07-04,L100000100657,Hebi power station,Henan,35.851366,114.1798126,0,,,OMSO2e,4,-0.4983333349227905,6
2026-07-04,L100000100657,Hebi power station,Henan,35.851366,114.1798126,0,,,OMSO2e,4,-0.4983333349227905,6
2026-07-04,L100000100664,Henan Xin'an power station,Henan,34.7413202,112.0634119,0,,,OMSO2e,4,0.4716666638851166,6
2026-07-04,L100000100664,Henan Xin'an power station,Henan,34.7413202,112.0634119,0,,,OMSO2e,4,0.4716666638851166,6
2026-07-04,L100000100665,Henan Xinmi power station,Henan,34.50003,113.59801,0,,,OMSO2e,4,-0.2500000298023224,6
2026-07-04,L100000100665,Henan Xinmi power station,Henan,34.50003,113.59801,0,,,OMSO2e,4,-0.2500000298023224,6
2026-07-04,L100000100677,Qinbei power station,Henan,35.1676,112.71654,0,,,OMSO2e,4,0.1083333268761634,6
2026-07-04,L100000100677,Qinbei power station,Henan,35.1676,112.71654,0,,,OMSO2e,4,0.1083333268761634,6
2026-07-04,L100000100680,Jiaozuo Danhe power station,Henan,35.188487,112.887561,0,,,OMSO2e,4,0.1228571534156799,7
2026-07-04,L100000100680,Jiaozuo Danhe power station,Henan,35.188487,112.887561,0,,,OMSO2e,4,0.1228571534156799,7
2026-07-04,L100000100696,Nanyang Yahekou power station,Henan,33.3086427,112.644474,0,,,OMSO2e,4,-0.0724999979138374,4
2026-07-04,L100000100696,Nanyang Yahekou power station,Henan,33.3086427,112.644474,0,,,OMSO2e,4,-0.0724999979138374,4
2026-07-04,L100000100697,Pingdingshan Luyang power station,Henan,33.82189,113.01438,0,,,OMSO2e,4,0.1059999912977218,5
2026-07-04,L100000100697,Pingdingshan Luyang power station,Henan,33.82189,113.01438,0,,,OMSO2e,4,0.1059999912977218,5
2026-07-04,L100000100707,Nanyang Neixiang power station,Henan,33.086416,111.90004,0,,,OMSO2e,4,-0.3400000035762787,6
2026-07-04,L100000100707,Nanyang Neixiang power station,Henan,33.086416,111.90004,0,,,OMSO2e,4,-0.3400000035762787,6
2026-07-04,L100000100716,Xuchang Yulong power station,Henan,34.1751132,113.3581446,0,,,OMSO2e,4,-0.0414285734295845,7
2026-07-04,L100000100716,Xuchang Yulong power station,Henan,34.1751132,113.3581446,0,,,OMSO2e,4,-0.0414285734295845,7
2026-07-04,L100000100717,Yaomeng power station,Henan,33.7379928,113.2418822,0,,,OMSO2e,4,0.0700000002980232,4
2026-07-04,L100000100717,Yaomeng power station,Henan,33.7379928,113.2418822,0,,,OMSO2e,4,0.0700000002980232,4
2026-07-04,L100000100730,Dabieshan power station,Hubei,31.1420662,114.8921871,1,HB_pilot,2014.0,OMSO2e,4,,0
2026-07-04,L100000100730,Dabieshan power station,Hubei,31.1420662,114.8921871,1,HB_pilot,2014.0,OMSO2e,4,,0
2026-07-04,L100000100737,Hanchuan power station,Hubei,30.6566087,113.9172741,1,HB_pilot,2014.0,OMSO2e,4,,0
2026-07-04,L100000100737,Hanchuan power station,Hubei,30.6566087,113.9172741,1,HB_pilot,2014.0,OMSO2e,4,,0
2026-07-04,L100000100740,Huadian Xisaishan power station,Hubei,30.203056,115.180278,1,HB_pilot,2014.0,OMSO2e,4,,0
2026-07-04,L100000100740,Huadian Xisaishan power station,Hubei,30.203056,115.180278,1,HB_pilot,2014.0,OMSO2e,4,,0
2026-07-04,L100000100742,Yangluo power station,Hubei,30.6938889,114.5430556,1,HB_pilot,2014.0,OMSO2e,4,,0
2026-07-04,L100000100742,Yangluo power station,Hubei,30.6938889,114.5430556,1,HB_pilot,2014.0,OMSO2e,4,,0
2026-07-04,L100000100745,Hubei Ezhou power station,Hubei,30.5517656,114.6420121,1,HB_pilot,2014.0,OMSO2e,4,,0
2026-07-04,L100000100745,Hubei Ezhou power station,Hubei,30.5517656,114.6420121,1,HB_pilot,2014.0,OMSO2e,4,,0
2026-07-04,L100000100751,Puqi Xianning power station,Hubei,29.66523,113.87296,1,HB_pilot,2014.0,OMSO2e,4,,0
2026-07-04,L100000100751,Puqi Xianning power station,Hubei,29.66523,113.87296,1,HB_pilot,2014.0,OMSO2e,4,,0
2026-07-04,L100000100760,Huadian Xiangyang power station,Hubei,31.9118256,112.16692,1,HB_pilot,2014.0,OMSO2e,4,,0
2026-07-04,L100000100760,Huadian Xiangyang power station,Hubei,31.9118256,112.16692,1,HB_pilot,2014.0,OMSO2e,4,,0
2026-07-04,L100000100771,Pingjiang power station,Hunan,28.808542,113.54144,0,,,OMSO2e,4,,0
2026-07-04,L100000100771,Pingjiang power station,Hunan,28.808542,113.54144,0,,,OMSO2e,4,,0
2026-07-04,L100000100773,Huaneng Yueyang power station,Hunan,29.4497908,113.1623018,0,,,OMSO2e,4,,0
2026-07-04,L100000100773,Huaneng Yueyang power station,Hunan,29.4497908,113.1623018,0,,,OMSO2e,4,,0
2026-07-04,L100000100779,Jinzhushan power station,Hunan,27.6252776,111.4823651,0,,,OMSO2e,4,,0
2026-07-04,L100000100779,Jinzhushan power station,Hunan,27.6252776,111.4823651,0,,,OMSO2e,4,,0
2026-07-04,L100000100782,Liyujiang power station,Hunan,25.940443,113.192476,0,,,OMSO2e,4,,0
2026-07-04,L100000100782,Liyujiang power station,Hunan,25.940443,113.192476,0,,,OMSO2e,4,,0
2026-07-04,L100000100785,Shenhua Yongzhou power station,Hunan,26.56672,111.492692,0,,,OMSO2e,4,,0
2026-07-04,L100000100785,Shenhua Yongzhou power station,Hunan,26.56672,111.492692,0,,,OMSO2e,4,,0
2026-07-04,L100000100786,Guoneng Yueyang power station,Hunan,29.6129835,112.754572,0,,,OMSO2e,4,,0
2026-07-04,L100000100786,Guoneng Yueyang power station,Hunan,29.6129835,112.754572,0,,,OMSO2e,4,,0
2026-07-04,L100000100788,Xiangtan power station,Hunan,27.8282792,112.9968045,0,,,OMSO2e,4,,0
2026-07-04,L100000100788,Xiangtan power station,Hunan,27.8282792,112.9968045,0,,,OMSO2e,4,,0
2026-07-04,L100000100789,Yiyang power station,Hunan,28.5966667,112.2686111,0,,,OMSO2e,4,,0
2026-07-04,L100000100789,Yiyang power station,Hunan,28.5966667,112.2686111,0,,,OMSO2e,4,,0
2026-07-04,L100000100795,Baotou Aluminum power station,Inner Mongolia,40.557202,110.148382,1,IM_voluntary,2015.0,OMSO2e,4,,0
2026-07-04,L100000100795,Baotou Aluminum power station,Inner Mongolia,40.557202,110.148382,1,IM_voluntary,2015.0,OMSO2e,4,,0
2026-07-04,L100000100811,Chifeng Yuanbaoshan power station,Inner Mongolia,42.303333,119.324167,1,IM_voluntary,2015.0,OMSO2e,4,,0
2026-07-04,L100000100811,Chifeng Yuanbaoshan power station,Inner Mongolia,42.303333,119.324167,1,IM_voluntary,2015.0,OMSO2e,4,,0
2026-07-04,L100000100813,Chuangyuan Smelter power station,Inner Mongolia,45.437275,119.427496,1,IM_voluntary,2015.0,OMSO2e,4,,0
2026-07-04,L100000100813,Chuangyuan Smelter power station,Inner Mongolia,45.437275,119.427496,1,IM_voluntary,2015.0,OMSO2e,4,,0
2026-07-04,L100000100822,Daihai power station,Inner Mongolia,40.519675,112.667725,1,IM_voluntary,2015.0,OMSO2e,4,,0
2026-07-04,L100000100822,Daihai power station,Inner Mongolia,40.519675,112.667725,1,IM_voluntary,2015.0,OMSO2e,4,,0
2026-07-04,L100000100823,Dalate power station,Inner Mongolia,40.36695,109.99604,1,IM_voluntary,2015.0,OMSO2e,4,,0
2026-07-04,L100000100823,Dalate power station,Inner Mongolia,40.36695,109.99604,1,IM_voluntary,2015.0,OMSO2e,4,,0
2026-07-04,L100000100830,Togtoh power station,Inner Mongolia,40.1952329,111.358881,1,IM_voluntary,2015.0,OMSO2e,4,,0
2026-07-04,L100000100830,Togtoh power station,Inner Mongolia,40.1952329,111.358881,1,IM_voluntary,2015.0,OMSO2e,4,,0
2026-07-04,L100000100845,Guoneng Shanghaimiao power station,Inner Mongolia,38.309587,106.679378,1,IM_voluntary,2015.0,OMSO2e,4,,0
2026-07-04,L100000100845,Guoneng Shanghaimiao power station,Inner Mongolia,38.309587,106.679378,1,IM_voluntary,2015.0,OMSO2e,4,,0
2026-07-04,L100000100847,Jiangsu Energy Group Wulagai power station,Inner Mongolia,45.955947,119.106454,1,IM_voluntary,2015.0,OMSO2e,4,,0
2026-07-04,L100000100847,Jiangsu Energy Group Wulagai power station,Inner Mongolia,45.955947,119.106454,1,IM_voluntary,2015.0,OMSO2e,4,,0
2026-07-04,L100000100861,Hohhot Jinshan cogen power station,Inner Mongolia,40.7072133,111.4600879,1,IM_voluntary,2015.0,OMSO2e,4,,0
2026-07-04,L100000100861,Hohhot Jinshan cogen power station,Inner Mongolia,40.7072133,111.4600879,1,IM_voluntary,2015.0,OMSO2e,4,,0
2026-07-04,L100000100863,Hongjun Aluminum power station,Inner Mongolia,45.5128784,119.6504373,1,IM_voluntary,2015.0,OMSO2e,4,,0
2026-07-04,L100000100863,Hongjun Aluminum power station,Inner Mongolia,45.5128784,119.6504373,1,IM_voluntary,2015.0,OMSO2e,4,,0
2026-07-04,L100000100887,Shangdu power station,Inner Mongolia,42.22369,116.029256,1,IM_voluntary,2015.0,OMSO2e,4,-0.050000000745058,2
2026-07-04,L100000100887,Shangdu power station,Inner Mongolia,42.22369,116.029256,1,IM_voluntary,2015.0,OMSO2e,4,-0.050000000745058,2
2026-07-04,L100000100888,Inner Mongolia Changcheng power station,Inner Mongolia,38.249688,106.657876,1,IM_voluntary,2015.0,OMSO2e,4,,0
2026-07-04,L100000100888,Inner Mongolia Changcheng power station,Inner Mongolia,38.249688,106.657876,1,IM_voluntary,2015.0,OMSO2e,4,,0
2026-07-04,L100000100894,Yimin power station,Inner Mongolia,48.549722,119.773889,1,IM_voluntary,2015.0,OMSO2e,4,,0
2026-07-04,L100000100894,Yimin power station,Inner Mongolia,48.549722,119.773889,1,IM_voluntary,2015.0,OMSO2e,4,,0
2026-07-04,L100000100899,Huolinhe Zhanute power station,Inner Mongolia,45.409847,119.596739,1,IM_voluntary,2015.0,OMSO2e,4,,0
2026-07-04,L100000100899,Huolinhe Zhanute power station,Inner Mongolia,45.409847,119.596739,1,IM_voluntary,2015.0,OMSO2e,4,,0
2026-07-04,L100000100910,Jining power station,Inner Mongolia,41.053294,113.153289,1,IM_voluntary,2015.0,OMSO2e,4,,0
2026-07-04,L100000100910,Jining power station,Inner Mongolia,41.053294,113.153289,1,IM_voluntary,2015.0,OMSO2e,4,,0
2026-07-04,L100000100913,Junggar Suancigou power station,Inner Mongolia,39.711744,111.200548,1,IM_voluntary,2015.0,OMSO2e,4,,0
2026-07-04,L100000100913,Junggar Suancigou power station,Inner Mongolia,39.711744,111.200548,1,IM_voluntary,2015.0,OMSO2e,4,,0
2026-07-04,L100000100933,Mengtai Beijiao power station,Inner Mongolia,39.846004,109.984888,1,IM_voluntary,2015.0,OMSO2e,4,,0
2026-07-04,L100000100933,Mengtai Beijiao power station,Inner Mongolia,39.846004,109.984888,1,IM_voluntary,2015.0,OMSO2e,4,,0
2026-07-04,L100000100937,Ordos Power Qipanjing power station,Inner Mongolia,39.385235,106.965664,1,IM_voluntary,2015.0,OMSO2e,4,,0
2026-07-04,L100000100937,Ordos Power Qipanjing power station,Inner Mongolia,39.385235,106.965664,1,IM_voluntary,2015.0,OMSO2e,4,,0
2026-07-04,L100000100948,Inner Mongolia Shenglu power station,Inner Mongolia,38.373756,106.782583,1,IM_voluntary,2015.0,OMSO2e,4,,0
2026-07-04,L100000100948,Inner Mongolia Shenglu power station,Inner Mongolia,38.373756,106.782583,1,IM_voluntary,2015.0,OMSO2e,4,,0
2026-07-04,L100000100954,Tongliao power station,Inner Mongolia,43.6713737,122.1535206,1,IM_voluntary,2015.0,OMSO2e,4,,0
2026-07-04,L100000100954,Tongliao power station,Inner Mongolia,43.6713737,122.1535206,1,IM_voluntary,2015.0,OMSO2e,4,,0
2026-07-04,L100000100969,Changshu-1 power station,Jiangsu,31.753204,120.9634852,0,,,OMSO2e,4,,0
2026-07-04,L100000100969,Changshu-1 power station,Jiangsu,31.753204,120.9634852,0,,,OMSO2e,4,,0
2026-07-04,L100000100970,Changshu-2 power station,Jiangsu,31.757764,120.97813,0,,,OMSO2e,4,,0
2026-07-04,L100000100970,Changshu-2 power station,Jiangsu,31.757764,120.97813,0,,,OMSO2e,4,,0
2026-07-04,L100000100973,Yancheng Binhai power station,Jiangsu,34.307421,120.246943,0,,,OMSO2e,4,,0
2026-07-04,L100000100973,Yancheng Binhai power station,Jiangsu,34.307421,120.246943,0,,,OMSO2e,4,,0
2026-07-04,L100000100974,Changzhou power station,Jiangsu,31.9583333,119.9925,0,,,OMSO2e,4,,0
2026-07-04,L100000100974,Changzhou power station,Jiangsu,31.9583333,119.9925,0,,,OMSO2e,4,,0
2026-07-04,L100000100982,Taizhou power station,Jiangsu,32.187206,119.914444,0,,,OMSO2e,4,,0
2026-07-04,L100000100982,Taizhou power station,Jiangsu,32.187206,119.914444,0,,,OMSO2e,4,,0
2026-07-04,L100000100984,Guohua Xuzhou power station,Jiangsu,34.395144,117.259705,0,,,OMSO2e,4,,0
2026-07-04,L100000100984,Guohua Xuzhou power station,Jiangsu,34.395144,117.259705,0,,,OMSO2e,4,,0
2026-07-04,L100000100988,Jurong power station,Jiangsu,32.19575,119.2497,0,,,OMSO2e,4,,0
2026-07-04,L100000100988,Jurong power station,Jiangsu,32.19575,119.2497,0,,,OMSO2e,4,,0
2026-07-04,L100000100993,Jinling power station,Jiangsu,32.17178,119.01977,0,,,OMSO2e,4,,0
2026-07-04,L100000100993,Jinling power station,Jiangsu,32.17178,119.01977,0,,,OMSO2e,4,,0
2026-07-04,L100000100997,Huaneng Taicang power station,Jiangsu,31.656908,121.17932,0,,,OMSO2e,4,,0
2026-07-04,L100000100997,Huaneng Taicang power station,Jiangsu,31.656908,121.17932,0,,,OMSO2e,4,,0
2026-07-04,L100000100998,Jianbi power station,Jiangsu,32.17693,119.57554,0,,,OMSO2e,4,,0
2026-07-04,L100000100998,Jianbi power station,Jiangsu,32.17693,119.57554,0,,,OMSO2e,4,,0
2026-07-04,L100000101000,Guoxin Jingjiang power station,Jiangsu,32.030487,120.383144,0,,,OMSO2e,4,,0
2026-07-04,L100000101000,Guoxin Jingjiang power station,Jiangsu,32.030487,120.383144,0,,,OMSO2e,4,,0
2026-07-04,L100000101005,Jiangsu Nantong power station,Jiangsu,32.03214,120.76956,0,,,OMSO2e,4,,0
2026-07-04,L100000101005,Jiangsu Nantong power station,Jiangsu,32.03214,120.76956,0,,,OMSO2e,4,,0
2026-07-04,L100000101008,Jiangsu Sheyanggang power station,Jiangsu,33.8185009,120.4633498,0,,,OMSO2e,4,,0
2026-07-04,L100000101008,Jiangsu Sheyanggang power station,Jiangsu,33.8185009,120.4633498,0,,,OMSO2e,4,,0
2026-07-04,L100000101018,Ligang power station,Jiangsu,31.940813,120.0766476,0,,,OMSO2e,4,,0
2026-07-04,L100000101018,Ligang power station,Jiangsu,31.940813,120.0766476,0,,,OMSO2e,4,,0
2026-07-04,L100000101020,Lusigang power station,Jiangsu,32.05858,121.72669,0,,,OMSO2e,4,,0
2026-07-04,L100000101020,Lusigang power station,Jiangsu,32.05858,121.72669,0,,,OMSO2e,4,,0
2026-07-04,L100000101039,Xinhai power station,Jiangsu,34.57789,119.12671,0,,,OMSO2e,4,,0
2026-07-04,L100000101039,Xinhai power station,Jiangsu,34.57789,119.12671,0,,,OMSO2e,4,,0
2026-07-04,L100000101044,Xuzhou Pengcheng power station,Jiangsu,34.3779,117.17591,0,,,OMSO2e,4,,0
2026-07-04,L100000101044,Xuzhou Pengcheng power station,Jiangsu,34.3779,117.17591,0,,,OMSO2e,4,,0
2026-07-04,L100000101047,Guoxin Yangzhou power station,Jiangsu,32.267778,119.419444,0,,,OMSO2e,4,,0
2026-07-04,L100000101047,Guoxin Yangzhou power station,Jiangsu,32.267778,119.419444,0,,,OMSO2e,4,,0
2026-07-04,L100000101053,Zhangjiagang Shazhou power station,Jiangsu,31.989733,120.6879258,0,,,OMSO2e,4,,0
2026-07-04,L100000101053,Zhangjiagang Shazhou power station,Jiangsu,31.989733,120.6879258,0,,,OMSO2e,4,,0
2026-07-04,L100000101057,Fuzhou power station,Jiangxi,27.7844943,116.5644289,0,,,OMSO2e,4,,0
2026-07-04,L100000101057,Fuzhou power station,Jiangxi,27.7844943,116.5644289,0,,,OMSO2e,4,,0
2026-07-04,L100000101058,Datang Xinyu power station,Jiangxi,27.679755,114.956506,0,,,OMSO2e,4,,0
2026-07-04,L100000101058,Datang Xinyu power station,Jiangxi,27.679755,114.956506,0,,,OMSO2e,4,,0
2026-07-04,L100000101060,Fengcheng power station,Jiangxi,28.1943602,115.7088424,0,,,OMSO2e,4,,0
2026-07-04,L100000101060,Fengcheng power station,Jiangxi,28.1943602,115.7088424,0,,,OMSO2e,4,,0
2026-07-04,L100000101063,Guixi power station,Jiangxi,28.28914,117.2235,0,,,OMSO2e,4,,0
2026-07-04,L100000101063,Guixi power station,Jiangxi,28.28914,117.2235,0,,,OMSO2e,4,,0
2026-07-04,L100000101068,Jinggangshan power station,Jiangxi,27.0474697,115.0203859,0,,,OMSO2e,4,,0
2026-07-04,L100000101068,Jinggangshan power station,Jiangxi,27.0474697,115.0203859,0,,,OMSO2e,4,,0
2026-07-04,L100000101069,Ruijin power station,Jiangxi,25.9244055,115.1028219,0,,,OMSO2e,4,,0
2026-07-04,L100000101069,Ruijin power station,Jiangxi,25.9244055,115.1028219,0,,,OMSO2e,4,,0
2026-07-04,L100000101074,Shenhua Jiujiang power station,Jiangxi,29.826619,116.375973,0,,,OMSO2e,4,,0
2026-07-04,L100000101074,Shenhua Jiujiang power station,Jiangxi,29.826619,116.375973,0,,,OMSO2e,4,,0
2026-07-04,L100000101114,Shuangliao power station,Jilin,43.5282178,123.4633255,0,,,OMSO2e,4,,0
2026-07-04,L100000101114,Shuangliao power station,Jilin,43.5282178,123.4633255,0,,,OMSO2e,4,,0
2026-07-04,L100000101160,Yingkou power station,Liaoning,40.303837,122.105968,0,,,OMSO2e,4,,0
2026-07-04,L100000101160,Yingkou power station,Liaoning,40.303837,122.105968,0,,,OMSO2e,4,,0
2026-07-04,L100000101178,Suizhong power station,Liaoning,40.07962,120.00959,0,,,OMSO2e,4,,0
2026-07-04,L100000101178,Suizhong power station,Liaoning,40.07962,120.00959,0,,,OMSO2e,4,,0
2026-07-04,L100000101181,Tieling power station,Liaoning,42.3450141,123.8030455,0,,,OMSO2e,4,,0
2026-07-04,L100000101181,Tieling power station,Liaoning,42.3450141,123.8030455,0,,,OMSO2e,4,,0
2026-07-04,L100000101187,Daba power station,Ningxia,37.9916691,105.9247833,0,,,OMSO2e,4,,0
2026-07-04,L100000101187,Daba power station,Ningxia,37.9916691,105.9247833,0,,,OMSO2e,4,,0
2026-07-04,L100000101190,Ningdong Fangjiazhuang power station,Ningxia,37.837649,106.666501,0,,,OMSO2e,4,,0
2026-07-04,L100000101190,Ningdong Fangjiazhuang power station,Ningxia,37.837649,106.666501,0,,,OMSO2e,4,,0
2026-07-04,L100000101191,Shizuishan power station,Ningxia,39.2848224,106.7890371,0,,,OMSO2e,4,,0
2026-07-04,L100000101191,Shizuishan power station,Ningxia,39.2848224,106.7890371,0,,,OMSO2e,4,,0
2026-07-04,L100000101192,Ningdong power station,Ningxia,37.844757,106.786777,0,,,OMSO2e,4,,0
2026-07-04,L100000101192,Ningdong power station,Ningxia,37.844757,106.786777,0,,,OMSO2e,4,,0
2026-07-04,L100000101203,Ningxia Lingwu power station,Ningxia,38.148333,106.345833,0,,,OMSO2e,4,,0
2026-07-04,L100000101203,Ningxia Lingwu power station,Ningxia,38.148333,106.345833,0,,,OMSO2e,4,,0
2026-07-04,L100000101219,Yuanyang Lake power station,Ningxia,38.0575,106.691389,0,,,OMSO2e,4,,0
2026-07-04,L100000101219,Yuanyang Lake power station,Ningxia,38.0575,106.691389,0,,,OMSO2e,4,,0
2026-07-04,L100000101244,Fugu Qingshuichuan power station,Shaanxi,39.2048853,111.1190328,0,,,OMSO2e,4,0.4399999678134918,3
2026-07-04,L100000101244,Fugu Qingshuichuan power station,Shaanxi,39.2048853,111.1190328,0,,,OMSO2e,4,0.4399999678134918,3
2026-07-04,L100000101246,Guodian Baoji-2 power station,Shaanxi,34.4980333,107.2181511,0,,,OMSO2e,4,,0
2026-07-04,L100000101246,Guodian Baoji-2 power station,Shaanxi,34.4980333,107.2181511,0,,,OMSO2e,4,,0
2026-07-04,L100000101252,Hancheng power station,Shaanxi,35.6007189,110.5557051,0,,,OMSO2e,4,0.0071428590454161,7
2026-07-04,L100000101252,Hancheng power station,Shaanxi,35.6007189,110.5557051,0,,,OMSO2e,4,0.0071428590454161,7
2026-07-04,L100000101265,Leilongwan power station,Shaanxi,37.925376,109.101678,0,,,OMSO2e,4,-0.4285714030265808,7
2026-07-04,L100000101265,Leilongwan power station,Shaanxi,37.925376,109.101678,0,,,OMSO2e,4,-0.4285714030265808,7
2026-07-04,L100000101269,Pucheng power station,Shaanxi,34.9779314,109.7999759,0,,,OMSO2e,4,-0.0283333268016576,6
2026-07-04,L100000101269,Pucheng power station,Shaanxi,34.9779314,109.7999759,0,,,OMSO2e,4,-0.0283333268016576,6
2026-07-04,L100000101277,Fugu Miaogoumen power station,Shaanxi,39.208319,110.784956,0,,,OMSO2e,4,0.4399999678134918,3
2026-07-04,L100000101277,Fugu Miaogoumen power station,Shaanxi,39.208319,110.784956,0,,,OMSO2e,4,0.4399999678134918,3
2026-07-04,L100000101278,Jinjie power station,Shaanxi,38.7368389,110.1661297,0,,,OMSO2e,4,0.050000000745058,6
2026-07-04,L100000101278,Jinjie power station,Shaanxi,38.7368389,110.1661297,0,,,OMSO2e,4,0.050000000745058,6
2026-07-04,L100000101297,Yulin Hengshan power station,Shaanxi,38.03372,109.415067,0,,,OMSO2e,4,-0.5349999666213989,6
2026-07-04,L100000101297,Yulin Hengshan power station,Shaanxi,38.03372,109.415067,0,,,OMSO2e,4,-0.5349999666213989,6
2026-07-04,L100000101307,Binzhou Boxing power station,Shandong,37.27629,118.330855,0,,,OMSO2e,4,0.1549999862909317,6
2026-07-04,L100000101307,Binzhou Boxing power station,Shandong,37.27629,118.330855,0,,,OMSO2e,4,0.1549999862909317,6
2026-07-04,L100000101316,Datang Dongying power station,Shandong,38.113151,118.910229,0,,,OMSO2e,4,0.4200000166893005,7
2026-07-04,L100000101316,Datang Dongying power station,Shandong,38.113151,118.910229,0,,,OMSO2e,4,0.4200000166893005,7
2026-07-04,L100000101332,Guohua Shouguang power station,Shandong,37.269686,118.906738,0,,,OMSO2e,4,-0.106666661798954,6
2026-07-04,L100000101332,Guohua Shouguang power station,Shandong,37.269686,118.906738,0,,,OMSO2e,4,-0.106666661798954,6
2026-07-04,L100000101339,Huadian Laizhou power station,Shandong,37.432222,120.018056,0,,,OMSO2e,4,0.3180000185966491,5
2026-07-04,L100000101339,Huadian Laizhou power station,Shandong,37.432222,120.018056,0,,,OMSO2e,4,0.3180000185966491,5
2026-07-04,L100000101341,Shiliquan power station,Shandong,34.814444,117.573056,0,,,OMSO2e,4,0.1000000014901161,1
2026-07-04,L100000101341,Shiliquan power station,Shandong,34.814444,117.573056,0,,,OMSO2e,4,0.1000000014901161,1
2026-07-04,L100000101342,Huadian Weifang power station,Shandong,36.6656392,119.2632115,0,,,OMSO2e,4,0.1487500071525573,8
2026-07-04,L100000101342,Huadian Weifang power station,Shandong,36.6656392,119.2632115,0,,,OMSO2e,4,0.1487500071525573,8
2026-07-04,L100000101344,Huaneng Dezhou power station,Shandong,37.449349,116.2415516,0,,,OMSO2e,4,0.1349999904632568,6
2026-07-04,L100000101344,Huaneng Dezhou power station,Shandong,37.449349,116.2415516,0,,,OMSO2e,4,0.1349999904632568,6
2026-07-04,L100000101348,Huaneng Laiwu power station,Shandong,36.1342702,117.6849675,0,,,OMSO2e,4,-0.0885714292526245,7
2026-07-04,L100000101348,Huaneng Laiwu power station,Shandong,36.1342702,117.6849675,0,,,OMSO2e,4,-0.0885714292526245,7
2026-07-04,L100000101383,Rizhao power station,Shandong,35.3454727,119.5104761,0,,,OMSO2e,4,,0
2026-07-04,L100000101383,Rizhao power station,Shandong,35.3454727,119.5104761,0,,,OMSO2e,4,,0
2026-07-04,L100000101399,Shiheng-2 power station,Shandong,36.2123187,116.5136301,0,,,OMSO2e,4,0.2639999985694885,5
2026-07-04,L100000101399,Shiheng-2 power station,Shandong,36.2123187,116.5136301,0,,,OMSO2e,4,0.2639999985694885,5
2026-07-04,L100000101409,Weihai power station,Shandong,37.44899,122.20724,0,,,OMSO2e,4,,0
2026-07-04,L100000101409,Weihai power station,Shandong,37.44899,122.20724,0,,,OMSO2e,4,,0
2026-07-04,L100000101415,Weiqiao Huji power station,Shandong,37.347901,117.781587,0,,,OMSO2e,4,0.449999988079071,7
2026-07-04,L100000101415,Weiqiao Huji power station,Shandong,37.347901,117.781587,0,,,OMSO2e,4,0.449999988079071,7
2026-07-04,L100000101420,Weiqiao Zouping-1 power station,Shandong,36.9106725,117.7853572,0,,,OMSO2e,4,0.0957142859697341,7
2026-07-04,L100000101420,Weiqiao Zouping-1 power station,Shandong,36.9106725,117.7853572,0,,,OMSO2e,4,0.0957142859697341,7
2026-07-04,L100000101425,Weiqiao Zouping-7 power station,Shandong,36.896297,117.860459,0,,,OMSO2e,4,0.1157142892479896,7
2026-07-04,L100000101425,Weiqiao Zouping-7 power station,Shandong,36.896297,117.860459,0,,,OMSO2e,4,0.1157142892479896,7
2026-07-04,L100000101429,Shandong Xinfa Xinyuan power station,Shandong,36.615766,116.225215,0,,,OMSO2e,4,0.1914285719394683,7
2026-07-04,L100000101429,Shandong Xinfa Xinyuan power station,Shandong,36.615766,116.225215,0,,,OMSO2e,4,0.1914285719394683,7
2026-07-04,L100000101442,Zouxian power station,Shandong,35.3255698,116.9260912,0,,,OMSO2e,4,0.1766666769981384,6
2026-07-04,L100000101442,Zouxian power station,Shandong,35.3255698,116.9260912,0,,,OMSO2e,4,0.1766666769981384,6
2026-07-04,L100000101444,Shanghai Caojing power station,Shanghai,30.76073,121.4008,1,SH_pilot,2013.0,OMSO2e,4,,0
2026-07-04,L100000101444,Shanghai Caojing power station,Shanghai,30.76073,121.4008,1,SH_pilot,2013.0,OMSO2e,4,,0
2026-07-04,L100000101447,Shanghai Shidongkou power station,Shanghai,31.4650719,121.4048433,1,SH_pilot,2013.0,OMSO2e,4,,0
2026-07-04,L100000101447,Shanghai Shidongkou power station,Shanghai,31.4650719,121.4048433,1,SH_pilot,2013.0,OMSO2e,4,,0
2026-07-04,L100000101448,Waigaoqiao power station,Shanghai,31.3536333,121.6002746,1,SH_pilot,2013.0,OMSO2e,4,,0
2026-07-04,L100000101448,Waigaoqiao power station,Shanghai,31.3536333,121.6002746,1,SH_pilot,2013.0,OMSO2e,4,,0
2026-07-04,L100000101515,Shanxi Zhaoguang power station,Shanxi,36.5537987,111.6917736,0,,,OMSO2e,4,0.2540000081062317,5
2026-07-04,L100000101515,Shanxi Zhaoguang power station,Shanxi,36.5537987,111.6917736,0,,,OMSO2e,4,0.2540000081062317,5
2026-07-04,L100000101518,Shenhua Hequ power station,Shanxi,39.3830746,111.1843014,0,,,OMSO2e,4,0.4399999976158142,2
2026-07-04,L100000101518,Shenhua Hequ power station,Shanxi,39.3830746,111.1843014,0,,,OMSO2e,4,0.4399999976158142,2
2026-07-04,L100000101519,Shentou power station,Shanxi,39.550981,112.488736,0,,,OMSO2e,4,,0
2026-07-04,L100000101519,Shentou power station,Shanxi,39.550981,112.488736,0,,,OMSO2e,4,,0
2026-07-04,L100000101529,Tongmei Tashan power station,Shanxi,39.9249917,113.0839199,0,,,OMSO2e,4,,0
2026-07-04,L100000101529,Tongmei Tashan power station,Shanxi,39.9249917,113.0839199,0,,,OMSO2e,4,,0
2026-07-04,L100000101542,Xishan Gujiao power station,Shanxi,37.8952266,112.0930982,0,,,OMSO2e,4,,0
2026-07-04,L100000101542,Xishan Gujiao power station,Shanxi,37.8952266,112.0930982,0,,,OMSO2e,4,,0
2026-07-04,L100000101543,Yangcheng power station,Shanxi,35.466123,112.5742039,0,,,OMSO2e,4,-0.2800000011920929,6
2026-07-04,L100000101543,Yangcheng power station,Shanxi,35.466123,112.5742039,0,,,OMSO2e,4,-0.2800000011920929,6
2026-07-04,L100000101551,Yuguang Coal power station,Shanxi,38.078135,113.482791,0,,,OMSO2e,4,,0
2026-07-04,L100000101551,Yuguang Coal power station,Shanxi,38.078135,113.482791,0,,,OMSO2e,4,,0
2026-07-04,L100000101554,Zhangshan power station,Shanxi,36.326115,113.081402,0,,,OMSO2e,4,0.2457142919301986,7
2026-07-04,L100000101554,Zhangshan power station,Shanxi,36.326115,113.081402,0,,,OMSO2e,4,0.2457142919301986,7
2026-07-04,L100000101555,Changzhi power station,Shanxi,36.3226498,113.0816012,0,,,OMSO2e,4,0.2457142919301986,7
2026-07-04,L100000101555,Changzhi power station,Shanxi,36.3226498,113.0816012,0,,,OMSO2e,4,0.2457142919301986,7
2026-07-04,L100000101567,Guang'an power station,Sichuan,30.5288201,106.8264802,0,,,OMSO2e,4,,0
2026-07-04,L100000101567,Guang'an power station,Sichuan,30.5288201,106.8264802,0,,,OMSO2e,4,,0
2026-07-04,L100000101580,Tianming power station,Sichuan,31.869616,104.910148,0,,,OMSO2e,4,,0
2026-07-04,L100000101580,Tianming power station,Sichuan,31.869616,104.910148,0,,,OMSO2e,4,,0
2026-07-04,L100000101588,Panshan power station,Tianjin,39.9801382,117.4630704,1,TJ_pilot,2013.0,OMSO2e,4,,0
2026-07-04,L100000101588,Panshan power station,Tianjin,39.9801382,117.4630704,1,TJ_pilot,2013.0,OMSO2e,4,,0
2026-07-04,L100000101589,Tianjin Beijiang power station,Tianjin,39.2193209,117.9298639,1,TJ_pilot,2013.0,OMSO2e,4,-0.6800000071525574,2
2026-07-04,L100000101589,Tianjin Beijiang power station,Tianjin,39.2193209,117.9298639,1,TJ_pilot,2013.0,OMSO2e,4,-0.6800000071525574,2
2026-07-04,L100000101617,East Hope Metals Wucaiwan power station,Xinjiang,44.6829461,89.1158667,0,,,OMSO2e,4,-0.0025000004097819,4
2026-07-04,L100000101617,East Hope Metals Wucaiwan power station,Xinjiang,44.6829461,89.1158667,0,,,OMSO2e,4,-0.0025000004097819,4
2026-07-04,L100000101668,Xinjiang Qiya Smelter power station,Xinjiang,44.8955881,89.049629,0,,,OMSO2e,4,0.0525000020861625,4
2026-07-04,L100000101668,Xinjiang Qiya Smelter power station,Xinjiang,44.8955881,89.049629,0,,,OMSO2e,4,0.0525000020861625,4
2026-07-04,L100000101675,Shenhua Guoneng Hami power station,Xinjiang,42.411226,93.009166,0,,,OMSO2e,4,-0.0024999976158142,8
2026-07-04,L100000101675,Shenhua Guoneng Hami power station,Xinjiang,42.411226,93.009166,0,,,OMSO2e,4,-0.0024999976158142,8
2026-07-04,L100000101677,Shenhua Zhundong Wucaiwan power station,Xinjiang,44.795533,89.149825,0,,,OMSO2e,4,0.0199999995529651,3
2026-07-04,L100000101677,Shenhua Zhundong Wucaiwan power station,Xinjiang,44.795533,89.149825,0,,,OMSO2e,4,0.0199999995529651,3
2026-07-04,L100000101681,Tianchi Changji cogen power station,Xinjiang,44.004362,87.171961,0,,,OMSO2e,4,0.3400000035762787,6
2026-07-04,L100000101681,Tianchi Changji cogen power station,Xinjiang,44.004362,87.171961,0,,,OMSO2e,4,0.3400000035762787,6
2026-07-04,L100000101682,Tianchi Energy Zhundong Wucaiwan power station,Xinjiang,44.8524482,89.1959171,0,,,OMSO2e,4,0.1200000047683715,5
2026-07-04,L100000101682,Tianchi Energy Zhundong Wucaiwan power station,Xinjiang,44.8524482,89.1959171,0,,,OMSO2e,4,0.1200000047683715,5
2026-07-04,L100000101696,Wucaiwan Bei'er power station,Xinjiang,44.8388927,89.1908616,0,,,OMSO2e,4,0.103333331644535,6
2026-07-04,L100000101696,Wucaiwan Bei'er power station,Xinjiang,44.8388927,89.1908616,0,,,OMSO2e,4,0.103333331644535,6
2026-07-04,L100000101697,Wujiaqu power station,Xinjiang,44.26892,87.687877,0,,,OMSO2e,4,0.2866666316986084,6
2026-07-04,L100000101697,Wujiaqu power station,Xinjiang,44.26892,87.687877,0,,,OMSO2e,4,0.2866666316986084,6
2026-07-04,L100000101709,XPCC Shihezi Cogen power station,Xinjiang,44.428094,86.093609,0,,,OMSO2e,4,0.0171428583562374,7
2026-07-04,L100000101709,XPCC Shihezi Cogen power station,Xinjiang,44.428094,86.093609,0,,,OMSO2e,4,0.0171428583562374,7
2026-07-04,L100000101716,Diandong power station,Yunnan,25.19943,104.6819,0,,,OMSO2e,4,,0
2026-07-04,L100000101716,Diandong power station,Yunnan,25.19943,104.6819,0,,,OMSO2e,4,,0
2026-07-04,L100000101730,Wushashan power station,Zhejiang,29.505411,121.662934,0,,,OMSO2e,4,-0.1099999994039535,5
2026-07-04,L100000101730,Wushashan power station,Zhejiang,29.505411,121.662934,0,,,OMSO2e,4,-0.1099999994039535,5
2026-07-04,L100000101731,Beilun power station,Zhejiang,29.9427256,121.8131207,0,,,OMSO2e,4,-0.1299999952316284,2
2026-07-04,L100000101731,Beilun power station,Zhejiang,29.9427256,121.8131207,0,,,OMSO2e,4,-0.1299999952316284,2
2026-07-04,L100000101732,Guohua Zhoushan power station,Zhejiang,30.103996,122.184817,0,,,OMSO2e,4,-0.0600000023841857,3
2026-07-04,L100000101732,Guohua Zhoushan power station,Zhejiang,30.103996,122.184817,0,,,OMSO2e,4,-0.0600000023841857,3
2026-07-04,L100000101736,Yuhuan power station,Zhejiang,28.1151529,121.1391369,0,,,OMSO2e,4,0.2500000298023224,5
2026-07-04,L100000101736,Yuhuan power station,Zhejiang,28.1151529,121.1391369,0,,,OMSO2e,4,0.2500000298023224,5
2026-07-04,L100000101737,China Resources Wenzhou power station,Zhejiang,27.4974228,120.6631851,0,,,OMSO2e,4,0.0600000023841857,6
2026-07-04,L100000101737,China Resources Wenzhou power station,Zhejiang,27.4974228,120.6631851,0,,,OMSO2e,4,0.0600000023841857,6
2026-07-04,L100000101739,Jiaxing power station,Zhejiang,30.62804,121.14422,0,,,OMSO2e,4,,0
2026-07-04,L100000101739,Jiaxing power station,Zhejiang,30.62804,121.14422,0,,,OMSO2e,4,,0
2026-07-04,L100000101742,Lanxi power station,Zhejiang,29.1866175,119.5068449,0,,,OMSO2e,4,,0
2026-07-04,L100000101742,Lanxi power station,Zhejiang,29.1866175,119.5068449,0,,,OMSO2e,4,,0
2026-07-04,L100000101747,Ninghai power station,Zhejiang,29.4817622,121.5114792,0,,,OMSO2e,4,-0.1000000014901161,3
2026-07-04,L100000101747,Ninghai power station,Zhejiang,29.4817622,121.5114792,0,,,OMSO2e,4,-0.1000000014901161,3
2026-07-04,L100000101750,Zhejiang Taizhou-2 power station,Zhejiang,29.012395,121.695507,0,,,OMSO2e,4,-0.0816666558384895,6
2026-07-04,L100000101750,Zhejiang Taizhou-2 power station,Zhejiang,29.012395,121.695507,0,,,OMSO2e,4,-0.0816666558384895,6
2026-07-04,L100000101761,Zheneng Liuheng power station,Zhejiang,29.7593387,122.1266091,0,,,OMSO2e,4,-0.1099999919533729,6
2026-07-04,L100000101761,Zheneng Liuheng power station,Zhejiang,29.7593387,122.1266091,0,,,OMSO2e,4,-0.1099999919533729,6
2026-07-04,L100000101762,Zheneng Wenzhou power station,Zhejiang,27.9957103,120.8358582,0,,,OMSO2e,4,0.2816666662693023,6
2026-07-04,L100000101762,Zheneng Wenzhou power station,Zhejiang,27.9957103,120.8358582,0,,,OMSO2e,4,0.2816666662693023,6
2026-07-04,L100000101763,Zheneng Yueqing power station,Zhejiang,28.1704074,121.0889375,0,,,OMSO2e,4,0.2500000298023224,6
2026-07-04,L100000101763,Zheneng Yueqing power station,Zhejiang,28.1704074,121.0889375,0,,,OMSO2e,4,0.2500000298023224,6
2026-07-04,L100000104506,Fu County power station,Shaanxi,35.858656,109.2167,0,,,OMSO2e,4,-0.012857143767178,7
2026-07-04,L100000104506,Fu County power station,Shaanxi,35.858656,109.2167,0,,,OMSO2e,4,-0.012857143767178,7
2026-07-04,L100000104758,Hubei Yicheng power station,Hubei,31.781843,112.129461,1,HB_pilot,2014.0,OMSO2e,4,,0
2026-07-04,L100000104758,Hubei Yicheng power station,Hubei,31.781843,112.129461,1,HB_pilot,2014.0,OMSO2e,4,,0
2026-07-04,L100000104917,Shanggao power station,Jiangxi,28.185566,114.825697,0,,,OMSO2e,4,,0
2026-07-04,L100000104917,Shanggao power station,Jiangxi,28.185566,114.825697,0,,,OMSO2e,4,,0
2026-07-04,L100000104944,Hami-Chongqing UHV Transmission Line power station,Xinjiang,44.53792,92.926001,0,,,OMSO2e,4,0.1083333268761634,6
2026-07-04,L100000104944,Hami-Chongqing UHV Transmission Line power station,Xinjiang,44.53792,92.926001,0,,,OMSO2e,4,0.1083333268761634,6
2026-07-04,L100000104970,Jiangsu Guoxin Shazhou power station,Jiangsu,31.985654,120.684419,0,,,OMSO2e,4,,0
2026-07-04,L100000104970,Jiangsu Guoxin Shazhou power station,Jiangsu,31.985654,120.684419,0,,,OMSO2e,4,,0
2026-07-04,L100000105025,Datong-2 power station,Shanxi,40.0279118,113.2933181,0,,,OMSO2e,4,,0
2026-07-04,L100000105025,Datong-2 power station,Shanxi,40.0279118,113.2933181,0,,,OMSO2e,4,,0
2026-07-03,L100000100200,Anhui Bengbu power station,Anhui,32.78444,117.11472,0,,,OMSO2e,4,,0
2026-07-03,L100000100200,Anhui Bengbu power station,Anhui,32.78444,117.11472,0,,,OMSO2e,4,,0
2026-07-03,L100000100201,Anhui Huainan Panji power station,Anhui,32.76917,116.759595,0,,,OMSO2e,4,,0
2026-07-03,L100000100201,Anhui Huainan Panji power station,Anhui,32.76917,116.759595,0,,,OMSO2e,4,,0
2026-07-03,L100000100205,Chizhou Jiuhua power station,Anhui,30.7531097,117.5906618,0,,,OMSO2e,4,,0
2026-07-03,L100000100205,Chizhou Jiuhua power station,Anhui,30.7531097,117.5906618,0,,,OMSO2e,4,,0
2026-07-03,L100000100206,Pingwei power station,Anhui,32.68417,116.901389,0,,,OMSO2e,4,,0
2026-07-03,L100000100206,Pingwei power station,Anhui,32.68417,116.901389,0,,,OMSO2e,4,,0
2026-07-03,L100000100211,Fuyang power station,Anhui,33.00444,115.845278,0,,,OMSO2e,4,,0
2026-07-03,L100000100211,Fuyang power station,Anhui,33.00444,115.845278,0,,,OMSO2e,4,,0
2026-07-03,L100000100218,Wuhu power station,Anhui,31.2372348,118.1497184,0,,,OMSO2e,4,,0
2026-07-03,L100000100218,Wuhu power station,Anhui,31.2372348,118.1497184,0,,,OMSO2e,4,,0
2026-07-03,L100000100222,Huaibei Pingshan power station,Anhui,33.83392,116.831102,0,,,OMSO2e,4,,0
2026-07-03,L100000100222,Huaibei Pingshan power station,Anhui,33.83392,116.831102,0,,,OMSO2e,4,,0
2026-07-03,L100000100223,Huainan Fengtai power station,Anhui,32.758,116.65,0,,,OMSO2e,4,,0
2026-07-03,L100000100223,Huainan Fengtai power station,Anhui,32.758,116.65,0,,,OMSO2e,4,,0
2026-07-03,L100000100225,Huainan Luohe power station,Anhui,32.68455,117.07511,0,,,OMSO2e,4,,0
2026-07-03,L100000100225,Huainan Luohe power station,Anhui,32.68455,117.07511,0,,,OMSO2e,4,,0
2026-07-03,L100000100226,Huainan Tianji power station,Anhui,32.7465,116.8127,0,,,OMSO2e,4,,0
2026-07-03,L100000100226,Huainan Tianji power station,Anhui,32.7465,116.8127,0,,,OMSO2e,4,,0
2026-07-03,L100000100233,Lixin Banji power station,Anhui,32.897245,116.242561,0,,,OMSO2e,4,,0
2026-07-03,L100000100233,Lixin Banji power station,Anhui,32.897245,116.242561,0,,,OMSO2e,4,,0
2026-07-03,L100000100237,Anqing power station,Anhui,30.541,117.1717,0,,,OMSO2e,4,,0
2026-07-03,L100000100237,Anqing power station,Anhui,30.541,117.1717,0,,,OMSO2e,4,,0
2026-07-03,L100000100240,Suzhou Qianyingzi power station,Anhui,33.5107954,116.9261351,0,,,OMSO2e,4,,0
2026-07-03,L100000100240,Suzhou Qianyingzi power station,Anhui,33.5107954,116.9261351,0,,,OMSO2e,4,,0
2026-07-03,L100000100242,Tongling Wanneng power station,Anhui,30.88181,117.76439,0,,,OMSO2e,4,,0
2026-07-03,L100000100242,Tongling Wanneng power station,Anhui,30.88181,117.76439,0,,,OMSO2e,4,,0
2026-07-03,L100000100245,Ma'anshan power station,Anhui,31.750737,118.4796925,0,,,OMSO2e,4,,0
2026-07-03,L100000100245,Ma'anshan power station,Anhui,31.750737,118.4796925,0,,,OMSO2e,4,,0
2026-07-03,L100000100269,Chongqing Shuanghuai power station,Chongqing,30.1611074,106.5480599,1,CQ_pilot,2013.0,OMSO2e,4,,0
2026-07-03,L100000100269,Chongqing Shuanghuai power station,Chongqing,30.1611074,106.5480599,1,CQ_pilot,2013.0,OMSO2e,4,,0
2026-07-03,L100000100272,Luohuang power station,Chongqing,29.347364,106.433182,1,CQ_pilot,2013.0,OMSO2e,4,,0
2026-07-03,L100000100272,Luohuang power station,Chongqing,29.347364,106.433182,1,CQ_pilot,2013.0,OMSO2e,4,,0
2026-07-03,L100000100276,Chongqing Wanzhou power station,Chongqing,30.677938,108.398976,1,CQ_pilot,2013.0,OMSO2e,4,,0
2026-07-03,L100000100276,Chongqing Wanzhou power station,Chongqing,30.677938,108.398976,1,CQ_pilot,2013.0,OMSO2e,4,,0
2026-07-03,L100000100283,Ningde power station,Fujian,26.7574469,119.7353942,1,FJ_pilot,2016.0,OMSO2e,4,,0
2026-07-03,L100000100283,Ningde power station,Fujian,26.7574469,119.7353942,1,FJ_pilot,2016.0,OMSO2e,4,,0
2026-07-03,L100000100285,Fujian Hongshan power station,Fujian,24.7272766,118.7496944,1,FJ_pilot,2016.0,OMSO2e,4,,0
2026-07-03,L100000100285,Fujian Hongshan power station,Fujian,24.7272766,118.7496944,1,FJ_pilot,2016.0,OMSO2e,4,,0
2026-07-03,L100000100287,Fuzhou Kemen power station,Fujian,26.3734254,119.7622418,1,FJ_pilot,2016.0,OMSO2e,4,,0
2026-07-03,L100000100287,Fuzhou Kemen power station,Fujian,26.3734254,119.7622418,1,FJ_pilot,2016.0,OMSO2e,4,,0
2026-07-03,L100000100288,Fuzhou Jiangyin power station,Fujian,25.438464,119.3396226,1,FJ_pilot,2016.0,OMSO2e,4,,0
2026-07-03,L100000100288,Fuzhou Jiangyin power station,Fujian,25.438464,119.3396226,1,FJ_pilot,2016.0,OMSO2e,4,,0
2026-07-03,L100000100291,Houshi power station,Fujian,24.3030594,118.1259157,1,FJ_pilot,2016.0,OMSO2e,4,,0
2026-07-03,L100000100291,Houshi power station,Fujian,24.3030594,118.1259157,1,FJ_pilot,2016.0,OMSO2e,4,,0
2026-07-03,L100000100293,Huaneng Fuzhou power station,Fujian,25.99083,119.4816,1,FJ_pilot,2016.0,OMSO2e,4,,0
2026-07-03,L100000100293,Huaneng Fuzhou power station,Fujian,25.99083,119.4816,1,FJ_pilot,2016.0,OMSO2e,4,,0
2026-07-03,L100000100298,Luoyuan Bay power station,Fujian,26.385334,119.789459,1,FJ_pilot,2016.0,OMSO2e,4,-0.2199999988079071,1
2026-07-03,L100000100298,Luoyuan Bay power station,Fujian,26.385334,119.789459,1,FJ_pilot,2016.0,OMSO2e,4,-0.2199999988079071,1
2026-07-03,L100000100299,Meizhouwan power station,Fujian,25.1608278,119.0333354,1,FJ_pilot,2016.0,OMSO2e,4,,0
2026-07-03,L100000100299,Meizhouwan power station,Fujian,25.1608278,119.0333354,1,FJ_pilot,2016.0,OMSO2e,4,,0
2026-07-03,L100000100300,Nanpu Quanzhou power station,Fujian,25.2044,118.94385,1,FJ_pilot,2016.0,OMSO2e,4,,0
2026-07-03,L100000100300,Nanpu Quanzhou power station,Fujian,25.2044,118.94385,1,FJ_pilot,2016.0,OMSO2e,4,,0
2026-07-03,L100000100303,Xiamen Songyu power station,Fujian,24.4460582,118.0267975,1,FJ_pilot,2016.0,OMSO2e,4,,0
2026-07-03,L100000100303,Xiamen Songyu power station,Fujian,24.4460582,118.0267975,1,FJ_pilot,2016.0,OMSO2e,4,,0
2026-07-03,L100000100318,Guazhou Changle power station,Gansu,40.6599,96.513,0,,,OMSO2e,4,0.2328571528196334,7
2026-07-03,L100000100318,Guazhou Changle power station,Gansu,40.6599,96.513,0,,,OMSO2e,4,0.2328571528196334,7
2026-07-03,L100000100320,Zhangye power station,Gansu,39.071222,100.462929,0,,,OMSO2e,4,-0.02166667021811,6
2026-07-03,L100000100320,Zhangye power station,Gansu,39.071222,100.462929,0,,,OMSO2e,4,-0.02166667021811,6
2026-07-03,L100000100326,Pingliang power station,Gansu,35.5017,106.7861,0,,,OMSO2e,4,-0.1466666609048843,6
2026-07-03,L100000100326,Pingliang power station,Gansu,35.5017,106.7861,0,,,OMSO2e,4,-0.1466666609048843,6
2026-07-03,L100000100328,Gansu Zhengning power station,Gansu,35.268403,107.975564,0,,,OMSO2e,4,,0
2026-07-03,L100000100328,Gansu Zhengning power station,Gansu,35.268403,107.975564,0,,,OMSO2e,4,,0
2026-07-03,L100000100339,Lingtai power station,Gansu,35.0858218,107.7152829,0,,,OMSO2e,4,,0
2026-07-03,L100000100339,Lingtai power station,Gansu,35.0858218,107.7152829,0,,,OMSO2e,4,,0
2026-07-03,L100000100347,Chaozhou Sanbaimen power station,Guangdong,23.56645,117.0972,1,GD_pilot,2013.0,OMSO2e,4,,0
2026-07-03,L100000100347,Chaozhou Sanbaimen power station,Guangdong,23.56645,117.0972,1,GD_pilot,2013.0,OMSO2e,4,,0
2026-07-03,L100000100354,Leizhou power station,Guangdong,20.51161,109.82803,1,GD_pilot,2013.0,OMSO2e,4,,0
2026-07-03,L100000100354,Leizhou power station,Guangdong,20.51161,109.82803,1,GD_pilot,2013.0,OMSO2e,4,,0
2026-07-03,L100000100358,Guangdong Huilai power station,Guangdong,23.0047771,116.5472388,1,GD_pilot,2013.0,OMSO2e,4,,0
2026-07-03,L100000100358,Guangdong Huilai power station,Guangdong,23.0047771,116.5472388,1,GD_pilot,2013.0,OMSO2e,4,,0
2026-07-03,L100000100359,Guangdong Huizhou Pinghai power station,Guangdong,22.6064638,114.741919,1,GD_pilot,2013.0,OMSO2e,4,,0
2026-07-03,L100000100359,Guangdong Huizhou Pinghai power station,Guangdong,22.6064638,114.741919,1,GD_pilot,2013.0,OMSO2e,4,,0
2026-07-03,L100000100361,Guangdong Shaoguan power station,Guangdong,24.682,113.605,1,GD_pilot,2013.0,OMSO2e,4,,0
2026-07-03,L100000100361,Guangdong Shaoguan power station,Guangdong,24.682,113.605,1,GD_pilot,2013.0,OMSO2e,4,,0
2026-07-03,L100000100372,Taishan power station,Guangdong,21.8667,112.9228,1,GD_pilot,2013.0,OMSO2e,4,,0
2026-07-03,L100000100372,Taishan power station,Guangdong,21.8667,112.9228,1,GD_pilot,2013.0,OMSO2e,4,,0
2026-07-03,L100000100377,Heyuan power station,Guangdong,23.567222,114.640278,1,GD_pilot,2013.0,OMSO2e,4,,0
2026-07-03,L100000100377,Heyuan power station,Guangdong,23.567222,114.640278,1,GD_pilot,2013.0,OMSO2e,4,,0
2026-07-03,L100000100381,Haimen power station,Guangdong,23.1899,116.6548,1,GD_pilot,2013.0,OMSO2e,4,,0
2026-07-03,L100000100381,Haimen power station,Guangdong,23.1899,116.6548,1,GD_pilot,2013.0,OMSO2e,4,,0
2026-07-03,L100000100390,Lufeng Jiahuwan power station,Guangdong,22.832499,115.985482,1,GD_pilot,2013.0,OMSO2e,4,,0
2026-07-03,L100000100390,Lufeng Jiahuwan power station,Guangdong,22.832499,115.985482,1,GD_pilot,2013.0,OMSO2e,4,,0
2026-07-03,L100000100392,Maoming Bohe power station,Guangdong,21.441033,111.289628,1,GD_pilot,2013.0,OMSO2e,4,,0
2026-07-03,L100000100392,Maoming Bohe power station,Guangdong,21.441033,111.289628,1,GD_pilot,2013.0,OMSO2e,4,,0
2026-07-03,L100000100402,Shenhua Qingyuan power station,Guangdong,24.417008,113.540884,1,GD_pilot,2013.0,OMSO2e,4,,0
2026-07-03,L100000100402,Shenhua Qingyuan power station,Guangdong,24.417008,113.540884,1,GD_pilot,2013.0,OMSO2e,4,,0
2026-07-03,L100000100407,Shanwei Haifeng CCS power station,Guangdong,22.7545453,115.0419938,1,GD_pilot,2013.0,OMSO2e,4,,0
2026-07-03,L100000100407,Shanwei Haifeng CCS power station,Guangdong,22.7545453,115.0419938,1,GD_pilot,2013.0,OMSO2e,4,,0
2026-07-03,L100000100408,Shanwei Honghaiwan power station,Guangdong,22.70695,115.55529,1,GD_pilot,2013.0,OMSO2e,4,,0
2026-07-03,L100000100408,Shanwei Honghaiwan power station,Guangdong,22.70695,115.55529,1,GD_pilot,2013.0,OMSO2e,4,,0
2026-07-03,L100000100417,Yangxi Zhujiang power station,Guangdong,21.54264,111.67033,1,GD_pilot,2013.0,OMSO2e,4,,0
2026-07-03,L100000100417,Yangxi Zhujiang power station,Guangdong,21.54264,111.67033,1,GD_pilot,2013.0,OMSO2e,4,,0
2026-07-03,L100000100418,Dabu power station,Guangdong,24.4057171,116.5877945,1,GD_pilot,2013.0,OMSO2e,4,,0
2026-07-03,L100000100418,Dabu power station,Guangdong,24.4057171,116.5877945,1,GD_pilot,2013.0,OMSO2e,4,,0
2026-07-03,L100000100430,Beihai Bebuwan power station,Guangxi,21.5821851,109.5816259,0,,,OMSO2e,4,,0
2026-07-03,L100000100430,Beihai Bebuwan power station,Guangxi,21.5821851,109.5816259,0,,,OMSO2e,4,,0
2026-07-03,L100000100436,Fangchenggang Qisha power station,Guangxi,21.5914,108.3946,0,,,OMSO2e,4,,0
2026-07-03,L100000100436,Fangchenggang Qisha power station,Guangxi,21.5914,108.3946,0,,,OMSO2e,4,,0
2026-07-03,L100000100437,Beihai power station,Guangxi,21.535871,109.590176,0,,,OMSO2e,4,,0
2026-07-03,L100000100437,Beihai power station,Guangxi,21.535871,109.590176,0,,,OMSO2e,4,,0
2026-07-03,L100000100444,Hezhou power station,Guangxi,24.73609,111.34667,0,,,OMSO2e,4,,0
2026-07-03,L100000100444,Hezhou power station,Guangxi,24.73609,111.34667,0,,,OMSO2e,4,,0
2026-07-03,L100000100452,Qinzhou power station,Guangxi,21.7004655,108.6243063,0,,,OMSO2e,4,,0
2026-07-03,L100000100452,Qinzhou power station,Guangxi,21.7004655,108.6243063,0,,,OMSO2e,4,,0
2026-07-03,L100000100477,Guizhou Fa'er power station,Guizhou,26.3259319,104.7705622,0,,,OMSO2e,4,,0
2026-07-03,L100000100477,Guizhou Fa'er power station,Guizhou,26.3259319,104.7705622,0,,,OMSO2e,4,,0
2026-07-03,L100000100498,Panxian-2 power station,Guizhou,25.4686039,104.5924059,0,,,OMSO2e,4,,0
2026-07-03,L100000100498,Panxian-2 power station,Guizhou,25.4686039,104.5924059,0,,,OMSO2e,4,,0
2026-07-03,L100000100502,Qianxi power station,Guizhou,27.0516899,106.1252456,0,,,OMSO2e,4,,0
2026-07-03,L100000100502,Qianxi power station,Guizhou,27.0516899,106.1252456,0,,,OMSO2e,4,,0
2026-07-03,L100000100542,China Resources Caofeidian power station,Hebei,38.9960653,118.4875488,0,,,OMSO2e,4,0.4600000381469726,6
2026-07-03,L100000100542,China Resources Caofeidian power station,Hebei,38.9960653,118.4875488,0,,,OMSO2e,4,0.4600000381469726,6
2026-07-03,L100000100551,Dingzhou power station,Hebei,38.5122064,114.8433969,0,,,OMSO2e,4,,0
2026-07-03,L100000100551,Dingzhou power station,Hebei,38.5122064,114.8433969,0,,,OMSO2e,4,,0
2026-07-03,L100000100568,Shang'an power station,Hebei,38.05729,114.19627,0,,,OMSO2e,4,,0
2026-07-03,L100000100568,Shang'an power station,Hebei,38.05729,114.19627,0,,,OMSO2e,4,,0
2026-07-03,L100000100569,Hebei Cangdong power station,Hebei,38.31,117.8786111,0,,,OMSO2e,4,-0.2450000047683715,2
2026-07-03,L100000100569,Hebei Cangdong power station,Hebei,38.31,117.8786111,0,,,OMSO2e,4,-0.2450000047683715,2
2026-07-03,L100000100591,Xibaipo power station,Hebei,38.245068,114.2149428,0,,,OMSO2e,4,,0
2026-07-03,L100000100591,Xibaipo power station,Hebei,38.245068,114.2149428,0,,,OMSO2e,4,,0
2026-07-03,L100000100598,Zhangjiakou power station,Hebei,40.6595781,114.9438143,0,,,OMSO2e,4,,0
2026-07-03,L100000100598,Zhangjiakou power station,Hebei,40.6595781,114.9438143,0,,,OMSO2e,4,,0
2026-07-03,L100000100610,Qitaihe power station,Heilongjiang,45.7604176,131.0533476,0,,,OMSO2e,4,,0
2026-07-03,L100000100610,Qitaihe power station,Heilongjiang,45.7604176,131.0533476,0,,,OMSO2e,4,,0
2026-07-03,L100000100647,Datang Sanmenxia power station,Henan,34.6855176,111.0274363,0,,,OMSO2e,4,,0
2026-07-03,L100000100647,Datang Sanmenxia power station,Henan,34.6855176,111.0274363,0,,,OMSO2e,4,,0
2026-07-03,L100000100648,Xinyang power station,Henan,32.109018,114.140877,0,,,OMSO2e,4,,0
2026-07-03,L100000100648,Xinyang power station,Henan,32.109018,114.140877,0,,,OMSO2e,4,,0
2026-07-03,L100000100650,Dengfeng-2 power station,Henan,34.39274,113.19878,0,,,OMSO2e,4,,0
2026-07-03,L100000100650,Dengfeng-2 power station,Henan,34.39274,113.19878,0,,,OMSO2e,4,,0
2026-07-03,L100000100657,Hebi power station,Henan,35.851366,114.1798126,0,,,OMSO2e,4,,0
2026-07-03,L100000100657,Hebi power station,Henan,35.851366,114.1798126,0,,,OMSO2e,4,,0
2026-07-03,L100000100664,Henan Xin'an power station,Henan,34.7413202,112.0634119,0,,,OMSO2e,4,,0
2026-07-03,L100000100664,Henan Xin'an power station,Henan,34.7413202,112.0634119,0,,,OMSO2e,4,,0
2026-07-03,L100000100665,Henan Xinmi power station,Henan,34.50003,113.59801,0,,,OMSO2e,4,,0
2026-07-03,L100000100665,Henan Xinmi power station,Henan,34.50003,113.59801,0,,,OMSO2e,4,,0
2026-07-03,L100000100677,Qinbei power station,Henan,35.1676,112.71654,0,,,OMSO2e,4,,0
2026-07-03,L100000100677,Qinbei power station,Henan,35.1676,112.71654,0,,,OMSO2e,4,,0
2026-07-03,L100000100680,Jiaozuo Danhe power station,Henan,35.188487,112.887561,0,,,OMSO2e,4,,0
2026-07-03,L100000100680,Jiaozuo Danhe power station,Henan,35.188487,112.887561,0,,,OMSO2e,4,,0
2026-07-03,L100000100696,Nanyang Yahekou power station,Henan,33.3086427,112.644474,0,,,OMSO2e,4,,0
2026-07-03,L100000100696,Nanyang Yahekou power station,Henan,33.3086427,112.644474,0,,,OMSO2e,4,,0
2026-07-03,L100000100697,Pingdingshan Luyang power station,Henan,33.82189,113.01438,0,,,OMSO2e,4,,0
2026-07-03,L100000100697,Pingdingshan Luyang power station,Henan,33.82189,113.01438,0,,,OMSO2e,4,,0
2026-07-03,L100000100707,Nanyang Neixiang power station,Henan,33.086416,111.90004,0,,,OMSO2e,4,,0
2026-07-03,L100000100707,Nanyang Neixiang power station,Henan,33.086416,111.90004,0,,,OMSO2e,4,,0
2026-07-03,L100000100716,Xuchang Yulong power station,Henan,34.1751132,113.3581446,0,,,OMSO2e,4,,0
2026-07-03,L100000100716,Xuchang Yulong power station,Henan,34.1751132,113.3581446,0,,,OMSO2e,4,,0
2026-07-03,L100000100717,Yaomeng power station,Henan,33.7379928,113.2418822,0,,,OMSO2e,4,,0
2026-07-03,L100000100717,Yaomeng power station,Henan,33.7379928,113.2418822,0,,,OMSO2e,4,,0
2026-07-03,L100000100730,Dabieshan power station,Hubei,31.1420662,114.8921871,1,HB_pilot,2014.0,OMSO2e,4,,0
2026-07-03,L100000100730,Dabieshan power station,Hubei,31.1420662,114.8921871,1,HB_pilot,2014.0,OMSO2e,4,,0
2026-07-03,L100000100737,Hanchuan power station,Hubei,30.6566087,113.9172741,1,HB_pilot,2014.0,OMSO2e,4,,0
2026-07-03,L100000100737,Hanchuan power station,Hubei,30.6566087,113.9172741,1,HB_pilot,2014.0,OMSO2e,4,,0
2026-07-03,L100000100740,Huadian Xisaishan power station,Hubei,30.203056,115.180278,1,HB_pilot,2014.0,OMSO2e,4,,0
2026-07-03,L100000100740,Huadian Xisaishan power station,Hubei,30.203056,115.180278,1,HB_pilot,2014.0,OMSO2e,4,,0
2026-07-03,L100000100742,Yangluo power station,Hubei,30.6938889,114.5430556,1,HB_pilot,2014.0,OMSO2e,4,,0
2026-07-03,L100000100742,Yangluo power station,Hubei,30.6938889,114.5430556,1,HB_pilot,2014.0,OMSO2e,4,,0
2026-07-03,L100000100745,Hubei Ezhou power station,Hubei,30.5517656,114.6420121,1,HB_pilot,2014.0,OMSO2e,4,,0
2026-07-03,L100000100745,Hubei Ezhou power station,Hubei,30.5517656,114.6420121,1,HB_pilot,2014.0,OMSO2e,4,,0
2026-07-03,L100000100751,Puqi Xianning power station,Hubei,29.66523,113.87296,1,HB_pilot,2014.0,OMSO2e,4,,0
2026-07-03,L100000100751,Puqi Xianning power station,Hubei,29.66523,113.87296,1,HB_pilot,2014.0,OMSO2e,4,,0
2026-07-03,L100000100760,Huadian Xiangyang power station,Hubei,31.9118256,112.16692,1,HB_pilot,2014.0,OMSO2e,4,,0
2026-07-03,L100000100760,Huadian Xiangyang power station,Hubei,31.9118256,112.16692,1,HB_pilot,2014.0,OMSO2e,4,,0
2026-07-03,L100000100771,Pingjiang power station,Hunan,28.808542,113.54144,0,,,OMSO2e,4,,0
2026-07-03,L100000100771,Pingjiang power station,Hunan,28.808542,113.54144,0,,,OMSO2e,4,,0
2026-07-03,L100000100773,Huaneng Yueyang power station,Hunan,29.4497908,113.1623018,0,,,OMSO2e,4,,0
2026-07-03,L100000100773,Huaneng Yueyang power station,Hunan,29.4497908,113.1623018,0,,,OMSO2e,4,,0
2026-07-03,L100000100779,Jinzhushan power station,Hunan,27.6252776,111.4823651,0,,,OMSO2e,4,,0
2026-07-03,L100000100779,Jinzhushan power station,Hunan,27.6252776,111.4823651,0,,,OMSO2e,4,,0
2026-07-03,L100000100782,Liyujiang power station,Hunan,25.940443,113.192476,0,,,OMSO2e,4,,0
2026-07-03,L100000100782,Liyujiang power station,Hunan,25.940443,113.192476,0,,,OMSO2e,4,,0
2026-07-03,L100000100785,Shenhua Yongzhou power station,Hunan,26.56672,111.492692,0,,,OMSO2e,4,,0
2026-07-03,L100000100785,Shenhua Yongzhou power station,Hunan,26.56672,111.492692,0,,,OMSO2e,4,,0
2026-07-03,L100000100786,Guoneng Yueyang power station,Hunan,29.6129835,112.754572,0,,,OMSO2e,4,,0
2026-07-03,L100000100786,Guoneng Yueyang power station,Hunan,29.6129835,112.754572,0,,,OMSO2e,4,,0
2026-07-03,L100000100788,Xiangtan power station,Hunan,27.8282792,112.9968045,0,,,OMSO2e,4,,0
2026-07-03,L100000100788,Xiangtan power station,Hunan,27.8282792,112.9968045,0,,,OMSO2e,4,,0
2026-07-03,L100000100789,Yiyang power station,Hunan,28.5966667,112.2686111,0,,,OMSO2e,4,,0
2026-07-03,L100000100789,Yiyang power station,Hunan,28.5966667,112.2686111,0,,,OMSO2e,4,,0
2026-07-03,L100000100795,Baotou Aluminum power station,Inner Mongolia,40.557202,110.148382,1,IM_voluntary,2015.0,OMSO2e,4,,0
2026-07-03,L100000100795,Baotou Aluminum power station,Inner Mongolia,40.557202,110.148382,1,IM_voluntary,2015.0,OMSO2e,4,,0
2026-07-03,L100000100811,Chifeng Yuanbaoshan power station,Inner Mongolia,42.303333,119.324167,1,IM_voluntary,2015.0,OMSO2e,4,,0
2026-07-03,L100000100811,Chifeng Yuanbaoshan power station,Inner Mongolia,42.303333,119.324167,1,IM_voluntary,2015.0,OMSO2e,4,,0
2026-07-03,L100000100813,Chuangyuan Smelter power station,Inner Mongolia,45.437275,119.427496,1,IM_voluntary,2015.0,OMSO2e,4,,0
2026-07-03,L100000100813,Chuangyuan Smelter power station,Inner Mongolia,45.437275,119.427496,1,IM_voluntary,2015.0,OMSO2e,4,,0
2026-07-03,L100000100822,Daihai power station,Inner Mongolia,40.519675,112.667725,1,IM_voluntary,2015.0,OMSO2e,4,,0
2026-07-03,L100000100822,Daihai power station,Inner Mongolia,40.519675,112.667725,1,IM_voluntary,2015.0,OMSO2e,4,,0
2026-07-03,L100000100823,Dalate power station,Inner Mongolia,40.36695,109.99604,1,IM_voluntary,2015.0,OMSO2e,4,,0
2026-07-03,L100000100823,Dalate power station,Inner Mongolia,40.36695,109.99604,1,IM_voluntary,2015.0,OMSO2e,4,,0
2026-07-03,L100000100830,Togtoh power station,Inner Mongolia,40.1952329,111.358881,1,IM_voluntary,2015.0,OMSO2e,4,,0
2026-07-03,L100000100830,Togtoh power station,Inner Mongolia,40.1952329,111.358881,1,IM_voluntary,2015.0,OMSO2e,4,,0
2026-07-03,L100000100845,Guoneng Shanghaimiao power station,Inner Mongolia,38.309587,106.679378,1,IM_voluntary,2015.0,OMSO2e,4,0.3199999928474426,1
2026-07-03,L100000100845,Guoneng Shanghaimiao power station,Inner Mongolia,38.309587,106.679378,1,IM_voluntary,2015.0,OMSO2e,4,0.3199999928474426,1
2026-07-03,L100000100847,Jiangsu Energy Group Wulagai power station,Inner Mongolia,45.955947,119.106454,1,IM_voluntary,2015.0,OMSO2e,4,-0.0819999948143959,5
2026-07-03,L100000100847,Jiangsu Energy Group Wulagai power station,Inner Mongolia,45.955947,119.106454,1,IM_voluntary,2015.0,OMSO2e,4,-0.0819999948143959,5
2026-07-03,L100000100861,Hohhot Jinshan cogen power station,Inner Mongolia,40.7072133,111.4600879,1,IM_voluntary,2015.0,OMSO2e,4,,0
2026-07-03,L100000100861,Hohhot Jinshan cogen power station,Inner Mongolia,40.7072133,111.4600879,1,IM_voluntary,2015.0,OMSO2e,4,,0
2026-07-03,L100000100863,Hongjun Aluminum power station,Inner Mongolia,45.5128784,119.6504373,1,IM_voluntary,2015.0,OMSO2e,4,,0
2026-07-03,L100000100863,Hongjun Aluminum power station,Inner Mongolia,45.5128784,119.6504373,1,IM_voluntary,2015.0,OMSO2e,4,,0
2026-07-03,L100000100887,Shangdu power station,Inner Mongolia,42.22369,116.029256,1,IM_voluntary,2015.0,OMSO2e,4,,0
2026-07-03,L100000100887,Shangdu power station,Inner Mongolia,42.22369,116.029256,1,IM_voluntary,2015.0,OMSO2e,4,,0
2026-07-03,L100000100888,Inner Mongolia Changcheng power station,Inner Mongolia,38.249688,106.657876,1,IM_voluntary,2015.0,OMSO2e,4,0.3199999928474426,1
2026-07-03,L100000100888,Inner Mongolia Changcheng power station,Inner Mongolia,38.249688,106.657876,1,IM_voluntary,2015.0,OMSO2e,4,0.3199999928474426,1
2026-07-03,L100000100894,Yimin power station,Inner Mongolia,48.549722,119.773889,1,IM_voluntary,2015.0,OMSO2e,4,-0.0850000008940696,2
2026-07-03,L100000100894,Yimin power station,Inner Mongolia,48.549722,119.773889,1,IM_voluntary,2015.0,OMSO2e,4,-0.0850000008940696,2
2026-07-03,L100000100899,Huolinhe Zhanute power station,Inner Mongolia,45.409847,119.596739,1,IM_voluntary,2015.0,OMSO2e,4,,0
2026-07-03,L100000100899,Huolinhe Zhanute power station,Inner Mongolia,45.409847,119.596739,1,IM_voluntary,2015.0,OMSO2e,4,,0
2026-07-03,L100000100910,Jining power station,Inner Mongolia,41.053294,113.153289,1,IM_voluntary,2015.0,OMSO2e,4,,0
2026-07-03,L100000100910,Jining power station,Inner Mongolia,41.053294,113.153289,1,IM_voluntary,2015.0,OMSO2e,4,,0
2026-07-03,L100000100913,Junggar Suancigou power station,Inner Mongolia,39.711744,111.200548,1,IM_voluntary,2015.0,OMSO2e,4,,0
2026-07-03,L100000100913,Junggar Suancigou power station,Inner Mongolia,39.711744,111.200548,1,IM_voluntary,2015.0,OMSO2e,4,,0
2026-07-03,L100000100933,Mengtai Beijiao power station,Inner Mongolia,39.846004,109.984888,1,IM_voluntary,2015.0,OMSO2e,4,,0
2026-07-03,L100000100933,Mengtai Beijiao power station,Inner Mongolia,39.846004,109.984888,1,IM_voluntary,2015.0,OMSO2e,4,,0
2026-07-03,L100000100937,Ordos Power Qipanjing power station,Inner Mongolia,39.385235,106.965664,1,IM_voluntary,2015.0,OMSO2e,4,,0
2026-07-03,L100000100937,Ordos Power Qipanjing power station,Inner Mongolia,39.385235,106.965664,1,IM_voluntary,2015.0,OMSO2e,4,,0
2026-07-03,L100000100948,Inner Mongolia Shenglu power station,Inner Mongolia,38.373756,106.782583,1,IM_voluntary,2015.0,OMSO2e,4,,0
2026-07-03,L100000100948,Inner Mongolia Shenglu power station,Inner Mongolia,38.373756,106.782583,1,IM_voluntary,2015.0,OMSO2e,4,,0
2026-07-03,L100000100954,Tongliao power station,Inner Mongolia,43.6713737,122.1535206,1,IM_voluntary,2015.0,OMSO2e,4,,0
2026-07-03,L100000100954,Tongliao power station,Inner Mongolia,43.6713737,122.1535206,1,IM_voluntary,2015.0,OMSO2e,4,,0
2026-07-03,L100000100969,Changshu-1 power station,Jiangsu,31.753204,120.9634852,0,,,OMSO2e,4,,0
2026-07-03,L100000100969,Changshu-1 power station,Jiangsu,31.753204,120.9634852,0,,,OMSO2e,4,,0
2026-07-03,L100000100970,Changshu-2 power station,Jiangsu,31.757764,120.97813,0,,,OMSO2e,4,,0
2026-07-03,L100000100970,Changshu-2 power station,Jiangsu,31.757764,120.97813,0,,,OMSO2e,4,,0
2026-07-03,L100000100973,Yancheng Binhai power station,Jiangsu,34.307421,120.246943,0,,,OMSO2e,4,,0
2026-07-03,L100000100973,Yancheng Binhai power station,Jiangsu,34.307421,120.246943,0,,,OMSO2e,4,,0
2026-07-03,L100000100974,Changzhou power station,Jiangsu,31.9583333,119.9925,0,,,OMSO2e,4,,0
2026-07-03,L100000100974,Changzhou power station,Jiangsu,31.9583333,119.9925,0,,,OMSO2e,4,,0
2026-07-03,L100000100982,Taizhou power station,Jiangsu,32.187206,119.914444,0,,,OMSO2e,4,,0
2026-07-03,L100000100982,Taizhou power station,Jiangsu,32.187206,119.914444,0,,,OMSO2e,4,,0
2026-07-03,L100000100984,Guohua Xuzhou power station,Jiangsu,34.395144,117.259705,0,,,OMSO2e,4,,0
2026-07-03,L100000100984,Guohua Xuzhou power station,Jiangsu,34.395144,117.259705,0,,,OMSO2e,4,,0
2026-07-03,L100000100988,Jurong power station,Jiangsu,32.19575,119.2497,0,,,OMSO2e,4,,0
2026-07-03,L100000100988,Jurong power station,Jiangsu,32.19575,119.2497,0,,,OMSO2e,4,,0
2026-07-03,L100000100993,Jinling power station,Jiangsu,32.17178,119.01977,0,,,OMSO2e,4,,0
2026-07-03,L100000100993,Jinling power station,Jiangsu,32.17178,119.01977,0,,,OMSO2e,4,,0
2026-07-03,L100000100997,Huaneng Taicang power station,Jiangsu,31.656908,121.17932,0,,,OMSO2e,4,,0
2026-07-03,L100000100997,Huaneng Taicang power station,Jiangsu,31.656908,121.17932,0,,,OMSO2e,4,,0
2026-07-03,L100000100998,Jianbi power station,Jiangsu,32.17693,119.57554,0,,,OMSO2e,4,,0
2026-07-03,L100000100998,Jianbi power station,Jiangsu,32.17693,119.57554,0,,,OMSO2e,4,,0
2026-07-03,L100000101000,Guoxin Jingjiang power station,Jiangsu,32.030487,120.383144,0,,,OMSO2e,4,,0
2026-07-03,L100000101000,Guoxin Jingjiang power station,Jiangsu,32.030487,120.383144,0,,,OMSO2e,4,,0
2026-07-03,L100000101005,Jiangsu Nantong power station,Jiangsu,32.03214,120.76956,0,,,OMSO2e,4,,0
2026-07-03,L100000101005,Jiangsu Nantong power station,Jiangsu,32.03214,120.76956,0,,,OMSO2e,4,,0
2026-07-03,L100000101008,Jiangsu Sheyanggang power station,Jiangsu,33.8185009,120.4633498,0,,,OMSO2e,4,,0
2026-07-03,L100000101008,Jiangsu Sheyanggang power station,Jiangsu,33.8185009,120.4633498,0,,,OMSO2e,4,,0
2026-07-03,L100000101018,Ligang power station,Jiangsu,31.940813,120.0766476,0,,,OMSO2e,4,,0
2026-07-03,L100000101018,Ligang power station,Jiangsu,31.940813,120.0766476,0,,,OMSO2e,4,,0
2026-07-03,L100000101020,Lusigang power station,Jiangsu,32.05858,121.72669,0,,,OMSO2e,4,,0
2026-07-03,L100000101020,Lusigang power station,Jiangsu,32.05858,121.72669,0,,,OMSO2e,4,,0
2026-07-03,L100000101039,Xinhai power station,Jiangsu,34.57789,119.12671,0,,,OMSO2e,4,,0
2026-07-03,L100000101039,Xinhai power station,Jiangsu,34.57789,119.12671,0,,,OMSO2e,4,,0
2026-07-03,L100000101044,Xuzhou Pengcheng power station,Jiangsu,34.3779,117.17591,0,,,OMSO2e,4,,0
2026-07-03,L100000101044,Xuzhou Pengcheng power station,Jiangsu,34.3779,117.17591,0,,,OMSO2e,4,,0
2026-07-03,L100000101047,Guoxin Yangzhou power station,Jiangsu,32.267778,119.419444,0,,,OMSO2e,4,,0
2026-07-03,L100000101047,Guoxin Yangzhou power station,Jiangsu,32.267778,119.419444,0,,,OMSO2e,4,,0
2026-07-03,L100000101053,Zhangjiagang Shazhou power station,Jiangsu,31.989733,120.6879258,0,,,OMSO2e,4,,0
2026-07-03,L100000101053,Zhangjiagang Shazhou power station,Jiangsu,31.989733,120.6879258,0,,,OMSO2e,4,,0
2026-07-03,L100000101057,Fuzhou power station,Jiangxi,27.7844943,116.5644289,0,,,OMSO2e,4,,0
2026-07-03,L100000101057,Fuzhou power station,Jiangxi,27.7844943,116.5644289,0,,,OMSO2e,4,,0
2026-07-03,L100000101058,Datang Xinyu power station,Jiangxi,27.679755,114.956506,0,,,OMSO2e,4,,0
2026-07-03,L100000101058,Datang Xinyu power station,Jiangxi,27.679755,114.956506,0,,,OMSO2e,4,,0
2026-07-03,L100000101060,Fengcheng power station,Jiangxi,28.1943602,115.7088424,0,,,OMSO2e,4,,0
2026-07-03,L100000101060,Fengcheng power station,Jiangxi,28.1943602,115.7088424,0,,,OMSO2e,4,,0
2026-07-03,L100000101063,Guixi power station,Jiangxi,28.28914,117.2235,0,,,OMSO2e,4,,0
2026-07-03,L100000101063,Guixi power station,Jiangxi,28.28914,117.2235,0,,,OMSO2e,4,,0
2026-07-03,L100000101068,Jinggangshan power station,Jiangxi,27.0474697,115.0203859,0,,,OMSO2e,4,,0
2026-07-03,L100000101068,Jinggangshan power station,Jiangxi,27.0474697,115.0203859,0,,,OMSO2e,4,,0
2026-07-03,L100000101069,Ruijin power station,Jiangxi,25.9244055,115.1028219,0,,,OMSO2e,4,,0
2026-07-03,L100000101069,Ruijin power station,Jiangxi,25.9244055,115.1028219,0,,,OMSO2e,4,,0
2026-07-03,L100000101074,Shenhua Jiujiang power station,Jiangxi,29.826619,116.375973,0,,,OMSO2e,4,,0
2026-07-03,L100000101074,Shenhua Jiujiang power station,Jiangxi,29.826619,116.375973,0,,,OMSO2e,4,,0
2026-07-03,L100000101114,Shuangliao power station,Jilin,43.5282178,123.4633255,0,,,OMSO2e,4,,0
2026-07-03,L100000101114,Shuangliao power station,Jilin,43.5282178,123.4633255,0,,,OMSO2e,4,,0
2026-07-03,L100000101160,Yingkou power station,Liaoning,40.303837,122.105968,0,,,OMSO2e,4,,0
2026-07-03,L100000101160,Yingkou power station,Liaoning,40.303837,122.105968,0,,,OMSO2e,4,,0
2026-07-03,L100000101178,Suizhong power station,Liaoning,40.07962,120.00959,0,,,OMSO2e,4,0.3933333158493042,6
2026-07-03,L100000101178,Suizhong power station,Liaoning,40.07962,120.00959,0,,,OMSO2e,4,0.3933333158493042,6
2026-07-03,L100000101181,Tieling power station,Liaoning,42.3450141,123.8030455,0,,,OMSO2e,4,,0
2026-07-03,L100000101181,Tieling power station,Liaoning,42.3450141,123.8030455,0,,,OMSO2e,4,,0
2026-07-03,L100000101187,Daba power station,Ningxia,37.9916691,105.9247833,0,,,OMSO2e,4,0.2649999856948852,6
2026-07-03,L100000101187,Daba power station,Ningxia,37.9916691,105.9247833,0,,,OMSO2e,4,0.2649999856948852,6
2026-07-03,L100000101190,Ningdong Fangjiazhuang power station,Ningxia,37.837649,106.666501,0,,,OMSO2e,4,-0.050000000745058,2
2026-07-03,L100000101190,Ningdong Fangjiazhuang power station,Ningxia,37.837649,106.666501,0,,,OMSO2e,4,-0.050000000745058,2
2026-07-03,L100000101191,Shizuishan power station,Ningxia,39.2848224,106.7890371,0,,,OMSO2e,4,,0
2026-07-03,L100000101191,Shizuishan power station,Ningxia,39.2848224,106.7890371,0,,,OMSO2e,4,,0
2026-07-03,L100000101192,Ningdong power station,Ningxia,37.844757,106.786777,0,,,OMSO2e,4,,0
2026-07-03,L100000101192,Ningdong power station,Ningxia,37.844757,106.786777,0,,,OMSO2e,4,,0
2026-07-03,L100000101203,Ningxia Lingwu power station,Ningxia,38.148333,106.345833,0,,,OMSO2e,4,0.135000005364418,4
2026-07-03,L100000101203,Ningxia Lingwu power station,Ningxia,38.148333,106.345833,0,,,OMSO2e,4,0.135000005364418,4
2026-07-03,L100000101219,Yuanyang Lake power station,Ningxia,38.0575,106.691389,0,,,OMSO2e,4,0.1449999958276748,2
2026-07-03,L100000101219,Yuanyang Lake power station,Ningxia,38.0575,106.691389,0,,,OMSO2e,4,0.1449999958276748,2
2026-07-03,L100000101244,Fugu Qingshuichuan power station,Shaanxi,39.2048853,111.1190328,0,,,OMSO2e,4,,0
2026-07-03,L100000101244,Fugu Qingshuichuan power station,Shaanxi,39.2048853,111.1190328,0,,,OMSO2e,4,,0
2026-07-03,L100000101246,Guodian Baoji-2 power station,Shaanxi,34.4980333,107.2181511,0,,,OMSO2e,4,-0.3000000119209289,5
2026-07-03,L100000101246,Guodian Baoji-2 power station,Shaanxi,34.4980333,107.2181511,0,,,OMSO2e,4,-0.3000000119209289,5
2026-07-03,L100000101252,Hancheng power station,Shaanxi,35.6007189,110.5557051,0,,,OMSO2e,4,,0
2026-07-03,L100000101252,Hancheng power station,Shaanxi,35.6007189,110.5557051,0,,,OMSO2e,4,,0
2026-07-03,L100000101265,Leilongwan power station,Shaanxi,37.925376,109.101678,0,,,OMSO2e,4,,0
2026-07-03,L100000101265,Leilongwan power station,Shaanxi,37.925376,109.101678,0,,,OMSO2e,4,,0
2026-07-03,L100000101269,Pucheng power station,Shaanxi,34.9779314,109.7999759,0,,,OMSO2e,4,,0
2026-07-03,L100000101269,Pucheng power station,Shaanxi,34.9779314,109.7999759,0,,,OMSO2e,4,,0
2026-07-03,L100000101277,Fugu Miaogoumen power station,Shaanxi,39.208319,110.784956,0,,,OMSO2e,4,,0
2026-07-03,L100000101277,Fugu Miaogoumen power station,Shaanxi,39.208319,110.784956,0,,,OMSO2e,4,,0
2026-07-03,L100000101278,Jinjie power station,Shaanxi,38.7368389,110.1661297,0,,,OMSO2e,4,,0
2026-07-03,L100000101278,Jinjie power station,Shaanxi,38.7368389,110.1661297,0,,,OMSO2e,4,,0
2026-07-03,L100000101297,Yulin Hengshan power station,Shaanxi,38.03372,109.415067,0,,,OMSO2e,4,,0
2026-07-03,L100000101297,Yulin Hengshan power station,Shaanxi,38.03372,109.415067,0,,,OMSO2e,4,,0
2026-07-03,L100000101307,Binzhou Boxing power station,Shandong,37.27629,118.330855,0,,,OMSO2e,4,,0
2026-07-03,L100000101307,Binzhou Boxing power station,Shandong,37.27629,118.330855,0,,,OMSO2e,4,,0
2026-07-03,L100000101316,Datang Dongying power station,Shandong,38.113151,118.910229,0,,,OMSO2e,4,-0.3714285790920257,7
2026-07-03,L100000101316,Datang Dongying power station,Shandong,38.113151,118.910229,0,,,OMSO2e,4,-0.3714285790920257,7
2026-07-03,L100000101332,Guohua Shouguang power station,Shandong,37.269686,118.906738,0,,,OMSO2e,4,,0
2026-07-03,L100000101332,Guohua Shouguang power station,Shandong,37.269686,118.906738,0,,,OMSO2e,4,,0
2026-07-03,L100000101339,Huadian Laizhou power station,Shandong,37.432222,120.018056,0,,,OMSO2e,4,,0
2026-07-03,L100000101339,Huadian Laizhou power station,Shandong,37.432222,120.018056,0,,,OMSO2e,4,,0
2026-07-03,L100000101341,Shiliquan power station,Shandong,34.814444,117.573056,0,,,OMSO2e,4,,0
2026-07-03,L100000101341,Shiliquan power station,Shandong,34.814444,117.573056,0,,,OMSO2e,4,,0
2026-07-03,L100000101342,Huadian Weifang power station,Shandong,36.6656392,119.2632115,0,,,OMSO2e,4,,0
2026-07-03,L100000101342,Huadian Weifang power station,Shandong,36.6656392,119.2632115,0,,,OMSO2e,4,,0
2026-07-03,L100000101344,Huaneng Dezhou power station,Shandong,37.449349,116.2415516,0,,,OMSO2e,4,,0
2026-07-03,L100000101344,Huaneng Dezhou power station,Shandong,37.449349,116.2415516,0,,,OMSO2e,4,,0
2026-07-03,L100000101348,Huaneng Laiwu power station,Shandong,36.1342702,117.6849675,0,,,OMSO2e,4,,0
2026-07-03,L100000101348,Huaneng Laiwu power station,Shandong,36.1342702,117.6849675,0,,,OMSO2e,4,,0
2026-07-03,L100000101383,Rizhao power station,Shandong,35.3454727,119.5104761,0,,,OMSO2e,4,,0
2026-07-03,L100000101383,Rizhao power station,Shandong,35.3454727,119.5104761,0,,,OMSO2e,4,,0
2026-07-03,L100000101399,Shiheng-2 power station,Shandong,36.2123187,116.5136301,0,,,OMSO2e,4,,0
2026-07-03,L100000101399,Shiheng-2 power station,Shandong,36.2123187,116.5136301,0,,,OMSO2e,4,,0
2026-07-03,L100000101409,Weihai power station,Shandong,37.44899,122.20724,0,,,OMSO2e,4,,0
2026-07-03,L100000101409,Weihai power station,Shandong,37.44899,122.20724,0,,,OMSO2e,4,,0
2026-07-03,L100000101415,Weiqiao Huji power station,Shandong,37.347901,117.781587,0,,,OMSO2e,4,,0
2026-07-03,L100000101415,Weiqiao Huji power station,Shandong,37.347901,117.781587,0,,,OMSO2e,4,,0
2026-07-03,L100000101420,Weiqiao Zouping-1 power station,Shandong,36.9106725,117.7853572,0,,,OMSO2e,4,,0
2026-07-03,L100000101420,Weiqiao Zouping-1 power station,Shandong,36.9106725,117.7853572,0,,,OMSO2e,4,,0
2026-07-03,L100000101425,Weiqiao Zouping-7 power station,Shandong,36.896297,117.860459,0,,,OMSO2e,4,,0
2026-07-03,L100000101425,Weiqiao Zouping-7 power station,Shandong,36.896297,117.860459,0,,,OMSO2e,4,,0
2026-07-03,L100000101429,Shandong Xinfa Xinyuan power station,Shandong,36.615766,116.225215,0,,,OMSO2e,4,,0
2026-07-03,L100000101429,Shandong Xinfa Xinyuan power station,Shandong,36.615766,116.225215,0,,,OMSO2e,4,,0
2026-07-03,L100000101442,Zouxian power station,Shandong,35.3255698,116.9260912,0,,,OMSO2e,4,,0
2026-07-03,L100000101442,Zouxian power station,Shandong,35.3255698,116.9260912,0,,,OMSO2e,4,,0
2026-07-03,L100000101444,Shanghai Caojing power station,Shanghai,30.76073,121.4008,1,SH_pilot,2013.0,OMSO2e,4,,0
2026-07-03,L100000101444,Shanghai Caojing power station,Shanghai,30.76073,121.4008,1,SH_pilot,2013.0,OMSO2e,4,,0
2026-07-03,L100000101447,Shanghai Shidongkou power station,Shanghai,31.4650719,121.4048433,1,SH_pilot,2013.0,OMSO2e,4,,0
2026-07-03,L100000101447,Shanghai Shidongkou power station,Shanghai,31.4650719,121.4048433,1,SH_pilot,2013.0,OMSO2e,4,,0
2026-07-03,L100000101448,Waigaoqiao power station,Shanghai,31.3536333,121.6002746,1,SH_pilot,2013.0,OMSO2e,4,,0
2026-07-03,L100000101448,Waigaoqiao power station,Shanghai,31.3536333,121.6002746,1,SH_pilot,2013.0,OMSO2e,4,,0
2026-07-03,L100000101515,Shanxi Zhaoguang power station,Shanxi,36.5537987,111.6917736,0,,,OMSO2e,4,,0
2026-07-03,L100000101515,Shanxi Zhaoguang power station,Shanxi,36.5537987,111.6917736,0,,,OMSO2e,4,,0
2026-07-03,L100000101518,Shenhua Hequ power station,Shanxi,39.3830746,111.1843014,0,,,OMSO2e,4,,0
2026-07-03,L100000101518,Shenhua Hequ power station,Shanxi,39.3830746,111.1843014,0,,,OMSO2e,4,,0
2026-07-03,L100000101519,Shentou power station,Shanxi,39.550981,112.488736,0,,,OMSO2e,4,,0
2026-07-03,L100000101519,Shentou power station,Shanxi,39.550981,112.488736,0,,,OMSO2e,4,,0
2026-07-03,L100000101529,Tongmei Tashan power station,Shanxi,39.9249917,113.0839199,0,,,OMSO2e,4,,0
2026-07-03,L100000101529,Tongmei Tashan power station,Shanxi,39.9249917,113.0839199,0,,,OMSO2e,4,,0
2026-07-03,L100000101542,Xishan Gujiao power station,Shanxi,37.8952266,112.0930982,0,,,OMSO2e,4,,0
2026-07-03,L100000101542,Xishan Gujiao power station,Shanxi,37.8952266,112.0930982,0,,,OMSO2e,4,,0
2026-07-03,L100000101543,Yangcheng power station,Shanxi,35.466123,112.5742039,0,,,OMSO2e,4,,0
2026-07-03,L100000101543,Yangcheng power station,Shanxi,35.466123,112.5742039,0,,,OMSO2e,4,,0
2026-07-03,L100000101551,Yuguang Coal power station,Shanxi,38.078135,113.482791,0,,,OMSO2e,4,,0
2026-07-03,L100000101551,Yuguang Coal power station,Shanxi,38.078135,113.482791,0,,,OMSO2e,4,,0
2026-07-03,L100000101554,Zhangshan power station,Shanxi,36.326115,113.081402,0,,,OMSO2e,4,,0
2026-07-03,L100000101554,Zhangshan power station,Shanxi,36.326115,113.081402,0,,,OMSO2e,4,,0
2026-07-03,L100000101555,Changzhi power station,Shanxi,36.3226498,113.0816012,0,,,OMSO2e,4,,0
2026-07-03,L100000101555,Changzhi power station,Shanxi,36.3226498,113.0816012,0,,,OMSO2e,4,,0
2026-07-03,L100000101567,Guang'an power station,Sichuan,30.5288201,106.8264802,0,,,OMSO2e,4,,0
2026-07-03,L100000101567,Guang'an power station,Sichuan,30.5288201,106.8264802,0,,,OMSO2e,4,,0
2026-07-03,L100000101580,Tianming power station,Sichuan,31.869616,104.910148,0,,,OMSO2e,4,,0
2026-07-03,L100000101580,Tianming power station,Sichuan,31.869616,104.910148,0,,,OMSO2e,4,,0
2026-07-03,L100000101588,Panshan power station,Tianjin,39.9801382,117.4630704,1,TJ_pilot,2013.0,OMSO2e,4,,0
2026-07-03,L100000101588,Panshan power station,Tianjin,39.9801382,117.4630704,1,TJ_pilot,2013.0,OMSO2e,4,,0
2026-07-03,L100000101589,Tianjin Beijiang power station,Tianjin,39.2193209,117.9298639,1,TJ_pilot,2013.0,OMSO2e,4,0.2900000214576721,4
2026-07-03,L100000101589,Tianjin Beijiang power station,Tianjin,39.2193209,117.9298639,1,TJ_pilot,2013.0,OMSO2e,4,0.2900000214576721,4
2026-07-03,L100000101617,East Hope Metals Wucaiwan power station,Xinjiang,44.6829461,89.1158667,0,,,OMSO2e,4,,0
2026-07-03,L100000101617,East Hope Metals Wucaiwan power station,Xinjiang,44.6829461,89.1158667,0,,,OMSO2e,4,,0
2026-07-03,L100000101668,Xinjiang Qiya Smelter power station,Xinjiang,44.8955881,89.049629,0,,,OMSO2e,4,,0
2026-07-03,L100000101668,Xinjiang Qiya Smelter power station,Xinjiang,44.8955881,89.049629,0,,,OMSO2e,4,,0
2026-07-03,L100000101675,Shenhua Guoneng Hami power station,Xinjiang,42.411226,93.009166,0,,,OMSO2e,4,0.4342857003211975,7
2026-07-03,L100000101675,Shenhua Guoneng Hami power station,Xinjiang,42.411226,93.009166,0,,,OMSO2e,4,0.4342857003211975,7
2026-07-03,L100000101677,Shenhua Zhundong Wucaiwan power station,Xinjiang,44.795533,89.149825,0,,,OMSO2e,4,,0
2026-07-03,L100000101677,Shenhua Zhundong Wucaiwan power station,Xinjiang,44.795533,89.149825,0,,,OMSO2e,4,,0
2026-07-03,L100000101681,Tianchi Changji cogen power station,Xinjiang,44.004362,87.171961,0,,,OMSO2e,4,,0
2026-07-03,L100000101681,Tianchi Changji cogen power station,Xinjiang,44.004362,87.171961,0,,,OMSO2e,4,,0
2026-07-03,L100000101682,Tianchi Energy Zhundong Wucaiwan power station,Xinjiang,44.8524482,89.1959171,0,,,OMSO2e,4,,0
2026-07-03,L100000101682,Tianchi Energy Zhundong Wucaiwan power station,Xinjiang,44.8524482,89.1959171,0,,,OMSO2e,4,,0
2026-07-03,L100000101696,Wucaiwan Bei'er power station,Xinjiang,44.8388927,89.1908616,0,,,OMSO2e,4,,0
2026-07-03,L100000101696,Wucaiwan Bei'er power station,Xinjiang,44.8388927,89.1908616,0,,,OMSO2e,4,,0
2026-07-03,L100000101697,Wujiaqu power station,Xinjiang,44.26892,87.687877,0,,,OMSO2e,4,,0
2026-07-03,L100000101697,Wujiaqu power station,Xinjiang,44.26892,87.687877,0,,,OMSO2e,4,,0
2026-07-03,L100000101709,XPCC Shihezi Cogen power station,Xinjiang,44.428094,86.093609,0,,,OMSO2e,4,,0
2026-07-03,L100000101709,XPCC Shihezi Cogen power station,Xinjiang,44.428094,86.093609,0,,,OMSO2e,4,,0
2026-07-03,L100000101716,Diandong power station,Yunnan,25.19943,104.6819,0,,,OMSO2e,4,,0
2026-07-03,L100000101716,Diandong power station,Yunnan,25.19943,104.6819,0,,,OMSO2e,4,,0
2026-07-03,L100000101730,Wushashan power station,Zhejiang,29.505411,121.662934,0,,,OMSO2e,4,0.3783333301544189,6
2026-07-03,L100000101730,Wushashan power station,Zhejiang,29.505411,121.662934,0,,,OMSO2e,4,0.3783333301544189,6
2026-07-03,L100000101731,Beilun power station,Zhejiang,29.9427256,121.8131207,0,,,OMSO2e,4,0.9300000071525574,3
2026-07-03,L100000101731,Beilun power station,Zhejiang,29.9427256,121.8131207,0,,,OMSO2e,4,0.9300000071525574,3
2026-07-03,L100000101732,Guohua Zhoushan power station,Zhejiang,30.103996,122.184817,0,,,OMSO2e,4,0.9300000071525574,2
2026-07-03,L100000101732,Guohua Zhoushan power station,Zhejiang,30.103996,122.184817,0,,,OMSO2e,4,0.9300000071525574,2
2026-07-03,L100000101736,Yuhuan power station,Zhejiang,28.1151529,121.1391369,0,,,OMSO2e,4,-0.1559999883174896,5
2026-07-03,L100000101736,Yuhuan power station,Zhejiang,28.1151529,121.1391369,0,,,OMSO2e,4,-0.1559999883174896,5
2026-07-03,L100000101737,China Resources Wenzhou power station,Zhejiang,27.4974228,120.6631851,0,,,OMSO2e,4,-0.0199999958276748,6
2026-07-03,L100000101737,China Resources Wenzhou power station,Zhejiang,27.4974228,120.6631851,0,,,OMSO2e,4,-0.0199999958276748,6
2026-07-03,L100000101739,Jiaxing power station,Zhejiang,30.62804,121.14422,0,,,OMSO2e,4,,0
2026-07-03,L100000101739,Jiaxing power station,Zhejiang,30.62804,121.14422,0,,,OMSO2e,4,,0
2026-07-03,L100000101742,Lanxi power station,Zhejiang,29.1866175,119.5068449,0,,,OMSO2e,4,,0
2026-07-03,L100000101742,Lanxi power station,Zhejiang,29.1866175,119.5068449,0,,,OMSO2e,4,,0
2026-07-03,L100000101747,Ninghai power station,Zhejiang,29.4817622,121.5114792,0,,,OMSO2e,4,0.3425000011920929,4
2026-07-03,L100000101747,Ninghai power station,Zhejiang,29.4817622,121.5114792,0,,,OMSO2e,4,0.3425000011920929,4
2026-07-03,L100000101750,Zhejiang Taizhou-2 power station,Zhejiang,29.012395,121.695507,0,,,OMSO2e,4,0.0,6
2026-07-03,L100000101750,Zhejiang Taizhou-2 power station,Zhejiang,29.012395,121.695507,0,,,OMSO2e,4,0.0,6
2026-07-03,L100000101761,Zheneng Liuheng power station,Zhejiang,29.7593387,122.1266091,0,,,OMSO2e,4,0.9300000071525574,6
2026-07-03,L100000101761,Zheneng Liuheng power station,Zhejiang,29.7593387,122.1266091,0,,,OMSO2e,4,0.9300000071525574,6
2026-07-03,L100000101762,Zheneng Wenzhou power station,Zhejiang,27.9957103,120.8358582,0,,,OMSO2e,4,-0.0883333310484886,6
2026-07-03,L100000101762,Zheneng Wenzhou power station,Zhejiang,27.9957103,120.8358582,0,,,OMSO2e,4,-0.0883333310484886,6
2026-07-03,L100000101763,Zheneng Yueqing power station,Zhejiang,28.1704074,121.0889375,0,,,OMSO2e,4,-0.1083333268761634,6
2026-07-03,L100000101763,Zheneng Yueqing power station,Zhejiang,28.1704074,121.0889375,0,,,OMSO2e,4,-0.1083333268761634,6
2026-07-03,L100000104506,Fu County power station,Shaanxi,35.858656,109.2167,0,,,OMSO2e,4,,0
2026-07-03,L100000104506,Fu County power station,Shaanxi,35.858656,109.2167,0,,,OMSO2e,4,,0
2026-07-03,L100000104758,Hubei Yicheng power station,Hubei,31.781843,112.129461,1,HB_pilot,2014.0,OMSO2e,4,,0
2026-07-03,L100000104758,Hubei Yicheng power station,Hubei,31.781843,112.129461,1,HB_pilot,2014.0,OMSO2e,4,,0
2026-07-03,L100000104917,Shanggao power station,Jiangxi,28.185566,114.825697,0,,,OMSO2e,4,,0
2026-07-03,L100000104917,Shanggao power station,Jiangxi,28.185566,114.825697,0,,,OMSO2e,4,,0
2026-07-03,L100000104944,Hami-Chongqing UHV Transmission Line power station,Xinjiang,44.53792,92.926001,0,,,OMSO2e,4,0.0900000035762786,6
2026-07-03,L100000104944,Hami-Chongqing UHV Transmission Line power station,Xinjiang,44.53792,92.926001,0,,,OMSO2e,4,0.0900000035762786,6
2026-07-03,L100000104970,Jiangsu Guoxin Shazhou power station,Jiangsu,31.985654,120.684419,0,,,OMSO2e,4,,0
2026-07-03,L100000104970,Jiangsu Guoxin Shazhou power station,Jiangsu,31.985654,120.684419,0,,,OMSO2e,4,,0
2026-07-03,L100000105025,Datong-2 power station,Shanxi,40.0279118,113.2933181,0,,,OMSO2e,4,,0
2026-07-03,L100000105025,Datong-2 power station,Shanxi,40.0279118,113.2933181,0,,,OMSO2e,4,,0
2026-07-02,L100000100200,Anhui Bengbu power station,Anhui,32.78444,117.11472,0,,,OMSO2e,4,,0
2026-07-02,L100000100201,Anhui Huainan Panji power station,Anhui,32.76917,116.759595,0,,,OMSO2e,4,,0
2026-07-02,L100000100205,Chizhou Jiuhua power station,Anhui,30.7531097,117.5906618,0,,,OMSO2e,4,,0
2026-07-02,L100000100206,Pingwei power station,Anhui,32.68417,116.901389,0,,,OMSO2e,4,,0
2026-07-02,L100000100211,Fuyang power station,Anhui,33.00444,115.845278,0,,,OMSO2e,4,,0
2026-07-02,L100000100218,Wuhu power station,Anhui,31.2372348,118.1497184,0,,,OMSO2e,4,,0
2026-07-02,L100000100222,Huaibei Pingshan power station,Anhui,33.83392,116.831102,0,,,OMSO2e,4,,0
2026-07-02,L100000100223,Huainan Fengtai power station,Anhui,32.758,116.65,0,,,OMSO2e,4,,0
2026-07-02,L100000100225,Huainan Luohe power station,Anhui,32.68455,117.07511,0,,,OMSO2e,4,,0
2026-07-02,L100000100226,Huainan Tianji power station,Anhui,32.7465,116.8127,0,,,OMSO2e,4,,0
2026-07-02,L100000100233,Lixin Banji power station,Anhui,32.897245,116.242561,0,,,OMSO2e,4,,0
2026-07-02,L100000100237,Anqing power station,Anhui,30.541,117.1717,0,,,OMSO2e,4,,0
2026-07-02,L100000100240,Suzhou Qianyingzi power station,Anhui,33.5107954,116.9261351,0,,,OMSO2e,4,,0
2026-07-02,L100000100242,Tongling Wanneng power station,Anhui,30.88181,117.76439,0,,,OMSO2e,4,,0
2026-07-02,L100000100245,Ma'anshan power station,Anhui,31.750737,118.4796925,0,,,OMSO2e,4,,0
2026-07-02,L100000100269,Chongqing Shuanghuai power station,Chongqing,30.1611074,106.5480599,1,CQ_pilot,2013.0,OMSO2e,4,,0
2026-07-02,L100000100272,Luohuang power station,Chongqing,29.347364,106.433182,1,CQ_pilot,2013.0,OMSO2e,4,,0
2026-07-02,L100000100276,Chongqing Wanzhou power station,Chongqing,30.677938,108.398976,1,CQ_pilot,2013.0,OMSO2e,4,,0
2026-07-02,L100000100283,Ningde power station,Fujian,26.7574469,119.7353942,1,FJ_pilot,2016.0,OMSO2e,4,,0
2026-07-02,L100000100285,Fujian Hongshan power station,Fujian,24.7272766,118.7496944,1,FJ_pilot,2016.0,OMSO2e,4,,0
2026-07-02,L100000100287,Fuzhou Kemen power station,Fujian,26.3734254,119.7622418,1,FJ_pilot,2016.0,OMSO2e,4,,0
2026-07-02,L100000100288,Fuzhou Jiangyin power station,Fujian,25.438464,119.3396226,1,FJ_pilot,2016.0,OMSO2e,4,,0
2026-07-02,L100000100291,Houshi power station,Fujian,24.3030594,118.1259157,1,FJ_pilot,2016.0,OMSO2e,4,,0
2026-07-02,L100000100293,Huaneng Fuzhou power station,Fujian,25.99083,119.4816,1,FJ_pilot,2016.0,OMSO2e,4,,0
2026-07-02,L100000100298,Luoyuan Bay power station,Fujian,26.385334,119.789459,1,FJ_pilot,2016.0,OMSO2e,4,,0
2026-07-02,L100000100299,Meizhouwan power station,Fujian,25.1608278,119.0333354,1,FJ_pilot,2016.0,OMSO2e,4,,0
2026-07-02,L100000100300,Nanpu Quanzhou power station,Fujian,25.2044,118.94385,1,FJ_pilot,2016.0,OMSO2e,4,,0
2026-07-02,L100000100303,Xiamen Songyu power station,Fujian,24.4460582,118.0267975,1,FJ_pilot,2016.0,OMSO2e,4,,0
2026-07-02,L100000100318,Guazhou Changle power station,Gansu,40.6599,96.513,0,,,OMSO2e,4,,0
2026-07-02,L100000100320,Zhangye power station,Gansu,39.071222,100.462929,0,,,OMSO2e,4,,0
2026-07-02,L100000100326,Pingliang power station,Gansu,35.5017,106.7861,0,,,OMSO2e,4,,0
2026-07-02,L100000100328,Gansu Zhengning power station,Gansu,35.268403,107.975564,0,,,OMSO2e,4,,0
2026-07-02,L100000100339,Lingtai power station,Gansu,35.0858218,107.7152829,0,,,OMSO2e,4,,0
2026-07-02,L100000100347,Chaozhou Sanbaimen power station,Guangdong,23.56645,117.0972,1,GD_pilot,2013.0,OMSO2e,4,,0
2026-07-02,L100000100354,Leizhou power station,Guangdong,20.51161,109.82803,1,GD_pilot,2013.0,OMSO2e,4,,0
2026-07-02,L100000100358,Guangdong Huilai power station,Guangdong,23.0047771,116.5472388,1,GD_pilot,2013.0,OMSO2e,4,,0
2026-07-02,L100000100359,Guangdong Huizhou Pinghai power station,Guangdong,22.6064638,114.741919,1,GD_pilot,2013.0,OMSO2e,4,,0
2026-07-02,L100000100361,Guangdong Shaoguan power station,Guangdong,24.682,113.605,1,GD_pilot,2013.0,OMSO2e,4,,0
2026-07-02,L100000100372,Taishan power station,Guangdong,21.8667,112.9228,1,GD_pilot,2013.0,OMSO2e,4,,0
2026-07-02,L100000100377,Heyuan power station,Guangdong,23.567222,114.640278,1,GD_pilot,2013.0,OMSO2e,4,,0
2026-07-02,L100000100381,Haimen power station,Guangdong,23.1899,116.6548,1,GD_pilot,2013.0,OMSO2e,4,,0
2026-07-02,L100000100390,Lufeng Jiahuwan power station,Guangdong,22.832499,115.985482,1,GD_pilot,2013.0,OMSO2e,4,,0
2026-07-02,L100000100392,Maoming Bohe power station,Guangdong,21.441033,111.289628,1,GD_pilot,2013.0,OMSO2e,4,,0
2026-07-02,L100000100402,Shenhua Qingyuan power station,Guangdong,24.417008,113.540884,1,GD_pilot,2013.0,OMSO2e,4,,0
2026-07-02,L100000100407,Shanwei Haifeng CCS power station,Guangdong,22.7545453,115.0419938,1,GD_pilot,2013.0,OMSO2e,4,,0
2026-07-02,L100000100408,Shanwei Honghaiwan power station,Guangdong,22.70695,115.55529,1,GD_pilot,2013.0,OMSO2e,4,,0
2026-07-02,L100000100417,Yangxi Zhujiang power station,Guangdong,21.54264,111.67033,1,GD_pilot,2013.0,OMSO2e,4,,0
2026-07-02,L100000100418,Dabu power station,Guangdong,24.4057171,116.5877945,1,GD_pilot,2013.0,OMSO2e,4,,0
2026-07-02,L100000100430,Beihai Bebuwan power station,Guangxi,21.5821851,109.5816259,0,,,OMSO2e,4,,0
2026-07-02,L100000100436,Fangchenggang Qisha power station,Guangxi,21.5914,108.3946,0,,,OMSO2e,4,0.1000000014901161,5
2026-07-02,L100000100437,Beihai power station,Guangxi,21.535871,109.590176,0,,,OMSO2e,4,,0
2026-07-02,L100000100444,Hezhou power station,Guangxi,24.73609,111.34667,0,,,OMSO2e,4,,0
2026-07-02,L100000100452,Qinzhou power station,Guangxi,21.7004655,108.6243063,0,,,OMSO2e,4,0.1000000014901161,3
2026-07-02,L100000100477,Guizhou Fa'er power station,Guizhou,26.3259319,104.7705622,0,,,OMSO2e,4,,0
2026-07-02,L100000100498,Panxian-2 power station,Guizhou,25.4686039,104.5924059,0,,,OMSO2e,4,,0
2026-07-02,L100000100502,Qianxi power station,Guizhou,27.0516899,106.1252456,0,,,OMSO2e,4,,0
2026-07-02,L100000100542,China Resources Caofeidian power station,Hebei,38.9960653,118.4875488,0,,,OMSO2e,4,,0
2026-07-02,L100000100551,Dingzhou power station,Hebei,38.5122064,114.8433969,0,,,OMSO2e,4,,0
2026-07-02,L100000100568,Shang'an power station,Hebei,38.05729,114.19627,0,,,OMSO2e,4,,0
2026-07-02,L100000100569,Hebei Cangdong power station,Hebei,38.31,117.8786111,0,,,OMSO2e,4,,0
2026-07-02,L100000100591,Xibaipo power station,Hebei,38.245068,114.2149428,0,,,OMSO2e,4,,0
2026-07-02,L100000100598,Zhangjiakou power station,Hebei,40.6595781,114.9438143,0,,,OMSO2e,4,,0
2026-07-02,L100000100610,Qitaihe power station,Heilongjiang,45.7604176,131.0533476,0,,,OMSO2e,4,,0
2026-07-02,L100000100647,Datang Sanmenxia power station,Henan,34.6855176,111.0274363,0,,,OMSO2e,4,,0
2026-07-02,L100000100648,Xinyang power station,Henan,32.109018,114.140877,0,,,OMSO2e,4,,0
2026-07-02,L100000100650,Dengfeng-2 power station,Henan,34.39274,113.19878,0,,,OMSO2e,4,,0
2026-07-02,L100000100657,Hebi power station,Henan,35.851366,114.1798126,0,,,OMSO2e,4,,0
2026-07-02,L100000100664,Henan Xin'an power station,Henan,34.7413202,112.0634119,0,,,OMSO2e,4,,0
2026-07-02,L100000100665,Henan Xinmi power station,Henan,34.50003,113.59801,0,,,OMSO2e,4,,0
2026-07-02,L100000100677,Qinbei power station,Henan,35.1676,112.71654,0,,,OMSO2e,4,,0
2026-07-02,L100000100680,Jiaozuo Danhe power station,Henan,35.188487,112.887561,0,,,OMSO2e,4,,0
2026-07-02,L100000100696,Nanyang Yahekou power station,Henan,33.3086427,112.644474,0,,,OMSO2e,4,,0
2026-07-02,L100000100697,Pingdingshan Luyang power station,Henan,33.82189,113.01438,0,,,OMSO2e,4,,0
2026-07-02,L100000100707,Nanyang Neixiang power station,Henan,33.086416,111.90004,0,,,OMSO2e,4,,0
2026-07-02,L100000100716,Xuchang Yulong power station,Henan,34.1751132,113.3581446,0,,,OMSO2e,4,,0
2026-07-02,L100000100717,Yaomeng power station,Henan,33.7379928,113.2418822,0,,,OMSO2e,4,,0
2026-07-02,L100000100730,Dabieshan power station,Hubei,31.1420662,114.8921871,1,HB_pilot,2014.0,OMSO2e,4,,0
2026-07-02,L100000100737,Hanchuan power station,Hubei,30.6566087,113.9172741,1,HB_pilot,2014.0,OMSO2e,4,,0
2026-07-02,L100000100740,Huadian Xisaishan power station,Hubei,30.203056,115.180278,1,HB_pilot,2014.0,OMSO2e,4,,0
2026-07-02,L100000100742,Yangluo power station,Hubei,30.6938889,114.5430556,1,HB_pilot,2014.0,OMSO2e,4,,0
2026-07-02,L100000100745,Hubei Ezhou power station,Hubei,30.5517656,114.6420121,1,HB_pilot,2014.0,OMSO2e,4,,0
2026-07-02,L100000100751,Puqi Xianning power station,Hubei,29.66523,113.87296,1,HB_pilot,2014.0,OMSO2e,4,,0
2026-07-02,L100000100760,Huadian Xiangyang power station,Hubei,31.9118256,112.16692,1,HB_pilot,2014.0,OMSO2e,4,,0
2026-07-02,L100000100771,Pingjiang power station,Hunan,28.808542,113.54144,0,,,OMSO2e,4,,0
2026-07-02,L100000100773,Huaneng Yueyang power station,Hunan,29.4497908,113.1623018,0,,,OMSO2e,4,,0
2026-07-02,L100000100779,Jinzhushan power station,Hunan,27.6252776,111.4823651,0,,,OMSO2e,4,,0
2026-07-02,L100000100782,Liyujiang power station,Hunan,25.940443,113.192476,0,,,OMSO2e,4,,0
2026-07-02,L100000100785,Shenhua Yongzhou power station,Hunan,26.56672,111.492692,0,,,OMSO2e,4,,0
2026-07-02,L100000100786,Guoneng Yueyang power station,Hunan,29.6129835,112.754572,0,,,OMSO2e,4,,0
2026-07-02,L100000100788,Xiangtan power station,Hunan,27.8282792,112.9968045,0,,,OMSO2e,4,,0
2026-07-02,L100000100789,Yiyang power station,Hunan,28.5966667,112.2686111,0,,,OMSO2e,4,,0
2026-07-02,L100000100795,Baotou Aluminum power station,Inner Mongolia,40.557202,110.148382,1,IM_voluntary,2015.0,OMSO2e,4,,0
2026-07-02,L100000100811,Chifeng Yuanbaoshan power station,Inner Mongolia,42.303333,119.324167,1,IM_voluntary,2015.0,OMSO2e,4,,0
2026-07-02,L100000100813,Chuangyuan Smelter power station,Inner Mongolia,45.437275,119.427496,1,IM_voluntary,2015.0,OMSO2e,4,,0
2026-07-02,L100000100822,Daihai power station,Inner Mongolia,40.519675,112.667725,1,IM_voluntary,2015.0,OMSO2e,4,,0
2026-07-02,L100000100823,Dalate power station,Inner Mongolia,40.36695,109.99604,1,IM_voluntary,2015.0,OMSO2e,4,,0
2026-07-02,L100000100830,Togtoh power station,Inner Mongolia,40.1952329,111.358881,1,IM_voluntary,2015.0,OMSO2e,4,,0
2026-07-02,L100000100845,Guoneng Shanghaimiao power station,Inner Mongolia,38.309587,106.679378,1,IM_voluntary,2015.0,OMSO2e,4,,0
2026-07-02,L100000100847,Jiangsu Energy Group Wulagai power station,Inner Mongolia,45.955947,119.106454,1,IM_voluntary,2015.0,OMSO2e,4,,0
2026-07-02,L100000100861,Hohhot Jinshan cogen power station,Inner Mongolia,40.7072133,111.4600879,1,IM_voluntary,2015.0,OMSO2e,4,,0
2026-07-02,L100000100863,Hongjun Aluminum power station,Inner Mongolia,45.5128784,119.6504373,1,IM_voluntary,2015.0,OMSO2e,4,,0
2026-07-02,L100000100887,Shangdu power station,Inner Mongolia,42.22369,116.029256,1,IM_voluntary,2015.0,OMSO2e,4,,0
2026-07-02,L100000100888,Inner Mongolia Changcheng power station,Inner Mongolia,38.249688,106.657876,1,IM_voluntary,2015.0,OMSO2e,4,,0
2026-07-02,L100000100894,Yimin power station,Inner Mongolia,48.549722,119.773889,1,IM_voluntary,2015.0,OMSO2e,4,,0
2026-07-02,L100000100899,Huolinhe Zhanute power station,Inner Mongolia,45.409847,119.596739,1,IM_voluntary,2015.0,OMSO2e,4,,0
2026-07-02,L100000100910,Jining power station,Inner Mongolia,41.053294,113.153289,1,IM_voluntary,2015.0,OMSO2e,4,,0
2026-07-02,L100000100913,Junggar Suancigou power station,Inner Mongolia,39.711744,111.200548,1,IM_voluntary,2015.0,OMSO2e,4,,0
2026-07-02,L100000100933,Mengtai Beijiao power station,Inner Mongolia,39.846004,109.984888,1,IM_voluntary,2015.0,OMSO2e,4,,0
2026-07-02,L100000100937,Ordos Power Qipanjing power station,Inner Mongolia,39.385235,106.965664,1,IM_voluntary,2015.0,OMSO2e,4,,0
2026-07-02,L100000100948,Inner Mongolia Shenglu power station,Inner Mongolia,38.373756,106.782583,1,IM_voluntary,2015.0,OMSO2e,4,,0
2026-07-02,L100000100954,Tongliao power station,Inner Mongolia,43.6713737,122.1535206,1,IM_voluntary,2015.0,OMSO2e,4,,0
2026-07-02,L100000100969,Changshu-1 power station,Jiangsu,31.753204,120.9634852,0,,,OMSO2e,4,,0
2026-07-02,L100000100970,Changshu-2 power station,Jiangsu,31.757764,120.97813,0,,,OMSO2e,4,,0
2026-07-02,L100000100973,Yancheng Binhai power station,Jiangsu,34.307421,120.246943,0,,,OMSO2e,4,,0
2026-07-02,L100000100974,Changzhou power station,Jiangsu,31.9583333,119.9925,0,,,OMSO2e,4,,0
2026-07-02,L100000100982,Taizhou power station,Jiangsu,32.187206,119.914444,0,,,OMSO2e,4,,0
2026-07-02,L100000100984,Guohua Xuzhou power station,Jiangsu,34.395144,117.259705,0,,,OMSO2e,4,,0
2026-07-02,L100000100988,Jurong power station,Jiangsu,32.19575,119.2497,0,,,OMSO2e,4,,0
2026-07-02,L100000100993,Jinling power station,Jiangsu,32.17178,119.01977,0,,,OMSO2e,4,,0
2026-07-02,L100000100997,Huaneng Taicang power station,Jiangsu,31.656908,121.17932,0,,,OMSO2e,4,,0
2026-07-02,L100000100998,Jianbi power station,Jiangsu,32.17693,119.57554,0,,,OMSO2e,4,,0
2026-07-02,L100000101000,Guoxin Jingjiang power station,Jiangsu,32.030487,120.383144,0,,,OMSO2e,4,,0
2026-07-02,L100000101005,Jiangsu Nantong power station,Jiangsu,32.03214,120.76956,0,,,OMSO2e,4,,0
2026-07-02,L100000101008,Jiangsu Sheyanggang power station,Jiangsu,33.8185009,120.4633498,0,,,OMSO2e,4,,0
2026-07-02,L100000101018,Ligang power station,Jiangsu,31.940813,120.0766476,0,,,OMSO2e,4,,0
2026-07-02,L100000101020,Lusigang power station,Jiangsu,32.05858,121.72669,0,,,OMSO2e,4,,0
2026-07-02,L100000101039,Xinhai power station,Jiangsu,34.57789,119.12671,0,,,OMSO2e,4,,0
2026-07-02,L100000101044,Xuzhou Pengcheng power station,Jiangsu,34.3779,117.17591,0,,,OMSO2e,4,,0
2026-07-02,L100000101047,Guoxin Yangzhou power station,Jiangsu,32.267778,119.419444,0,,,OMSO2e,4,,0
2026-07-02,L100000101053,Zhangjiagang Shazhou power station,Jiangsu,31.989733,120.6879258,0,,,OMSO2e,4,,0
2026-07-02,L100000101057,Fuzhou power station,Jiangxi,27.7844943,116.5644289,0,,,OMSO2e,4,,0
2026-07-02,L100000101058,Datang Xinyu power station,Jiangxi,27.679755,114.956506,0,,,OMSO2e,4,,0
2026-07-02,L100000101060,Fengcheng power station,Jiangxi,28.1943602,115.7088424,0,,,OMSO2e,4,,0
2026-07-02,L100000101063,Guixi power station,Jiangxi,28.28914,117.2235,0,,,OMSO2e,4,,0
2026-07-02,L100000101068,Jinggangshan power station,Jiangxi,27.0474697,115.0203859,0,,,OMSO2e,4,,0
2026-07-02,L100000101069,Ruijin power station,Jiangxi,25.9244055,115.1028219,0,,,OMSO2e,4,,0
2026-07-02,L100000101074,Shenhua Jiujiang power station,Jiangxi,29.826619,116.375973,0,,,OMSO2e,4,,0
2026-07-02,L100000101114,Shuangliao power station,Jilin,43.5282178,123.4633255,0,,,OMSO2e,4,,0
2026-07-02,L100000101160,Yingkou power station,Liaoning,40.303837,122.105968,0,,,OMSO2e,4,,0
2026-07-02,L100000101178,Suizhong power station,Liaoning,40.07962,120.00959,0,,,OMSO2e,4,,0
2026-07-02,L100000101181,Tieling power station,Liaoning,42.3450141,123.8030455,0,,,OMSO2e,4,,0
2026-07-02,L100000101187,Daba power station,Ningxia,37.9916691,105.9247833,0,,,OMSO2e,4,,0
2026-07-02,L100000101190,Ningdong Fangjiazhuang power station,Ningxia,37.837649,106.666501,0,,,OMSO2e,4,,0
2026-07-02,L100000101191,Shizuishan power station,Ningxia,39.2848224,106.7890371,0,,,OMSO2e,4,,0
2026-07-02,L100000101192,Ningdong power station,Ningxia,37.844757,106.786777,0,,,OMSO2e,4,,0
2026-07-02,L100000101203,Ningxia Lingwu power station,Ningxia,38.148333,106.345833,0,,,OMSO2e,4,0.050000000745058,1
2026-07-02,L100000101219,Yuanyang Lake power station,Ningxia,38.0575,106.691389,0,,,OMSO2e,4,,0
2026-07-02,L100000101244,Fugu Qingshuichuan power station,Shaanxi,39.2048853,111.1190328,0,,,OMSO2e,4,,0
2026-07-02,L100000101246,Guodian Baoji-2 power station,Shaanxi,34.4980333,107.2181511,0,,,OMSO2e,4,,0
2026-07-02,L100000101252,Hancheng power station,Shaanxi,35.6007189,110.5557051,0,,,OMSO2e,4,,0
2026-07-02,L100000101265,Leilongwan power station,Shaanxi,37.925376,109.101678,0,,,OMSO2e,4,,0
2026-07-02,L100000101269,Pucheng power station,Shaanxi,34.9779314,109.7999759,0,,,OMSO2e,4,,0
2026-07-02,L100000101277,Fugu Miaogoumen power station,Shaanxi,39.208319,110.784956,0,,,OMSO2e,4,,0
2026-07-02,L100000101278,Jinjie power station,Shaanxi,38.7368389,110.1661297,0,,,OMSO2e,4,,0
2026-07-02,L100000101297,Yulin Hengshan power station,Shaanxi,38.03372,109.415067,0,,,OMSO2e,4,,0
2026-07-02,L100000101307,Binzhou Boxing power station,Shandong,37.27629,118.330855,0,,,OMSO2e,4,,0
2026-07-02,L100000101316,Datang Dongying power station,Shandong,38.113151,118.910229,0,,,OMSO2e,4,,0
2026-07-02,L100000101332,Guohua Shouguang power station,Shandong,37.269686,118.906738,0,,,OMSO2e,4,,0
2026-07-02,L100000101339,Huadian Laizhou power station,Shandong,37.432222,120.018056,0,,,OMSO2e,4,,0
2026-07-02,L100000101341,Shiliquan power station,Shandong,34.814444,117.573056,0,,,OMSO2e,4,,0
2026-07-02,L100000101342,Huadian Weifang power station,Shandong,36.6656392,119.2632115,0,,,OMSO2e,4,,0
2026-07-02,L100000101344,Huaneng Dezhou power station,Shandong,37.449349,116.2415516,0,,,OMSO2e,4,,0
2026-07-02,L100000101348,Huaneng Laiwu power station,Shandong,36.1342702,117.6849675,0,,,OMSO2e,4,,0
2026-07-02,L100000101383,Rizhao power station,Shandong,35.3454727,119.5104761,0,,,OMSO2e,4,,0
2026-07-02,L100000101399,Shiheng-2 power station,Shandong,36.2123187,116.5136301,0,,,OMSO2e,4,,0
2026-07-02,L100000101409,Weihai power station,Shandong,37.44899,122.20724,0,,,OMSO2e,4,,0
2026-07-02,L100000101415,Weiqiao Huji power station,Shandong,37.347901,117.781587,0,,,OMSO2e,4,,0
2026-07-02,L100000101420,Weiqiao Zouping-1 power station,Shandong,36.9106725,117.7853572,0,,,OMSO2e,4,,0
2026-07-02,L100000101425,Weiqiao Zouping-7 power station,Shandong,36.896297,117.860459,0,,,OMSO2e,4,,0
2026-07-02,L100000101429,Shandong Xinfa Xinyuan power station,Shandong,36.615766,116.225215,0,,,OMSO2e,4,,0
2026-07-02,L100000101442,Zouxian power station,Shandong,35.3255698,116.9260912,0,,,OMSO2e,4,,0
2026-07-02,L100000101444,Shanghai Caojing power station,Shanghai,30.76073,121.4008,1,SH_pilot,2013.0,OMSO2e,4,,0
2026-07-02,L100000101447,Shanghai Shidongkou power station,Shanghai,31.4650719,121.4048433,1,SH_pilot,2013.0,OMSO2e,4,,0
2026-07-02,L100000101448,Waigaoqiao power station,Shanghai,31.3536333,121.6002746,1,SH_pilot,2013.0,OMSO2e,4,,0
2026-07-02,L100000101515,Shanxi Zhaoguang power station,Shanxi,36.5537987,111.6917736,0,,,OMSO2e,4,,0
2026-07-02,L100000101518,Shenhua Hequ power station,Shanxi,39.3830746,111.1843014,0,,,OMSO2e,4,,0
2026-07-02,L100000101519,Shentou power station,Shanxi,39.550981,112.488736,0,,,OMSO2e,4,,0
2026-07-02,L100000101529,Tongmei Tashan power station,Shanxi,39.9249917,113.0839199,0,,,OMSO2e,4,,0
2026-07-02,L100000101542,Xishan Gujiao power station,Shanxi,37.8952266,112.0930982,0,,,OMSO2e,4,,0
2026-07-02,L100000101543,Yangcheng power station,Shanxi,35.466123,112.5742039,0,,,OMSO2e,4,,0
2026-07-02,L100000101551,Yuguang Coal power station,Shanxi,38.078135,113.482791,0,,,OMSO2e,4,,0
2026-07-02,L100000101554,Zhangshan power station,Shanxi,36.326115,113.081402,0,,,OMSO2e,4,,0
2026-07-02,L100000101555,Changzhi power station,Shanxi,36.3226498,113.0816012,0,,,OMSO2e,4,,0
2026-07-02,L100000101567,Guang'an power station,Sichuan,30.5288201,106.8264802,0,,,OMSO2e,4,,0
2026-07-02,L100000101580,Tianming power station,Sichuan,31.869616,104.910148,0,,,OMSO2e,4,,0
2026-07-02,L100000101588,Panshan power station,Tianjin,39.9801382,117.4630704,1,TJ_pilot,2013.0,OMSO2e,4,,0
2026-07-02,L100000101589,Tianjin Beijiang power station,Tianjin,39.2193209,117.9298639,1,TJ_pilot,2013.0,OMSO2e,4,,0
2026-07-02,L100000101617,East Hope Metals Wucaiwan power station,Xinjiang,44.6829461,89.1158667,0,,,OMSO2e,4,,0
2026-07-02,L100000101668,Xinjiang Qiya Smelter power station,Xinjiang,44.8955881,89.049629,0,,,OMSO2e,4,,0
2026-07-02,L100000101675,Shenhua Guoneng Hami power station,Xinjiang,42.411226,93.009166,0,,,OMSO2e,4,,0
2026-07-02,L100000101677,Shenhua Zhundong Wucaiwan power station,Xinjiang,44.795533,89.149825,0,,,OMSO2e,4,,0
2026-07-02,L100000101681,Tianchi Changji cogen power station,Xinjiang,44.004362,87.171961,0,,,OMSO2e,4,0.0633333325386047,6
2026-07-02,L100000101682,Tianchi Energy Zhundong Wucaiwan power station,Xinjiang,44.8524482,89.1959171,0,,,OMSO2e,4,,0
2026-07-02,L100000101696,Wucaiwan Bei'er power station,Xinjiang,44.8388927,89.1908616,0,,,OMSO2e,4,,0
2026-07-02,L100000101697,Wujiaqu power station,Xinjiang,44.26892,87.687877,0,,,OMSO2e,4,-0.106666661798954,6
2026-07-02,L100000101709,XPCC Shihezi Cogen power station,Xinjiang,44.428094,86.093609,0,,,OMSO2e,4,0.2000000029802322,7
2026-07-02,L100000101716,Diandong power station,Yunnan,25.19943,104.6819,0,,,OMSO2e,4,,0
2026-07-02,L100000101730,Wushashan power station,Zhejiang,29.505411,121.662934,0,,,OMSO2e,4,,0
2026-07-02,L100000101731,Beilun power station,Zhejiang,29.9427256,121.8131207,0,,,OMSO2e,4,,0
2026-07-02,L100000101732,Guohua Zhoushan power station,Zhejiang,30.103996,122.184817,0,,,OMSO2e,4,,0
2026-07-02,L100000101736,Yuhuan power station,Zhejiang,28.1151529,121.1391369,0,,,OMSO2e,4,,0
2026-07-02,L100000101737,China Resources Wenzhou power station,Zhejiang,27.4974228,120.6631851,0,,,OMSO2e,4,,0
2026-07-02,L100000101739,Jiaxing power station,Zhejiang,30.62804,121.14422,0,,,OMSO2e,4,,0
2026-07-02,L100000101742,Lanxi power station,Zhejiang,29.1866175,119.5068449,0,,,OMSO2e,4,,0
2026-07-02,L100000101747,Ninghai power station,Zhejiang,29.4817622,121.5114792,0,,,OMSO2e,4,,0
2026-07-02,L100000101750,Zhejiang Taizhou-2 power station,Zhejiang,29.012395,121.695507,0,,,OMSO2e,4,,0
2026-07-02,L100000101761,Zheneng Liuheng power station,Zhejiang,29.7593387,122.1266091,0,,,OMSO2e,4,,0
2026-07-02,L100000101762,Zheneng Wenzhou power station,Zhejiang,27.9957103,120.8358582,0,,,OMSO2e,4,,0
2026-07-02,L100000101763,Zheneng Yueqing power station,Zhejiang,28.1704074,121.0889375,0,,,OMSO2e,4,,0
2026-07-02,L100000104506,Fu County power station,Shaanxi,35.858656,109.2167,0,,,OMSO2e,4,,0
2026-07-02,L100000104758,Hubei Yicheng power station,Hubei,31.781843,112.129461,1,HB_pilot,2014.0,OMSO2e,4,,0
2026-07-02,L100000104917,Shanggao power station,Jiangxi,28.185566,114.825697,0,,,OMSO2e,4,,0
2026-07-02,L100000104944,Hami-Chongqing UHV Transmission Line power station,Xinjiang,44.53792,92.926001,0,,,OMSO2e,4,,0
2026-07-02,L100000104970,Jiangsu Guoxin Shazhou power station,Jiangsu,31.985654,120.684419,0,,,OMSO2e,4,,0
2026-07-02,L100000105025,Datong-2 power station,Shanxi,40.0279118,113.2933181,0,,,OMSO2e,4,,0
2026-07-01,L100000100200,Anhui Bengbu power station,Anhui,32.78444,117.11472,0,,,OMSO2e,4,,0
2026-07-01,L100000100201,Anhui Huainan Panji power station,Anhui,32.76917,116.759595,0,,,OMSO2e,4,,0
2026-07-01,L100000100205,Chizhou Jiuhua power station,Anhui,30.7531097,117.5906618,0,,,OMSO2e,4,,0
2026-07-01,L100000100206,Pingwei power station,Anhui,32.68417,116.901389,0,,,OMSO2e,4,,0
2026-07-01,L100000100211,Fuyang power station,Anhui,33.00444,115.845278,0,,,OMSO2e,4,,0
2026-07-01,L100000100218,Wuhu power station,Anhui,31.2372348,118.1497184,0,,,OMSO2e,4,,0
2026-07-01,L100000100222,Huaibei Pingshan power station,Anhui,33.83392,116.831102,0,,,OMSO2e,4,,0
2026-07-01,L100000100223,Huainan Fengtai power station,Anhui,32.758,116.65,0,,,OMSO2e,4,,0
2026-07-01,L100000100225,Huainan Luohe power station,Anhui,32.68455,117.07511,0,,,OMSO2e,4,,0
2026-07-01,L100000100226,Huainan Tianji power station,Anhui,32.7465,116.8127,0,,,OMSO2e,4,,0
2026-07-01,L100000100233,Lixin Banji power station,Anhui,32.897245,116.242561,0,,,OMSO2e,4,,0
2026-07-01,L100000100237,Anqing power station,Anhui,30.541,117.1717,0,,,OMSO2e,4,,0
2026-07-01,L100000100240,Suzhou Qianyingzi power station,Anhui,33.5107954,116.9261351,0,,,OMSO2e,4,,0
2026-07-01,L100000100242,Tongling Wanneng power station,Anhui,30.88181,117.76439,0,,,OMSO2e,4,,0
2026-07-01,L100000100245,Ma'anshan power station,Anhui,31.750737,118.4796925,0,,,OMSO2e,4,,0
2026-07-01,L100000100269,Chongqing Shuanghuai power station,Chongqing,30.1611074,106.5480599,1,CQ_pilot,2013.0,OMSO2e,4,,0
2026-07-01,L100000100272,Luohuang power station,Chongqing,29.347364,106.433182,1,CQ_pilot,2013.0,OMSO2e,4,,0
2026-07-01,L100000100276,Chongqing Wanzhou power station,Chongqing,30.677938,108.398976,1,CQ_pilot,2013.0,OMSO2e,4,,0
2026-07-01,L100000100283,Ningde power station,Fujian,26.7574469,119.7353942,1,FJ_pilot,2016.0,OMSO2e,4,0.3350000083446502,2
2026-07-01,L100000100285,Fujian Hongshan power station,Fujian,24.7272766,118.7496944,1,FJ_pilot,2016.0,OMSO2e,4,,0
2026-07-01,L100000100287,Fuzhou Kemen power station,Fujian,26.3734254,119.7622418,1,FJ_pilot,2016.0,OMSO2e,4,0.4699999988079071,1
2026-07-01,L100000100288,Fuzhou Jiangyin power station,Fujian,25.438464,119.3396226,1,FJ_pilot,2016.0,OMSO2e,4,,0
2026-07-01,L100000100291,Houshi power station,Fujian,24.3030594,118.1259157,1,FJ_pilot,2016.0,OMSO2e,4,-0.6499999761581421,2
2026-07-01,L100000100293,Huaneng Fuzhou power station,Fujian,25.99083,119.4816,1,FJ_pilot,2016.0,OMSO2e,4,,0
2026-07-01,L100000100298,Luoyuan Bay power station,Fujian,26.385334,119.789459,1,FJ_pilot,2016.0,OMSO2e,4,0.4699999988079071,1
2026-07-01,L100000100299,Meizhouwan power station,Fujian,25.1608278,119.0333354,1,FJ_pilot,2016.0,OMSO2e,4,,0
2026-07-01,L100000100300,Nanpu Quanzhou power station,Fujian,25.2044,118.94385,1,FJ_pilot,2016.0,OMSO2e,4,,0
2026-07-01,L100000100303,Xiamen Songyu power station,Fujian,24.4460582,118.0267975,1,FJ_pilot,2016.0,OMSO2e,4,,0
2026-07-01,L100000100318,Guazhou Changle power station,Gansu,40.6599,96.513,0,,,OMSO2e,4,-0.2150000035762787,8
2026-07-01,L100000100320,Zhangye power station,Gansu,39.071222,100.462929,0,,,OMSO2e,4,,0
2026-07-01,L100000100326,Pingliang power station,Gansu,35.5017,106.7861,0,,,OMSO2e,4,,0
2026-07-01,L100000100328,Gansu Zhengning power station,Gansu,35.268403,107.975564,0,,,OMSO2e,4,,0
2026-07-01,L100000100339,Lingtai power station,Gansu,35.0858218,107.7152829,0,,,OMSO2e,4,,0
2026-07-01,L100000100347,Chaozhou Sanbaimen power station,Guangdong,23.56645,117.0972,1,GD_pilot,2013.0,OMSO2e,4,-0.0866666659712791,6
2026-07-01,L100000100354,Leizhou power station,Guangdong,20.51161,109.82803,1,GD_pilot,2013.0,OMSO2e,4,,0
2026-07-01,L100000100358,Guangdong Huilai power station,Guangdong,23.0047771,116.5472388,1,GD_pilot,2013.0,OMSO2e,4,-0.2249999940395355,4
2026-07-01,L100000100359,Guangdong Huizhou Pinghai power station,Guangdong,22.6064638,114.741919,1,GD_pilot,2013.0,OMSO2e,4,,0
2026-07-01,L100000100361,Guangdong Shaoguan power station,Guangdong,24.682,113.605,1,GD_pilot,2013.0,OMSO2e,4,,0
2026-07-01,L100000100372,Taishan power station,Guangdong,21.8667,112.9228,1,GD_pilot,2013.0,OMSO2e,4,,0
2026-07-01,L100000100377,Heyuan power station,Guangdong,23.567222,114.640278,1,GD_pilot,2013.0,OMSO2e,4,,0
2026-07-01,L100000100381,Haimen power station,Guangdong,23.1899,116.6548,1,GD_pilot,2013.0,OMSO2e,4,-0.2739999890327453,5
2026-07-01,L100000100390,Lufeng Jiahuwan power station,Guangdong,22.832499,115.985482,1,GD_pilot,2013.0,OMSO2e,4,-0.2349999845027923,4
2026-07-01,L100000100392,Maoming Bohe power station,Guangdong,21.441033,111.289628,1,GD_pilot,2013.0,OMSO2e,4,,0
2026-07-01,L100000100402,Shenhua Qingyuan power station,Guangdong,24.417008,113.540884,1,GD_pilot,2013.0,OMSO2e,4,,0
2026-07-01,L100000100407,Shanwei Haifeng CCS power station,Guangdong,22.7545453,115.0419938,1,GD_pilot,2013.0,OMSO2e,4,,0
2026-07-01,L100000100408,Shanwei Honghaiwan power station,Guangdong,22.70695,115.55529,1,GD_pilot,2013.0,OMSO2e,4,-0.2266666442155838,3
2026-07-01,L100000100417,Yangxi Zhujiang power station,Guangdong,21.54264,111.67033,1,GD_pilot,2013.0,OMSO2e,4,,0
2026-07-01,L100000100418,Dabu power station,Guangdong,24.4057171,116.5877945,1,GD_pilot,2013.0,OMSO2e,4,-0.3799999952316284,4
2026-07-01,L100000100430,Beihai Bebuwan power station,Guangxi,21.5821851,109.5816259,0,,,OMSO2e,4,,0
2026-07-01,L100000100436,Fangchenggang Qisha power station,Guangxi,21.5914,108.3946,0,,,OMSO2e,4,,0
2026-07-01,L100000100437,Beihai power station,Guangxi,21.535871,109.590176,0,,,OMSO2e,4,,0
2026-07-01,L100000100444,Hezhou power station,Guangxi,24.73609,111.34667,0,,,OMSO2e,4,,0
2026-07-01,L100000100452,Qinzhou power station,Guangxi,21.7004655,108.6243063,0,,,OMSO2e,4,,0
2026-07-01,L100000100477,Guizhou Fa'er power station,Guizhou,26.3259319,104.7705622,0,,,OMSO2e,4,,0
2026-07-01,L100000100498,Panxian-2 power station,Guizhou,25.4686039,104.5924059,0,,,OMSO2e,4,,0
2026-07-01,L100000100502,Qianxi power station,Guizhou,27.0516899,106.1252456,0,,,OMSO2e,4,,0
2026-07-01,L100000100542,China Resources Caofeidian power station,Hebei,38.9960653,118.4875488,0,,,OMSO2e,4,,0
2026-07-01,L100000100551,Dingzhou power station,Hebei,38.5122064,114.8433969,0,,,OMSO2e,4,,0
2026-07-01,L100000100568,Shang'an power station,Hebei,38.05729,114.19627,0,,,OMSO2e,4,-0.0299999993294477,2
2026-07-01,L100000100569,Hebei Cangdong power station,Hebei,38.31,117.8786111,0,,,OMSO2e,4,,0
2026-07-01,L100000100591,Xibaipo power station,Hebei,38.245068,114.2149428,0,,,OMSO2e,4,,0
2026-07-01,L100000100598,Zhangjiakou power station,Hebei,40.6595781,114.9438143,0,,,OMSO2e,4,0.3300000131130218,6
2026-07-01,L100000100610,Qitaihe power station,Heilongjiang,45.7604176,131.0533476,0,,,OMSO2e,4,,0
2026-07-01,L100000100647,Datang Sanmenxia power station,Henan,34.6855176,111.0274363,0,,,OMSO2e,4,,0
2026-07-01,L100000100648,Xinyang power station,Henan,32.109018,114.140877,0,,,OMSO2e,4,,0
2026-07-01,L100000100650,Dengfeng-2 power station,Henan,34.39274,113.19878,0,,,OMSO2e,4,,0
2026-07-01,L100000100657,Hebi power station,Henan,35.851366,114.1798126,0,,,OMSO2e,4,0.2266666740179062,6
2026-07-01,L100000100664,Henan Xin'an power station,Henan,34.7413202,112.0634119,0,,,OMSO2e,4,,0
2026-07-01,L100000100665,Henan Xinmi power station,Henan,34.50003,113.59801,0,,,OMSO2e,4,0.2649999856948852,4
2026-07-01,L100000100677,Qinbei power station,Henan,35.1676,112.71654,0,,,OMSO2e,4,,0
2026-07-01,L100000100680,Jiaozuo Danhe power station,Henan,35.188487,112.887561,0,,,OMSO2e,4,,0
2026-07-01,L100000100696,Nanyang Yahekou power station,Henan,33.3086427,112.644474,0,,,OMSO2e,4,,0
2026-07-01,L100000100697,Pingdingshan Luyang power station,Henan,33.82189,113.01438,0,,,OMSO2e,4,,0
2026-07-01,L100000100707,Nanyang Neixiang power station,Henan,33.086416,111.90004,0,,,OMSO2e,4,,0
2026-07-01,L100000100716,Xuchang Yulong power station,Henan,34.1751132,113.3581446,0,,,OMSO2e,4,0.0900000035762786,1
2026-07-01,L100000100717,Yaomeng power station,Henan,33.7379928,113.2418822,0,,,OMSO2e,4,,0
2026-07-01,L100000100730,Dabieshan power station,Hubei,31.1420662,114.8921871,1,HB_pilot,2014.0,OMSO2e,4,,0
2026-07-01,L100000100737,Hanchuan power station,Hubei,30.6566087,113.9172741,1,HB_pilot,2014.0,OMSO2e,4,,0
2026-07-01,L100000100740,Huadian Xisaishan power station,Hubei,30.203056,115.180278,1,HB_pilot,2014.0,OMSO2e,4,,0
2026-07-01,L100000100742,Yangluo power station,Hubei,30.6938889,114.5430556,1,HB_pilot,2014.0,OMSO2e,4,,0
2026-07-01,L100000100745,Hubei Ezhou power station,Hubei,30.5517656,114.6420121,1,HB_pilot,2014.0,OMSO2e,4,,0
2026-07-01,L100000100751,Puqi Xianning power station,Hubei,29.66523,113.87296,1,HB_pilot,2014.0,OMSO2e,4,,0
2026-07-01,L100000100760,Huadian Xiangyang power station,Hubei,31.9118256,112.16692,1,HB_pilot,2014.0,OMSO2e,4,,0
2026-07-01,L100000100771,Pingjiang power station,Hunan,28.808542,113.54144,0,,,OMSO2e,4,,0
2026-07-01,L100000100773,Huaneng Yueyang power station,Hunan,29.4497908,113.1623018,0,,,OMSO2e,4,,0
2026-07-01,L100000100779,Jinzhushan power station,Hunan,27.6252776,111.4823651,0,,,OMSO2e,4,,0
2026-07-01,L100000100782,Liyujiang power station,Hunan,25.940443,113.192476,0,,,OMSO2e,4,,0
2026-07-01,L100000100785,Shenhua Yongzhou power station,Hunan,26.56672,111.492692,0,,,OMSO2e,4,,0
2026-07-01,L100000100786,Guoneng Yueyang power station,Hunan,29.6129835,112.754572,0,,,OMSO2e,4,,0
2026-07-01,L100000100788,Xiangtan power station,Hunan,27.8282792,112.9968045,0,,,OMSO2e,4,,0
2026-07-01,L100000100789,Yiyang power station,Hunan,28.5966667,112.2686111,0,,,OMSO2e,4,,0
2026-07-01,L100000100795,Baotou Aluminum power station,Inner Mongolia,40.557202,110.148382,1,IM_voluntary,2015.0,OMSO2e,4,,0
2026-07-01,L100000100811,Chifeng Yuanbaoshan power station,Inner Mongolia,42.303333,119.324167,1,IM_voluntary,2015.0,OMSO2e,4,,0
2026-07-01,L100000100813,Chuangyuan Smelter power station,Inner Mongolia,45.437275,119.427496,1,IM_voluntary,2015.0,OMSO2e,4,0.0399999991059303,2
2026-07-01,L100000100822,Daihai power station,Inner Mongolia,40.519675,112.667725,1,IM_voluntary,2015.0,OMSO2e,4,,0
2026-07-01,L100000100823,Dalate power station,Inner Mongolia,40.36695,109.99604,1,IM_voluntary,2015.0,OMSO2e,4,,0
2026-07-01,L100000100830,Togtoh power station,Inner Mongolia,40.1952329,111.358881,1,IM_voluntary,2015.0,OMSO2e,4,,0
2026-07-01,L100000100845,Guoneng Shanghaimiao power station,Inner Mongolia,38.309587,106.679378,1,IM_voluntary,2015.0,OMSO2e,4,,0
2026-07-01,L100000100847,Jiangsu Energy Group Wulagai power station,Inner Mongolia,45.955947,119.106454,1,IM_voluntary,2015.0,OMSO2e,4,,0
2026-07-01,L100000100861,Hohhot Jinshan cogen power station,Inner Mongolia,40.7072133,111.4600879,1,IM_voluntary,2015.0,OMSO2e,4,,0
2026-07-01,L100000100863,Hongjun Aluminum power station,Inner Mongolia,45.5128784,119.6504373,1,IM_voluntary,2015.0,OMSO2e,4,,0
2026-07-01,L100000100887,Shangdu power station,Inner Mongolia,42.22369,116.029256,1,IM_voluntary,2015.0,OMSO2e,4,,0
2026-07-01,L100000100888,Inner Mongolia Changcheng power station,Inner Mongolia,38.249688,106.657876,1,IM_voluntary,2015.0,OMSO2e,4,,0
2026-07-01,L100000100894,Yimin power station,Inner Mongolia,48.549722,119.773889,1,IM_voluntary,2015.0,OMSO2e,4,,0
2026-07-01,L100000100899,Huolinhe Zhanute power station,Inner Mongolia,45.409847,119.596739,1,IM_voluntary,2015.0,OMSO2e,4,0.1299999952316284,1
2026-07-01,L100000100910,Jining power station,Inner Mongolia,41.053294,113.153289,1,IM_voluntary,2015.0,OMSO2e,4,0.0099999997764825,1
2026-07-01,L100000100913,Junggar Suancigou power station,Inner Mongolia,39.711744,111.200548,1,IM_voluntary,2015.0,OMSO2e,4,,0
2026-07-01,L100000100933,Mengtai Beijiao power station,Inner Mongolia,39.846004,109.984888,1,IM_voluntary,2015.0,OMSO2e,4,,0
2026-07-01,L100000100937,Ordos Power Qipanjing power station,Inner Mongolia,39.385235,106.965664,1,IM_voluntary,2015.0,OMSO2e,4,,0
2026-07-01,L100000100948,Inner Mongolia Shenglu power station,Inner Mongolia,38.373756,106.782583,1,IM_voluntary,2015.0,OMSO2e,4,,0
2026-07-01,L100000100954,Tongliao power station,Inner Mongolia,43.6713737,122.1535206,1,IM_voluntary,2015.0,OMSO2e,4,,0
2026-07-01,L100000100969,Changshu-1 power station,Jiangsu,31.753204,120.9634852,0,,,OMSO2e,4,,0
2026-07-01,L100000100970,Changshu-2 power station,Jiangsu,31.757764,120.97813,0,,,OMSO2e,4,,0
2026-07-01,L100000100973,Yancheng Binhai power station,Jiangsu,34.307421,120.246943,0,,,OMSO2e,4,,0
2026-07-01,L100000100974,Changzhou power station,Jiangsu,31.9583333,119.9925,0,,,OMSO2e,4,,0
2026-07-01,L100000100982,Taizhou power station,Jiangsu,32.187206,119.914444,0,,,OMSO2e,4,,0
2026-07-01,L100000100984,Guohua Xuzhou power station,Jiangsu,34.395144,117.259705,0,,,OMSO2e,4,,0
2026-07-01,L100000100988,Jurong power station,Jiangsu,32.19575,119.2497,0,,,OMSO2e,4,,0
2026-07-01,L100000100993,Jinling power station,Jiangsu,32.17178,119.01977,0,,,OMSO2e,4,,0
2026-07-01,L100000100997,Huaneng Taicang power station,Jiangsu,31.656908,121.17932,0,,,OMSO2e,4,,0
2026-07-01,L100000100998,Jianbi power station,Jiangsu,32.17693,119.57554,0,,,OMSO2e,4,,0
2026-07-01,L100000101000,Guoxin Jingjiang power station,Jiangsu,32.030487,120.383144,0,,,OMSO2e,4,,0
2026-07-01,L100000101005,Jiangsu Nantong power station,Jiangsu,32.03214,120.76956,0,,,OMSO2e,4,,0
2026-07-01,L100000101008,Jiangsu Sheyanggang power station,Jiangsu,33.8185009,120.4633498,0,,,OMSO2e,4,,0
2026-07-01,L100000101018,Ligang power station,Jiangsu,31.940813,120.0766476,0,,,OMSO2e,4,,0
2026-07-01,L100000101020,Lusigang power station,Jiangsu,32.05858,121.72669,0,,,OMSO2e,4,,0
2026-07-01,L100000101039,Xinhai power station,Jiangsu,34.57789,119.12671,0,,,OMSO2e,4,,0
2026-07-01,L100000101044,Xuzhou Pengcheng power station,Jiangsu,34.3779,117.17591,0,,,OMSO2e,4,,0
2026-07-01,L100000101047,Guoxin Yangzhou power station,Jiangsu,32.267778,119.419444,0,,,OMSO2e,4,,0
2026-07-01,L100000101053,Zhangjiagang Shazhou power station,Jiangsu,31.989733,120.6879258,0,,,OMSO2e,4,,0
2026-07-01,L100000101057,Fuzhou power station,Jiangxi,27.7844943,116.5644289,0,,,OMSO2e,4,,0
2026-07-01,L100000101058,Datang Xinyu power station,Jiangxi,27.679755,114.956506,0,,,OMSO2e,4,,0
2026-07-01,L100000101060,Fengcheng power station,Jiangxi,28.1943602,115.7088424,0,,,OMSO2e,4,,0
2026-07-01,L100000101063,Guixi power station,Jiangxi,28.28914,117.2235,0,,,OMSO2e,4,,0
2026-07-01,L100000101068,Jinggangshan power station,Jiangxi,27.0474697,115.0203859,0,,,OMSO2e,4,,0
2026-07-01,L100000101069,Ruijin power station,Jiangxi,25.9244055,115.1028219,0,,,OMSO2e,4,,0
2026-07-01,L100000101074,Shenhua Jiujiang power station,Jiangxi,29.826619,116.375973,0,,,OMSO2e,4,,0
2026-07-01,L100000101114,Shuangliao power station,Jilin,43.5282178,123.4633255,0,,,OMSO2e,4,,0
2026-07-01,L100000101160,Yingkou power station,Liaoning,40.303837,122.105968,0,,,OMSO2e,4,,0
2026-07-01,L100000101178,Suizhong power station,Liaoning,40.07962,120.00959,0,,,OMSO2e,4,,0
2026-07-01,L100000101181,Tieling power station,Liaoning,42.3450141,123.8030455,0,,,OMSO2e,4,,0
2026-07-01,L100000101187,Daba power station,Ningxia,37.9916691,105.9247833,0,,,OMSO2e,4,,0
2026-07-01,L100000101190,Ningdong Fangjiazhuang power station,Ningxia,37.837649,106.666501,0,,,OMSO2e,4,,0
2026-07-01,L100000101191,Shizuishan power station,Ningxia,39.2848224,106.7890371,0,,,OMSO2e,4,,0
2026-07-01,L100000101192,Ningdong power station,Ningxia,37.844757,106.786777,0,,,OMSO2e,4,,0
2026-07-01,L100000101203,Ningxia Lingwu power station,Ningxia,38.148333,106.345833,0,,,OMSO2e,4,,0
2026-07-01,L100000101219,Yuanyang Lake power station,Ningxia,38.0575,106.691389,0,,,OMSO2e,4,,0
2026-07-01,L100000101244,Fugu Qingshuichuan power station,Shaanxi,39.2048853,111.1190328,0,,,OMSO2e,4,,0
2026-07-01,L100000101246,Guodian Baoji-2 power station,Shaanxi,34.4980333,107.2181511,0,,,OMSO2e,4,,0
2026-07-01,L100000101252,Hancheng power station,Shaanxi,35.6007189,110.5557051,0,,,OMSO2e,4,,0
2026-07-01,L100000101265,Leilongwan power station,Shaanxi,37.925376,109.101678,0,,,OMSO2e,4,,0
2026-07-01,L100000101269,Pucheng power station,Shaanxi,34.9779314,109.7999759,0,,,OMSO2e,4,,0
2026-07-01,L100000101277,Fugu Miaogoumen power station,Shaanxi,39.208319,110.784956,0,,,OMSO2e,4,,0
2026-07-01,L100000101278,Jinjie power station,Shaanxi,38.7368389,110.1661297,0,,,OMSO2e,4,,0
2026-07-01,L100000101297,Yulin Hengshan power station,Shaanxi,38.03372,109.415067,0,,,OMSO2e,4,,0
2026-07-01,L100000101307,Binzhou Boxing power station,Shandong,37.27629,118.330855,0,,,OMSO2e,4,,0
2026-07-01,L100000101316,Datang Dongying power station,Shandong,38.113151,118.910229,0,,,OMSO2e,4,,0
2026-07-01,L100000101332,Guohua Shouguang power station,Shandong,37.269686,118.906738,0,,,OMSO2e,4,,0
2026-07-01,L100000101339,Huadian Laizhou power station,Shandong,37.432222,120.018056,0,,,OMSO2e,4,,0
2026-07-01,L100000101341,Shiliquan power station,Shandong,34.814444,117.573056,0,,,OMSO2e,4,,0
2026-07-01,L100000101342,Huadian Weifang power station,Shandong,36.6656392,119.2632115,0,,,OMSO2e,4,-0.0199999995529651,1
2026-07-01,L100000101344,Huaneng Dezhou power station,Shandong,37.449349,116.2415516,0,,,OMSO2e,4,,0
2026-07-01,L100000101348,Huaneng Laiwu power station,Shandong,36.1342702,117.6849675,0,,,OMSO2e,4,,0
2026-07-01,L100000101383,Rizhao power station,Shandong,35.3454727,119.5104761,0,,,OMSO2e,4,,0
2026-07-01,L100000101399,Shiheng-2 power station,Shandong,36.2123187,116.5136301,0,,,OMSO2e,4,,0
2026-07-01,L100000101409,Weihai power station,Shandong,37.44899,122.20724,0,,,OMSO2e,4,,0
2026-07-01,L100000101415,Weiqiao Huji power station,Shandong,37.347901,117.781587,0,,,OMSO2e,4,,0
2026-07-01,L100000101420,Weiqiao Zouping-1 power station,Shandong,36.9106725,117.7853572,0,,,OMSO2e,4,,0
2026-07-01,L100000101425,Weiqiao Zouping-7 power station,Shandong,36.896297,117.860459,0,,,OMSO2e,4,,0
2026-07-01,L100000101429,Shandong Xinfa Xinyuan power station,Shandong,36.615766,116.225215,0,,,OMSO2e,4,,0
2026-07-01,L100000101442,Zouxian power station,Shandong,35.3255698,116.9260912,0,,,OMSO2e,4,,0
2026-07-01,L100000101444,Shanghai Caojing power station,Shanghai,30.76073,121.4008,1,SH_pilot,2013.0,OMSO2e,4,,0
2026-07-01,L100000101447,Shanghai Shidongkou power station,Shanghai,31.4650719,121.4048433,1,SH_pilot,2013.0,OMSO2e,4,,0
2026-07-01,L100000101448,Waigaoqiao power station,Shanghai,31.3536333,121.6002746,1,SH_pilot,2013.0,OMSO2e,4,,0
2026-07-01,L100000101515,Shanxi Zhaoguang power station,Shanxi,36.5537987,111.6917736,0,,,OMSO2e,4,,0
2026-07-01,L100000101518,Shenhua Hequ power station,Shanxi,39.3830746,111.1843014,0,,,OMSO2e,4,,0
2026-07-01,L100000101519,Shentou power station,Shanxi,39.550981,112.488736,0,,,OMSO2e,4,0.6899999976158142,3
2026-07-01,L100000101529,Tongmei Tashan power station,Shanxi,39.9249917,113.0839199,0,,,OMSO2e,4,0.5199999809265137,2
2026-07-01,L100000101542,Xishan Gujiao power station,Shanxi,37.8952266,112.0930982,0,,,OMSO2e,4,,0
2026-07-01,L100000101543,Yangcheng power station,Shanxi,35.466123,112.5742039,0,,,OMSO2e,4,,0
2026-07-01,L100000101551,Yuguang Coal power station,Shanxi,38.078135,113.482791,0,,,OMSO2e,4,-0.0299999993294477,2
2026-07-01,L100000101554,Zhangshan power station,Shanxi,36.326115,113.081402,0,,,OMSO2e,4,0.0,1
2026-07-01,L100000101555,Changzhi power station,Shanxi,36.3226498,113.0816012,0,,,OMSO2e,4,0.0,1
2026-07-01,L100000101567,Guang'an power station,Sichuan,30.5288201,106.8264802,0,,,OMSO2e,4,,0
2026-07-01,L100000101580,Tianming power station,Sichuan,31.869616,104.910148,0,,,OMSO2e,4,,0
2026-07-01,L100000101588,Panshan power station,Tianjin,39.9801382,117.4630704,1,TJ_pilot,2013.0,OMSO2e,4,,0
2026-07-01,L100000101589,Tianjin Beijiang power station,Tianjin,39.2193209,117.9298639,1,TJ_pilot,2013.0,OMSO2e,4,,0
2026-07-01,L100000101617,East Hope Metals Wucaiwan power station,Xinjiang,44.6829461,89.1158667,0,,,OMSO2e,4,-0.2114285677671432,7
2026-07-01,L100000101668,Xinjiang Qiya Smelter power station,Xinjiang,44.8955881,89.049629,0,,,OMSO2e,4,-0.103750005364418,8
2026-07-01,L100000101675,Shenhua Guoneng Hami power station,Xinjiang,42.411226,93.009166,0,,,OMSO2e,4,0.1075000017881393,8
2026-07-01,L100000101677,Shenhua Zhundong Wucaiwan power station,Xinjiang,44.795533,89.149825,0,,,OMSO2e,4,-0.273333340883255,6
2026-07-01,L100000101681,Tianchi Changji cogen power station,Xinjiang,44.004362,87.171961,0,,,OMSO2e,4,0.1583333164453506,6
2026-07-01,L100000101682,Tianchi Energy Zhundong Wucaiwan power station,Xinjiang,44.8524482,89.1959171,0,,,OMSO2e,4,-0.1550000011920929,8
2026-07-01,L100000101696,Wucaiwan Bei'er power station,Xinjiang,44.8388927,89.1908616,0,,,OMSO2e,4,-0.1922222226858139,9
2026-07-01,L100000101697,Wujiaqu power station,Xinjiang,44.26892,87.687877,0,,,OMSO2e,4,0.3699999749660492,6
2026-07-01,L100000101709,XPCC Shihezi Cogen power station,Xinjiang,44.428094,86.093609,0,,,OMSO2e,4,-0.0700000002980232,1
2026-07-01,L100000101716,Diandong power station,Yunnan,25.19943,104.6819,0,,,OMSO2e,4,,0
2026-07-01,L100000101730,Wushashan power station,Zhejiang,29.505411,121.662934,0,,,OMSO2e,4,,0
2026-07-01,L100000101731,Beilun power station,Zhejiang,29.9427256,121.8131207,0,,,OMSO2e,4,,0
2026-07-01,L100000101732,Guohua Zhoushan power station,Zhejiang,30.103996,122.184817,0,,,OMSO2e,4,,0
2026-07-01,L100000101736,Yuhuan power station,Zhejiang,28.1151529,121.1391369,0,,,OMSO2e,4,,0
2026-07-01,L100000101737,China Resources Wenzhou power station,Zhejiang,27.4974228,120.6631851,0,,,OMSO2e,4,,0
2026-07-01,L100000101739,Jiaxing power station,Zhejiang,30.62804,121.14422,0,,,OMSO2e,4,,0
2026-07-01,L100000101742,Lanxi power station,Zhejiang,29.1866175,119.5068449,0,,,OMSO2e,4,,0
2026-07-01,L100000101747,Ninghai power station,Zhejiang,29.4817622,121.5114792,0,,,OMSO2e,4,,0
2026-07-01,L100000101750,Zhejiang Taizhou-2 power station,Zhejiang,29.012395,121.695507,0,,,OMSO2e,4,,0
2026-07-01,L100000101761,Zheneng Liuheng power station,Zhejiang,29.7593387,122.1266091,0,,,OMSO2e,4,,0
2026-07-01,L100000101762,Zheneng Wenzhou power station,Zhejiang,27.9957103,120.8358582,0,,,OMSO2e,4,,0
2026-07-01,L100000101763,Zheneng Yueqing power station,Zhejiang,28.1704074,121.0889375,0,,,OMSO2e,4,,0
2026-07-01,L100000104506,Fu County power station,Shaanxi,35.858656,109.2167,0,,,OMSO2e,4,,0
2026-07-01,L100000104758,Hubei Yicheng power station,Hubei,31.781843,112.129461,1,HB_pilot,2014.0,OMSO2e,4,,0
2026-07-01,L100000104917,Shanggao power station,Jiangxi,28.185566,114.825697,0,,,OMSO2e,4,,0
2026-07-01,L100000104944,Hami-Chongqing UHV Transmission Line power station,Xinjiang,44.53792,92.926001,0,,,OMSO2e,4,-0.0300000011920928,3
2026-07-01,L100000104970,Jiangsu Guoxin Shazhou power station,Jiangsu,31.985654,120.684419,0,,,OMSO2e,4,,0
2026-07-01,L100000105025,Datong-2 power station,Shanxi,40.0279118,113.2933181,0,,,OMSO2e,4,0.3499999940395355,2
2026-06-30,L100000100200,Anhui Bengbu power station,Anhui,32.78444,117.11472,0,,,OMSO2e,4,,0
2026-06-30,L100000100201,Anhui Huainan Panji power station,Anhui,32.76917,116.759595,0,,,OMSO2e,4,,0
2026-06-30,L100000100205,Chizhou Jiuhua power station,Anhui,30.7531097,117.5906618,0,,,OMSO2e,4,,0
2026-06-30,L100000100206,Pingwei power station,Anhui,32.68417,116.901389,0,,,OMSO2e,4,,0
2026-06-30,L100000100211,Fuyang power station,Anhui,33.00444,115.845278,0,,,OMSO2e,4,,0
2026-06-30,L100000100218,Wuhu power station,Anhui,31.2372348,118.1497184,0,,,OMSO2e,4,,0
2026-06-30,L100000100222,Huaibei Pingshan power station,Anhui,33.83392,116.831102,0,,,OMSO2e,4,,0
2026-06-30,L100000100223,Huainan Fengtai power station,Anhui,32.758,116.65,0,,,OMSO2e,4,,0
2026-06-30,L100000100225,Huainan Luohe power station,Anhui,32.68455,117.07511,0,,,OMSO2e,4,,0
2026-06-30,L100000100226,Huainan Tianji power station,Anhui,32.7465,116.8127,0,,,OMSO2e,4,,0
2026-06-30,L100000100233,Lixin Banji power station,Anhui,32.897245,116.242561,0,,,OMSO2e,4,,0
2026-06-30,L100000100237,Anqing power station,Anhui,30.541,117.1717,0,,,OMSO2e,4,,0
2026-06-30,L100000100240,Suzhou Qianyingzi power station,Anhui,33.5107954,116.9261351,0,,,OMSO2e,4,,0
2026-06-30,L100000100242,Tongling Wanneng power station,Anhui,30.88181,117.76439,0,,,OMSO2e,4,,0
2026-06-30,L100000100245,Ma'anshan power station,Anhui,31.750737,118.4796925,0,,,OMSO2e,4,,0
2026-06-30,L100000100269,Chongqing Shuanghuai power station,Chongqing,30.1611074,106.5480599,1,CQ_pilot,2013.0,OMSO2e,4,,0
2026-06-30,L100000100272,Luohuang power station,Chongqing,29.347364,106.433182,1,CQ_pilot,2013.0,OMSO2e,4,,0
2026-06-30,L100000100276,Chongqing Wanzhou power station,Chongqing,30.677938,108.398976,1,CQ_pilot,2013.0,OMSO2e,4,,0
2026-06-30,L100000100283,Ningde power station,Fujian,26.7574469,119.7353942,1,FJ_pilot,2016.0,OMSO2e,4,,0
2026-06-30,L100000100285,Fujian Hongshan power station,Fujian,24.7272766,118.7496944,1,FJ_pilot,2016.0,OMSO2e,4,,0
2026-06-30,L100000100287,Fuzhou Kemen power station,Fujian,26.3734254,119.7622418,1,FJ_pilot,2016.0,OMSO2e,4,,0
2026-06-30,L100000100288,Fuzhou Jiangyin power station,Fujian,25.438464,119.3396226,1,FJ_pilot,2016.0,OMSO2e,4,,0
2026-06-30,L100000100291,Houshi power station,Fujian,24.3030594,118.1259157,1,FJ_pilot,2016.0,OMSO2e,4,,0
2026-06-30,L100000100293,Huaneng Fuzhou power station,Fujian,25.99083,119.4816,1,FJ_pilot,2016.0,OMSO2e,4,,0
2026-06-30,L100000100298,Luoyuan Bay power station,Fujian,26.385334,119.789459,1,FJ_pilot,2016.0,OMSO2e,4,,0
2026-06-30,L100000100299,Meizhouwan power station,Fujian,25.1608278,119.0333354,1,FJ_pilot,2016.0,OMSO2e,4,,0
2026-06-30,L100000100300,Nanpu Quanzhou power station,Fujian,25.2044,118.94385,1,FJ_pilot,2016.0,OMSO2e,4,,0
2026-06-30,L100000100303,Xiamen Songyu power station,Fujian,24.4460582,118.0267975,1,FJ_pilot,2016.0,OMSO2e,4,,0
2026-06-30,L100000100318,Guazhou Changle power station,Gansu,40.6599,96.513,0,,,OMSO2e,4,,0
2026-06-30,L100000100320,Zhangye power station,Gansu,39.071222,100.462929,0,,,OMSO2e,4,,0
2026-06-30,L100000100326,Pingliang power station,Gansu,35.5017,106.7861,0,,,OMSO2e,4,0.209999993443489,2
2026-06-30,L100000100328,Gansu Zhengning power station,Gansu,35.268403,107.975564,0,,,OMSO2e,4,0.3700000047683716,1
2026-06-30,L100000100339,Lingtai power station,Gansu,35.0858218,107.7152829,0,,,OMSO2e,4,,0
2026-06-30,L100000100347,Chaozhou Sanbaimen power station,Guangdong,23.56645,117.0972,1,GD_pilot,2013.0,OMSO2e,4,,0
2026-06-30,L100000100354,Leizhou power station,Guangdong,20.51161,109.82803,1,GD_pilot,2013.0,OMSO2e,4,,0
2026-06-30,L100000100358,Guangdong Huilai power station,Guangdong,23.0047771,116.5472388,1,GD_pilot,2013.0,OMSO2e,4,,0
2026-06-30,L100000100359,Guangdong Huizhou Pinghai power station,Guangdong,22.6064638,114.741919,1,GD_pilot,2013.0,OMSO2e,4,0.0400000028312206,6
2026-06-30,L100000100361,Guangdong Shaoguan power station,Guangdong,24.682,113.605,1,GD_pilot,2013.0,OMSO2e,4,,0
2026-06-30,L100000100372,Taishan power station,Guangdong,21.8667,112.9228,1,GD_pilot,2013.0,OMSO2e,4,0.0666666626930236,3
2026-06-30,L100000100377,Heyuan power station,Guangdong,23.567222,114.640278,1,GD_pilot,2013.0,OMSO2e,4,,0
2026-06-30,L100000100381,Haimen power station,Guangdong,23.1899,116.6548,1,GD_pilot,2013.0,OMSO2e,4,,0
2026-06-30,L100000100390,Lufeng Jiahuwan power station,Guangdong,22.832499,115.985482,1,GD_pilot,2013.0,OMSO2e,4,,0
2026-06-30,L100000100392,Maoming Bohe power station,Guangdong,21.441033,111.289628,1,GD_pilot,2013.0,OMSO2e,4,,0
2026-06-30,L100000100402,Shenhua Qingyuan power station,Guangdong,24.417008,113.540884,1,GD_pilot,2013.0,OMSO2e,4,,0
2026-06-30,L100000100407,Shanwei Haifeng CCS power station,Guangdong,22.7545453,115.0419938,1,GD_pilot,2013.0,OMSO2e,4,0.0,4
2026-06-30,L100000100408,Shanwei Honghaiwan power station,Guangdong,22.70695,115.55529,1,GD_pilot,2013.0,OMSO2e,4,,0
2026-06-30,L100000100417,Yangxi Zhujiang power station,Guangdong,21.54264,111.67033,1,GD_pilot,2013.0,OMSO2e,4,0.0350000001490116,4
2026-06-30,L100000100418,Dabu power station,Guangdong,24.4057171,116.5877945,1,GD_pilot,2013.0,OMSO2e,4,,0
2026-06-30,L100000100430,Beihai Bebuwan power station,Guangxi,21.5821851,109.5816259,0,,,OMSO2e,4,,0
2026-06-30,L100000100436,Fangchenggang Qisha power station,Guangxi,21.5914,108.3946,0,,,OMSO2e,4,,0
2026-06-30,L100000100437,Beihai power station,Guangxi,21.535871,109.590176,0,,,OMSO2e,4,,0
2026-06-30,L100000100444,Hezhou power station,Guangxi,24.73609,111.34667,0,,,OMSO2e,4,,0
2026-06-30,L100000100452,Qinzhou power station,Guangxi,21.7004655,108.6243063,0,,,OMSO2e,4,,0
2026-06-30,L100000100477,Guizhou Fa'er power station,Guizhou,26.3259319,104.7705622,0,,,OMSO2e,4,,0
2026-06-30,L100000100498,Panxian-2 power station,Guizhou,25.4686039,104.5924059,0,,,OMSO2e,4,,0
2026-06-30,L100000100502,Qianxi power station,Guizhou,27.0516899,106.1252456,0,,,OMSO2e,4,,0
2026-06-30,L100000100542,China Resources Caofeidian power station,Hebei,38.9960653,118.4875488,0,,,OMSO2e,4,,0
2026-06-30,L100000100551,Dingzhou power station,Hebei,38.5122064,114.8433969,0,,,OMSO2e,4,,0
2026-06-30,L100000100568,Shang'an power station,Hebei,38.05729,114.19627,0,,,OMSO2e,4,,0
2026-06-30,L100000100569,Hebei Cangdong power station,Hebei,38.31,117.8786111,0,,,OMSO2e,4,,0
2026-06-30,L100000100591,Xibaipo power station,Hebei,38.245068,114.2149428,0,,,OMSO2e,4,,0
2026-06-30,L100000100598,Zhangjiakou power station,Hebei,40.6595781,114.9438143,0,,,OMSO2e,4,,0
2026-06-30,L100000100610,Qitaihe power station,Heilongjiang,45.7604176,131.0533476,0,,,OMSO2e,4,-0.3666666746139526,6
2026-06-30,L100000100647,Datang Sanmenxia power station,Henan,34.6855176,111.0274363,0,,,OMSO2e,4,0.2140000164508819,5
2026-06-30,L100000100648,Xinyang power station,Henan,32.109018,114.140877,0,,,OMSO2e,4,,0
2026-06-30,L100000100650,Dengfeng-2 power station,Henan,34.39274,113.19878,0,,,OMSO2e,4,,0
2026-06-30,L100000100657,Hebi power station,Henan,35.851366,114.1798126,0,,,OMSO2e,4,,0
2026-06-30,L100000100664,Henan Xin'an power station,Henan,34.7413202,112.0634119,0,,,OMSO2e,4,-0.1550000011920929,2
2026-06-30,L100000100665,Henan Xinmi power station,Henan,34.50003,113.59801,0,,,OMSO2e,4,,0
2026-06-30,L100000100677,Qinbei power station,Henan,35.1676,112.71654,0,,,OMSO2e,4,,0
2026-06-30,L100000100680,Jiaozuo Danhe power station,Henan,35.188487,112.887561,0,,,OMSO2e,4,,0
2026-06-30,L100000100696,Nanyang Yahekou power station,Henan,33.3086427,112.644474,0,,,OMSO2e,4,,0
2026-06-30,L100000100697,Pingdingshan Luyang power station,Henan,33.82189,113.01438,0,,,OMSO2e,4,,0
2026-06-30,L100000100707,Nanyang Neixiang power station,Henan,33.086416,111.90004,0,,,OMSO2e,4,,0
2026-06-30,L100000100716,Xuchang Yulong power station,Henan,34.1751132,113.3581446,0,,,OMSO2e,4,,0
2026-06-30,L100000100717,Yaomeng power station,Henan,33.7379928,113.2418822,0,,,OMSO2e,4,,0
2026-06-30,L100000100730,Dabieshan power station,Hubei,31.1420662,114.8921871,1,HB_pilot,2014.0,OMSO2e,4,,0
2026-06-30,L100000100737,Hanchuan power station,Hubei,30.6566087,113.9172741,1,HB_pilot,2014.0,OMSO2e,4,,0
2026-06-30,L100000100740,Huadian Xisaishan power station,Hubei,30.203056,115.180278,1,HB_pilot,2014.0,OMSO2e,4,,0
2026-06-30,L100000100742,Yangluo power station,Hubei,30.6938889,114.5430556,1,HB_pilot,2014.0,OMSO2e,4,,0
2026-06-30,L100000100745,Hubei Ezhou power station,Hubei,30.5517656,114.6420121,1,HB_pilot,2014.0,OMSO2e,4,,0
2026-06-30,L100000100751,Puqi Xianning power station,Hubei,29.66523,113.87296,1,HB_pilot,2014.0,OMSO2e,4,,0
2026-06-30,L100000100760,Huadian Xiangyang power station,Hubei,31.9118256,112.16692,1,HB_pilot,2014.0,OMSO2e,4,,0
2026-06-30,L100000100771,Pingjiang power station,Hunan,28.808542,113.54144,0,,,OMSO2e,4,,0
2026-06-30,L100000100773,Huaneng Yueyang power station,Hunan,29.4497908,113.1623018,0,,,OMSO2e,4,,0
2026-06-30,L100000100779,Jinzhushan power station,Hunan,27.6252776,111.4823651,0,,,OMSO2e,4,,0
2026-06-30,L100000100782,Liyujiang power station,Hunan,25.940443,113.192476,0,,,OMSO2e,4,,0
2026-06-30,L100000100785,Shenhua Yongzhou power station,Hunan,26.56672,111.492692,0,,,OMSO2e,4,,0
2026-06-30,L100000100786,Guoneng Yueyang power station,Hunan,29.6129835,112.754572,0,,,OMSO2e,4,,0
2026-06-30,L100000100788,Xiangtan power station,Hunan,27.8282792,112.9968045,0,,,OMSO2e,4,,0
2026-06-30,L100000100789,Yiyang power station,Hunan,28.5966667,112.2686111,0,,,OMSO2e,4,,0
2026-06-30,L100000100795,Baotou Aluminum power station,Inner Mongolia,40.557202,110.148382,1,IM_voluntary,2015.0,OMSO2e,4,,0
2026-06-30,L100000100811,Chifeng Yuanbaoshan power station,Inner Mongolia,42.303333,119.324167,1,IM_voluntary,2015.0,OMSO2e,4,,0
2026-06-30,L100000100813,Chuangyuan Smelter power station,Inner Mongolia,45.437275,119.427496,1,IM_voluntary,2015.0,OMSO2e,4,,0
2026-06-30,L100000100822,Daihai power station,Inner Mongolia,40.519675,112.667725,1,IM_voluntary,2015.0,OMSO2e,4,,0
2026-06-30,L100000100823,Dalate power station,Inner Mongolia,40.36695,109.99604,1,IM_voluntary,2015.0,OMSO2e,4,0.3000000119209289,2
2026-06-30,L100000100830,Togtoh power station,Inner Mongolia,40.1952329,111.358881,1,IM_voluntary,2015.0,OMSO2e,4,,0
2026-06-30,L100000100845,Guoneng Shanghaimiao power station,Inner Mongolia,38.309587,106.679378,1,IM_voluntary,2015.0,OMSO2e,4,0.527999997138977,5
2026-06-30,L100000100847,Jiangsu Energy Group Wulagai power station,Inner Mongolia,45.955947,119.106454,1,IM_voluntary,2015.0,OMSO2e,4,,0
2026-06-30,L100000100861,Hohhot Jinshan cogen power station,Inner Mongolia,40.7072133,111.4600879,1,IM_voluntary,2015.0,OMSO2e,4,,0
2026-06-30,L100000100863,Hongjun Aluminum power station,Inner Mongolia,45.5128784,119.6504373,1,IM_voluntary,2015.0,OMSO2e,4,,0
2026-06-30,L100000100887,Shangdu power station,Inner Mongolia,42.22369,116.029256,1,IM_voluntary,2015.0,OMSO2e,4,,0
2026-06-30,L100000100888,Inner Mongolia Changcheng power station,Inner Mongolia,38.249688,106.657876,1,IM_voluntary,2015.0,OMSO2e,4,0.527999997138977,5
2026-06-30,L100000100894,Yimin power station,Inner Mongolia,48.549722,119.773889,1,IM_voluntary,2015.0,OMSO2e,4,0.3000000119209289,2
2026-06-30,L100000100899,Huolinhe Zhanute power station,Inner Mongolia,45.409847,119.596739,1,IM_voluntary,2015.0,OMSO2e,4,,0
2026-06-30,L100000100910,Jining power station,Inner Mongolia,41.053294,113.153289,1,IM_voluntary,2015.0,OMSO2e,4,,0
2026-06-30,L100000100913,Junggar Suancigou power station,Inner Mongolia,39.711744,111.200548,1,IM_voluntary,2015.0,OMSO2e,4,,0
2026-06-30,L100000100933,Mengtai Beijiao power station,Inner Mongolia,39.846004,109.984888,1,IM_voluntary,2015.0,OMSO2e,4,-0.1399999856948852,4
2026-06-30,L100000100937,Ordos Power Qipanjing power station,Inner Mongolia,39.385235,106.965664,1,IM_voluntary,2015.0,OMSO2e,4,-0.4000000059604645,1
2026-06-30,L100000100948,Inner Mongolia Shenglu power station,Inner Mongolia,38.373756,106.782583,1,IM_voluntary,2015.0,OMSO2e,4,0.3379999995231628,5
2026-06-30,L100000100954,Tongliao power station,Inner Mongolia,43.6713737,122.1535206,1,IM_voluntary,2015.0,OMSO2e,4,,0
2026-06-30,L100000100969,Changshu-1 power station,Jiangsu,31.753204,120.9634852,0,,,OMSO2e,4,,0
2026-06-30,L100000100970,Changshu-2 power station,Jiangsu,31.757764,120.97813,0,,,OMSO2e,4,,0
2026-06-30,L100000100973,Yancheng Binhai power station,Jiangsu,34.307421,120.246943,0,,,OMSO2e,4,,0
2026-06-30,L100000100974,Changzhou power station,Jiangsu,31.9583333,119.9925,0,,,OMSO2e,4,,0
2026-06-30,L100000100982,Taizhou power station,Jiangsu,32.187206,119.914444,0,,,OMSO2e,4,,0
2026-06-30,L100000100984,Guohua Xuzhou power station,Jiangsu,34.395144,117.259705,0,,,OMSO2e,4,,0
2026-06-30,L100000100988,Jurong power station,Jiangsu,32.19575,119.2497,0,,,OMSO2e,4,,0
2026-06-30,L100000100993,Jinling power station,Jiangsu,32.17178,119.01977,0,,,OMSO2e,4,,0
2026-06-30,L100000100997,Huaneng Taicang power station,Jiangsu,31.656908,121.17932,0,,,OMSO2e,4,,0
2026-06-30,L100000100998,Jianbi power station,Jiangsu,32.17693,119.57554,0,,,OMSO2e,4,,0
2026-06-30,L100000101000,Guoxin Jingjiang power station,Jiangsu,32.030487,120.383144,0,,,OMSO2e,4,,0
2026-06-30,L100000101005,Jiangsu Nantong power station,Jiangsu,32.03214,120.76956,0,,,OMSO2e,4,,0
2026-06-30,L100000101008,Jiangsu Sheyanggang power station,Jiangsu,33.8185009,120.4633498,0,,,OMSO2e,4,,0
2026-06-30,L100000101018,Ligang power station,Jiangsu,31.940813,120.0766476,0,,,OMSO2e,4,,0
2026-06-30,L100000101020,Lusigang power station,Jiangsu,32.05858,121.72669,0,,,OMSO2e,4,,0
2026-06-30,L100000101039,Xinhai power station,Jiangsu,34.57789,119.12671,0,,,OMSO2e,4,,0
2026-06-30,L100000101044,Xuzhou Pengcheng power station,Jiangsu,34.3779,117.17591,0,,,OMSO2e,4,,0
2026-06-30,L100000101047,Guoxin Yangzhou power station,Jiangsu,32.267778,119.419444,0,,,OMSO2e,4,,0
2026-06-30,L100000101053,Zhangjiagang Shazhou power station,Jiangsu,31.989733,120.6879258,0,,,OMSO2e,4,,0
2026-06-30,L100000101057,Fuzhou power station,Jiangxi,27.7844943,116.5644289,0,,,OMSO2e,4,,0
2026-06-30,L100000101058,Datang Xinyu power station,Jiangxi,27.679755,114.956506,0,,,OMSO2e,4,,0
2026-06-30,L100000101060,Fengcheng power station,Jiangxi,28.1943602,115.7088424,0,,,OMSO2e,4,,0
2026-06-30,L100000101063,Guixi power station,Jiangxi,28.28914,117.2235,0,,,OMSO2e,4,,0
2026-06-30,L100000101068,Jinggangshan power station,Jiangxi,27.0474697,115.0203859,0,,,OMSO2e,4,,0
2026-06-30,L100000101069,Ruijin power station,Jiangxi,25.9244055,115.1028219,0,,,OMSO2e,4,,0
2026-06-30,L100000101074,Shenhua Jiujiang power station,Jiangxi,29.826619,116.375973,0,,,OMSO2e,4,,0
2026-06-30,L100000101114,Shuangliao power station,Jilin,43.5282178,123.4633255,0,,,OMSO2e,4,0.3100000023841858,1
2026-06-30,L100000101160,Yingkou power station,Liaoning,40.303837,122.105968,0,,,OMSO2e,4,,0
2026-06-30,L100000101178,Suizhong power station,Liaoning,40.07962,120.00959,0,,,OMSO2e,4,,0
2026-06-30,L100000101181,Tieling power station,Liaoning,42.3450141,123.8030455,0,,,OMSO2e,4,,0
2026-06-30,L100000101187,Daba power station,Ningxia,37.9916691,105.9247833,0,,,OMSO2e,4,0.2300000041723251,6
2026-06-30,L100000101190,Ningdong Fangjiazhuang power station,Ningxia,37.837649,106.666501,0,,,OMSO2e,4,-0.0299999825656414,5
2026-06-30,L100000101191,Shizuishan power station,Ningxia,39.2848224,106.7890371,0,,,OMSO2e,4,,0
2026-06-30,L100000101192,Ningdong power station,Ningxia,37.844757,106.786777,0,,,OMSO2e,4,0.1100000143051147,3
2026-06-30,L100000101203,Ningxia Lingwu power station,Ningxia,38.148333,106.345833,0,,,OMSO2e,4,0.3650000095367431,6
2026-06-30,L100000101219,Yuanyang Lake power station,Ningxia,38.0575,106.691389,0,,,OMSO2e,4,0.0500000119209289,4
2026-06-30,L100000101244,Fugu Qingshuichuan power station,Shaanxi,39.2048853,111.1190328,0,,,OMSO2e,4,,0
2026-06-30,L100000101246,Guodian Baoji-2 power station,Shaanxi,34.4980333,107.2181511,0,,,OMSO2e,4,,0
2026-06-30,L100000101252,Hancheng power station,Shaanxi,35.6007189,110.5557051,0,,,OMSO2e,4,0.3500000536441803,7
2026-06-30,L100000101265,Leilongwan power station,Shaanxi,37.925376,109.101678,0,,,OMSO2e,4,0.0616666637361049,6
2026-06-30,L100000101269,Pucheng power station,Shaanxi,34.9779314,109.7999759,0,,,OMSO2e,4,0.2333333045244217,6
2026-06-30,L100000101277,Fugu Miaogoumen power station,Shaanxi,39.208319,110.784956,0,,,OMSO2e,4,,0
2026-06-30,L100000101278,Jinjie power station,Shaanxi,38.7368389,110.1661297,0,,,OMSO2e,4,0.4000000059604645,5
2026-06-30,L100000101297,Yulin Hengshan power station,Shaanxi,38.03372,109.415067,0,,,OMSO2e,4,0.0549999959766864,6
2026-06-30,L100000101307,Binzhou Boxing power station,Shandong,37.27629,118.330855,0,,,OMSO2e,4,,0
2026-06-30,L100000101316,Datang Dongying power station,Shandong,38.113151,118.910229,0,,,OMSO2e,4,,0
2026-06-30,L100000101332,Guohua Shouguang power station,Shandong,37.269686,118.906738,0,,,OMSO2e,4,,0
2026-06-30,L100000101339,Huadian Laizhou power station,Shandong,37.432222,120.018056,0,,,OMSO2e,4,,0
2026-06-30,L100000101341,Shiliquan power station,Shandong,34.814444,117.573056,0,,,OMSO2e,4,,0
2026-06-30,L100000101342,Huadian Weifang power station,Shandong,36.6656392,119.2632115,0,,,OMSO2e,4,,0
2026-06-30,L100000101344,Huaneng Dezhou power station,Shandong,37.449349,116.2415516,0,,,OMSO2e,4,,0
2026-06-30,L100000101348,Huaneng Laiwu power station,Shandong,36.1342702,117.6849675,0,,,OMSO2e,4,,0
2026-06-30,L100000101383,Rizhao power station,Shandong,35.3454727,119.5104761,0,,,OMSO2e,4,,0
2026-06-30,L100000101399,Shiheng-2 power station,Shandong,36.2123187,116.5136301,0,,,OMSO2e,4,,0
2026-06-30,L100000101409,Weihai power station,Shandong,37.44899,122.20724,0,,,OMSO2e,4,,0
2026-06-30,L100000101415,Weiqiao Huji power station,Shandong,37.347901,117.781587,0,,,OMSO2e,4,,0
2026-06-30,L100000101420,Weiqiao Zouping-1 power station,Shandong,36.9106725,117.7853572,0,,,OMSO2e,4,,0
2026-06-30,L100000101425,Weiqiao Zouping-7 power station,Shandong,36.896297,117.860459,0,,,OMSO2e,4,,0
2026-06-30,L100000101429,Shandong Xinfa Xinyuan power station,Shandong,36.615766,116.225215,0,,,OMSO2e,4,,0
2026-06-30,L100000101442,Zouxian power station,Shandong,35.3255698,116.9260912,0,,,OMSO2e,4,,0
2026-06-30,L100000101444,Shanghai Caojing power station,Shanghai,30.76073,121.4008,1,SH_pilot,2013.0,OMSO2e,4,,0
2026-06-30,L100000101447,Shanghai Shidongkou power station,Shanghai,31.4650719,121.4048433,1,SH_pilot,2013.0,OMSO2e,4,,0
2026-06-30,L100000101448,Waigaoqiao power station,Shanghai,31.3536333,121.6002746,1,SH_pilot,2013.0,OMSO2e,4,,0
2026-06-30,L100000101515,Shanxi Zhaoguang power station,Shanxi,36.5537987,111.6917736,0,,,OMSO2e,4,0.0600000023841857,2
2026-06-30,L100000101518,Shenhua Hequ power station,Shanxi,39.3830746,111.1843014,0,,,OMSO2e,4,,0
2026-06-30,L100000101519,Shentou power station,Shanxi,39.550981,112.488736,0,,,OMSO2e,4,,0
2026-06-30,L100000101529,Tongmei Tashan power station,Shanxi,39.9249917,113.0839199,0,,,OMSO2e,4,,0
2026-06-30,L100000101542,Xishan Gujiao power station,Shanxi,37.8952266,112.0930982,0,,,OMSO2e,4,,0
2026-06-30,L100000101543,Yangcheng power station,Shanxi,35.466123,112.5742039,0,,,OMSO2e,4,,0
2026-06-30,L100000101551,Yuguang Coal power station,Shanxi,38.078135,113.482791,0,,,OMSO2e,4,,0
2026-06-30,L100000101554,Zhangshan power station,Shanxi,36.326115,113.081402,0,,,OMSO2e,4,,0
2026-06-30,L100000101555,Changzhi power station,Shanxi,36.3226498,113.0816012,0,,,OMSO2e,4,,0
2026-06-30,L100000101567,Guang'an power station,Sichuan,30.5288201,106.8264802,0,,,OMSO2e,4,,0
2026-06-30,L100000101580,Tianming power station,Sichuan,31.869616,104.910148,0,,,OMSO2e,4,,0
2026-06-30,L100000101588,Panshan power station,Tianjin,39.9801382,117.4630704,1,TJ_pilot,2013.0,OMSO2e,4,,0
2026-06-30,L100000101589,Tianjin Beijiang power station,Tianjin,39.2193209,117.9298639,1,TJ_pilot,2013.0,OMSO2e,4,,0
2026-06-30,L100000101617,East Hope Metals Wucaiwan power station,Xinjiang,44.6829461,89.1158667,0,,,OMSO2e,4,,0
2026-06-30,L100000101668,Xinjiang Qiya Smelter power station,Xinjiang,44.8955881,89.049629,0,,,OMSO2e,4,,0
2026-06-30,L100000101675,Shenhua Guoneng Hami power station,Xinjiang,42.411226,93.009166,0,,,OMSO2e,4,,0
2026-06-30,L100000101677,Shenhua Zhundong Wucaiwan power station,Xinjiang,44.795533,89.149825,0,,,OMSO2e,4,,0
2026-06-30,L100000101681,Tianchi Changji cogen power station,Xinjiang,44.004362,87.171961,0,,,OMSO2e,4,,0
2026-06-30,L100000101682,Tianchi Energy Zhundong Wucaiwan power station,Xinjiang,44.8524482,89.1959171,0,,,OMSO2e,4,,0
2026-06-30,L100000101696,Wucaiwan Bei'er power station,Xinjiang,44.8388927,89.1908616,0,,,OMSO2e,4,,0
2026-06-30,L100000101697,Wujiaqu power station,Xinjiang,44.26892,87.687877,0,,,OMSO2e,4,,0
2026-06-30,L100000101709,XPCC Shihezi Cogen power station,Xinjiang,44.428094,86.093609,0,,,OMSO2e,4,,0
2026-06-30,L100000101716,Diandong power station,Yunnan,25.19943,104.6819,0,,,OMSO2e,4,,0
2026-06-30,L100000101730,Wushashan power station,Zhejiang,29.505411,121.662934,0,,,OMSO2e,4,,0
2026-06-30,L100000101731,Beilun power station,Zhejiang,29.9427256,121.8131207,0,,,OMSO2e,4,,0
2026-06-30,L100000101732,Guohua Zhoushan power station,Zhejiang,30.103996,122.184817,0,,,OMSO2e,4,,0
2026-06-30,L100000101736,Yuhuan power station,Zhejiang,28.1151529,121.1391369,0,,,OMSO2e,4,,0
2026-06-30,L100000101737,China Resources Wenzhou power station,Zhejiang,27.4974228,120.6631851,0,,,OMSO2e,4,,0
2026-06-30,L100000101739,Jiaxing power station,Zhejiang,30.62804,121.14422,0,,,OMSO2e,4,,0
2026-06-30,L100000101742,Lanxi power station,Zhejiang,29.1866175,119.5068449,0,,,OMSO2e,4,,0
2026-06-30,L100000101747,Ninghai power station,Zhejiang,29.4817622,121.5114792,0,,,OMSO2e,4,,0
2026-06-30,L100000101750,Zhejiang Taizhou-2 power station,Zhejiang,29.012395,121.695507,0,,,OMSO2e,4,,0
2026-06-30,L100000101761,Zheneng Liuheng power station,Zhejiang,29.7593387,122.1266091,0,,,OMSO2e,4,,0
2026-06-30,L100000101762,Zheneng Wenzhou power station,Zhejiang,27.9957103,120.8358582,0,,,OMSO2e,4,,0
2026-06-30,L100000101763,Zheneng Yueqing power station,Zhejiang,28.1704074,121.0889375,0,,,OMSO2e,4,,0
2026-06-30,L100000104506,Fu County power station,Shaanxi,35.858656,109.2167,0,,,OMSO2e,4,-0.0600000023841857,3
2026-06-30,L100000104758,Hubei Yicheng power station,Hubei,31.781843,112.129461,1,HB_pilot,2014.0,OMSO2e,4,,0
2026-06-30,L100000104917,Shanggao power station,Jiangxi,28.185566,114.825697,0,,,OMSO2e,4,,0
2026-06-30,L100000104944,Hami-Chongqing UHV Transmission Line power station,Xinjiang,44.53792,92.926001,0,,,OMSO2e,4,,0
2026-06-30,L100000104970,Jiangsu Guoxin Shazhou power station,Jiangsu,31.985654,120.684419,0,,,OMSO2e,4,,0
2026-06-30,L100000105025,Datong-2 power station,Shanxi,40.0279118,113.2933181,0,,,OMSO2e,4,,0
2026-06-29,L100000100200,Anhui Bengbu power station,Anhui,32.78444,117.11472,0,,,OMSO2e,4,,0
2026-06-29,L100000100201,Anhui Huainan Panji power station,Anhui,32.76917,116.759595,0,,,OMSO2e,4,,0
2026-06-29,L100000100205,Chizhou Jiuhua power station,Anhui,30.7531097,117.5906618,0,,,OMSO2e,4,,0
2026-06-29,L100000100206,Pingwei power station,Anhui,32.68417,116.901389,0,,,OMSO2e,4,,0
2026-06-29,L100000100211,Fuyang power station,Anhui,33.00444,115.845278,0,,,OMSO2e,4,,0
2026-06-29,L100000100218,Wuhu power station,Anhui,31.2372348,118.1497184,0,,,OMSO2e,4,,0
2026-06-29,L100000100222,Huaibei Pingshan power station,Anhui,33.83392,116.831102,0,,,OMSO2e,4,,0
2026-06-29,L100000100223,Huainan Fengtai power station,Anhui,32.758,116.65,0,,,OMSO2e,4,,0
2026-06-29,L100000100225,Huainan Luohe power station,Anhui,32.68455,117.07511,0,,,OMSO2e,4,,0
2026-06-29,L100000100226,Huainan Tianji power station,Anhui,32.7465,116.8127,0,,,OMSO2e,4,,0
2026-06-29,L100000100233,Lixin Banji power station,Anhui,32.897245,116.242561,0,,,OMSO2e,4,,0
2026-06-29,L100000100237,Anqing power station,Anhui,30.541,117.1717,0,,,OMSO2e,4,,0
2026-06-29,L100000100240,Suzhou Qianyingzi power station,Anhui,33.5107954,116.9261351,0,,,OMSO2e,4,,0
2026-06-29,L100000100242,Tongling Wanneng power station,Anhui,30.88181,117.76439,0,,,OMSO2e,4,,0
2026-06-29,L100000100245,Ma'anshan power station,Anhui,31.750737,118.4796925,0,,,OMSO2e,4,,0
2026-06-29,L100000100269,Chongqing Shuanghuai power station,Chongqing,30.1611074,106.5480599,1,CQ_pilot,2013.0,OMSO2e,4,,0
2026-06-29,L100000100272,Luohuang power station,Chongqing,29.347364,106.433182,1,CQ_pilot,2013.0,OMSO2e,4,,0
2026-06-29,L100000100276,Chongqing Wanzhou power station,Chongqing,30.677938,108.398976,1,CQ_pilot,2013.0,OMSO2e,4,,0
2026-06-29,L100000100283,Ningde power station,Fujian,26.7574469,119.7353942,1,FJ_pilot,2016.0,OMSO2e,4,0.2000000029802322,4
2026-06-29,L100000100285,Fujian Hongshan power station,Fujian,24.7272766,118.7496944,1,FJ_pilot,2016.0,OMSO2e,4,,0
2026-06-29,L100000100287,Fuzhou Kemen power station,Fujian,26.3734254,119.7622418,1,FJ_pilot,2016.0,OMSO2e,4,-0.0266666579991579,6
2026-06-29,L100000100288,Fuzhou Jiangyin power station,Fujian,25.438464,119.3396226,1,FJ_pilot,2016.0,OMSO2e,4,0.1299999952316284,5
2026-06-29,L100000100291,Houshi power station,Fujian,24.3030594,118.1259157,1,FJ_pilot,2016.0,OMSO2e,4,,0
2026-06-29,L100000100293,Huaneng Fuzhou power station,Fujian,25.99083,119.4816,1,FJ_pilot,2016.0,OMSO2e,4,-0.2000000029802322,4
2026-06-29,L100000100298,Luoyuan Bay power station,Fujian,26.385334,119.789459,1,FJ_pilot,2016.0,OMSO2e,4,0.0085714375600218,7
2026-06-29,L100000100299,Meizhouwan power station,Fujian,25.1608278,119.0333354,1,FJ_pilot,2016.0,OMSO2e,4,-0.0325000025331974,4
2026-06-29,L100000100300,Nanpu Quanzhou power station,Fujian,25.2044,118.94385,1,FJ_pilot,2016.0,OMSO2e,4,-0.0050000008195638,2
2026-06-29,L100000100303,Xiamen Songyu power station,Fujian,24.4460582,118.0267975,1,FJ_pilot,2016.0,OMSO2e,4,,0
2026-06-29,L100000100318,Guazhou Changle power station,Gansu,40.6599,96.513,0,,,OMSO2e,4,,0
2026-06-29,L100000100320,Zhangye power station,Gansu,39.071222,100.462929,0,,,OMSO2e,4,,0
2026-06-29,L100000100326,Pingliang power station,Gansu,35.5017,106.7861,0,,,OMSO2e,4,,0
2026-06-29,L100000100328,Gansu Zhengning power station,Gansu,35.268403,107.975564,0,,,OMSO2e,4,,0
2026-06-29,L100000100339,Lingtai power station,Gansu,35.0858218,107.7152829,0,,,OMSO2e,4,,0
2026-06-29,L100000100347,Chaozhou Sanbaimen power station,Guangdong,23.56645,117.0972,1,GD_pilot,2013.0,OMSO2e,4,,0
2026-06-29,L100000100354,Leizhou power station,Guangdong,20.51161,109.82803,1,GD_pilot,2013.0,OMSO2e,4,,0
2026-06-29,L100000100358,Guangdong Huilai power station,Guangdong,23.0047771,116.5472388,1,GD_pilot,2013.0,OMSO2e,4,,0
2026-06-29,L100000100359,Guangdong Huizhou Pinghai power station,Guangdong,22.6064638,114.741919,1,GD_pilot,2013.0,OMSO2e,4,,0
2026-06-29,L100000100361,Guangdong Shaoguan power station,Guangdong,24.682,113.605,1,GD_pilot,2013.0,OMSO2e,4,,0
2026-06-29,L100000100372,Taishan power station,Guangdong,21.8667,112.9228,1,GD_pilot,2013.0,OMSO2e,4,,0
2026-06-29,L100000100377,Heyuan power station,Guangdong,23.567222,114.640278,1,GD_pilot,2013.0,OMSO2e,4,,0
2026-06-29,L100000100381,Haimen power station,Guangdong,23.1899,116.6548,1,GD_pilot,2013.0,OMSO2e,4,,0
2026-06-29,L100000100390,Lufeng Jiahuwan power station,Guangdong,22.832499,115.985482,1,GD_pilot,2013.0,OMSO2e,4,,0
2026-06-29,L100000100392,Maoming Bohe power station,Guangdong,21.441033,111.289628,1,GD_pilot,2013.0,OMSO2e,4,,0
2026-06-29,L100000100402,Shenhua Qingyuan power station,Guangdong,24.417008,113.540884,1,GD_pilot,2013.0,OMSO2e,4,,0
2026-06-29,L100000100407,Shanwei Haifeng CCS power station,Guangdong,22.7545453,115.0419938,1,GD_pilot,2013.0,OMSO2e,4,,0
2026-06-29,L100000100408,Shanwei Honghaiwan power station,Guangdong,22.70695,115.55529,1,GD_pilot,2013.0,OMSO2e,4,,0
2026-06-29,L100000100417,Yangxi Zhujiang power station,Guangdong,21.54264,111.67033,1,GD_pilot,2013.0,OMSO2e,4,,0
2026-06-29,L100000100418,Dabu power station,Guangdong,24.4057171,116.5877945,1,GD_pilot,2013.0,OMSO2e,4,,0
2026-06-29,L100000100430,Beihai Bebuwan power station,Guangxi,21.5821851,109.5816259,0,,,OMSO2e,4,,0
2026-06-29,L100000100436,Fangchenggang Qisha power station,Guangxi,21.5914,108.3946,0,,,OMSO2e,4,,0
2026-06-29,L100000100437,Beihai power station,Guangxi,21.535871,109.590176,0,,,OMSO2e,4,,0
2026-06-29,L100000100444,Hezhou power station,Guangxi,24.73609,111.34667,0,,,OMSO2e,4,,0
2026-06-29,L100000100452,Qinzhou power station,Guangxi,21.7004655,108.6243063,0,,,OMSO2e,4,,0
2026-06-29,L100000100477,Guizhou Fa'er power station,Guizhou,26.3259319,104.7705622,0,,,OMSO2e,4,,0
2026-06-29,L100000100498,Panxian-2 power station,Guizhou,25.4686039,104.5924059,0,,,OMSO2e,4,,0
2026-06-29,L100000100502,Qianxi power station,Guizhou,27.0516899,106.1252456,0,,,OMSO2e,4,,0
2026-06-29,L100000100542,China Resources Caofeidian power station,Hebei,38.9960653,118.4875488,0,,,OMSO2e,4,0.0400000028312206,6
2026-06-29,L100000100551,Dingzhou power station,Hebei,38.5122064,114.8433969,0,,,OMSO2e,4,,0
2026-06-29,L100000100568,Shang'an power station,Hebei,38.05729,114.19627,0,,,OMSO2e,4,,0
2026-06-29,L100000100569,Hebei Cangdong power station,Hebei,38.31,117.8786111,0,,,OMSO2e,4,0.1366666555404663,3
2026-06-29,L100000100591,Xibaipo power station,Hebei,38.245068,114.2149428,0,,,OMSO2e,4,,0
2026-06-29,L100000100598,Zhangjiakou power station,Hebei,40.6595781,114.9438143,0,,,OMSO2e,4,0.0599999949336051,4
2026-06-29,L100000100610,Qitaihe power station,Heilongjiang,45.7604176,131.0533476,0,,,OMSO2e,4,0.2274999916553497,4
2026-06-29,L100000100647,Datang Sanmenxia power station,Henan,34.6855176,111.0274363,0,,,OMSO2e,4,,0
2026-06-29,L100000100648,Xinyang power station,Henan,32.109018,114.140877,0,,,OMSO2e,4,,0
2026-06-29,L100000100650,Dengfeng-2 power station,Henan,34.39274,113.19878,0,,,OMSO2e,4,0.0971428677439689,7
2026-06-29,L100000100657,Hebi power station,Henan,35.851366,114.1798126,0,,,OMSO2e,4,,0
2026-06-29,L100000100664,Henan Xin'an power station,Henan,34.7413202,112.0634119,0,,,OMSO2e,4,,0
2026-06-29,L100000100665,Henan Xinmi power station,Henan,34.50003,113.59801,0,,,OMSO2e,4,0.3949999809265136,6
2026-06-29,L100000100677,Qinbei power station,Henan,35.1676,112.71654,0,,,OMSO2e,4,,0
2026-06-29,L100000100680,Jiaozuo Danhe power station,Henan,35.188487,112.887561,0,,,OMSO2e,4,,0
2026-06-29,L100000100696,Nanyang Yahekou power station,Henan,33.3086427,112.644474,0,,,OMSO2e,4,-0.3700000047683716,3
2026-06-29,L100000100697,Pingdingshan Luyang power station,Henan,33.82189,113.01438,0,,,OMSO2e,4,-0.2239999771118164,5
2026-06-29,L100000100707,Nanyang Neixiang power station,Henan,33.086416,111.90004,0,,,OMSO2e,4,-0.3700000047683716,2
2026-06-29,L100000100716,Xuchang Yulong power station,Henan,34.1751132,113.3581446,0,,,OMSO2e,4,0.197142869234085,7
2026-06-29,L100000100717,Yaomeng power station,Henan,33.7379928,113.2418822,0,,,OMSO2e,4,-0.4849999845027923,4
2026-06-29,L100000100730,Dabieshan power station,Hubei,31.1420662,114.8921871,1,HB_pilot,2014.0,OMSO2e,4,,0
2026-06-29,L100000100737,Hanchuan power station,Hubei,30.6566087,113.9172741,1,HB_pilot,2014.0,OMSO2e,4,,0
2026-06-29,L100000100740,Huadian Xisaishan power station,Hubei,30.203056,115.180278,1,HB_pilot,2014.0,OMSO2e,4,,0
2026-06-29,L100000100742,Yangluo power station,Hubei,30.6938889,114.5430556,1,HB_pilot,2014.0,OMSO2e,4,,0
2026-06-29,L100000100745,Hubei Ezhou power station,Hubei,30.5517656,114.6420121,1,HB_pilot,2014.0,OMSO2e,4,,0
2026-06-29,L100000100751,Puqi Xianning power station,Hubei,29.66523,113.87296,1,HB_pilot,2014.0,OMSO2e,4,,0
2026-06-29,L100000100760,Huadian Xiangyang power station,Hubei,31.9118256,112.16692,1,HB_pilot,2014.0,OMSO2e,4,,0
2026-06-29,L100000100771,Pingjiang power station,Hunan,28.808542,113.54144,0,,,OMSO2e,4,,0
2026-06-29,L100000100773,Huaneng Yueyang power station,Hunan,29.4497908,113.1623018,0,,,OMSO2e,4,,0
2026-06-29,L100000100779,Jinzhushan power station,Hunan,27.6252776,111.4823651,0,,,OMSO2e,4,,0
2026-06-29,L100000100782,Liyujiang power station,Hunan,25.940443,113.192476,0,,,OMSO2e,4,,0
2026-06-29,L100000100785,Shenhua Yongzhou power station,Hunan,26.56672,111.492692,0,,,OMSO2e,4,,0
2026-06-29,L100000100786,Guoneng Yueyang power station,Hunan,29.6129835,112.754572,0,,,OMSO2e,4,,0
2026-06-29,L100000100788,Xiangtan power station,Hunan,27.8282792,112.9968045,0,,,OMSO2e,4,,0
2026-06-29,L100000100789,Yiyang power station,Hunan,28.5966667,112.2686111,0,,,OMSO2e,4,,0
2026-06-29,L100000100795,Baotou Aluminum power station,Inner Mongolia,40.557202,110.148382,1,IM_voluntary,2015.0,OMSO2e,4,0.0299999993294477,3
2026-06-29,L100000100811,Chifeng Yuanbaoshan power station,Inner Mongolia,42.303333,119.324167,1,IM_voluntary,2015.0,OMSO2e,4,,0
2026-06-29,L100000100813,Chuangyuan Smelter power station,Inner Mongolia,45.437275,119.427496,1,IM_voluntary,2015.0,OMSO2e,4,,0
2026-06-29,L100000100822,Daihai power station,Inner Mongolia,40.519675,112.667725,1,IM_voluntary,2015.0,OMSO2e,4,-0.0283333417028188,6
2026-06-29,L100000100823,Dalate power station,Inner Mongolia,40.36695,109.99604,1,IM_voluntary,2015.0,OMSO2e,4,0.0299999993294477,2
2026-06-29,L100000100830,Togtoh power station,Inner Mongolia,40.1952329,111.358881,1,IM_voluntary,2015.0,OMSO2e,4,0.1599999964237213,6
2026-06-29,L100000100845,Guoneng Shanghaimiao power station,Inner Mongolia,38.309587,106.679378,1,IM_voluntary,2015.0,OMSO2e,4,,0
2026-06-29,L100000100847,Jiangsu Energy Group Wulagai power station,Inner Mongolia,45.955947,119.106454,1,IM_voluntary,2015.0,OMSO2e,4,,0
2026-06-29,L100000100861,Hohhot Jinshan cogen power station,Inner Mongolia,40.7072133,111.4600879,1,IM_voluntary,2015.0,OMSO2e,4,-0.2549999952316284,4
2026-06-29,L100000100863,Hongjun Aluminum power station,Inner Mongolia,45.5128784,119.6504373,1,IM_voluntary,2015.0,OMSO2e,4,,0
2026-06-29,L100000100887,Shangdu power station,Inner Mongolia,42.22369,116.029256,1,IM_voluntary,2015.0,OMSO2e,4,0.0450000017881393,2
2026-06-29,L100000100888,Inner Mongolia Changcheng power station,Inner Mongolia,38.249688,106.657876,1,IM_voluntary,2015.0,OMSO2e,4,,0
2026-06-29,L100000100894,Yimin power station,Inner Mongolia,48.549722,119.773889,1,IM_voluntary,2015.0,OMSO2e,4,,0
2026-06-29,L100000100899,Huolinhe Zhanute power station,Inner Mongolia,45.409847,119.596739,1,IM_voluntary,2015.0,OMSO2e,4,,0
2026-06-29,L100000100910,Jining power station,Inner Mongolia,41.053294,113.153289,1,IM_voluntary,2015.0,OMSO2e,4,0.2599999904632568,2
2026-06-29,L100000100913,Junggar Suancigou power station,Inner Mongolia,39.711744,111.200548,1,IM_voluntary,2015.0,OMSO2e,4,-0.0940000042319297,5
2026-06-29,L100000100933,Mengtai Beijiao power station,Inner Mongolia,39.846004,109.984888,1,IM_voluntary,2015.0,OMSO2e,4,,0
2026-06-29,L100000100937,Ordos Power Qipanjing power station,Inner Mongolia,39.385235,106.965664,1,IM_voluntary,2015.0,OMSO2e,4,,0
2026-06-29,L100000100948,Inner Mongolia Shenglu power station,Inner Mongolia,38.373756,106.782583,1,IM_voluntary,2015.0,OMSO2e,4,,0
2026-06-29,L100000100954,Tongliao power station,Inner Mongolia,43.6713737,122.1535206,1,IM_voluntary,2015.0,OMSO2e,4,,0
2026-06-29,L100000100969,Changshu-1 power station,Jiangsu,31.753204,120.9634852,0,,,OMSO2e,4,,0
2026-06-29,L100000100970,Changshu-2 power station,Jiangsu,31.757764,120.97813,0,,,OMSO2e,4,,0
2026-06-29,L100000100973,Yancheng Binhai power station,Jiangsu,34.307421,120.246943,0,,,OMSO2e,4,,0
2026-06-29,L100000100974,Changzhou power station,Jiangsu,31.9583333,119.9925,0,,,OMSO2e,4,,0
2026-06-29,L100000100982,Taizhou power station,Jiangsu,32.187206,119.914444,0,,,OMSO2e,4,,0
2026-06-29,L100000100984,Guohua Xuzhou power station,Jiangsu,34.395144,117.259705,0,,,OMSO2e,4,,0
2026-06-29,L100000100988,Jurong power station,Jiangsu,32.19575,119.2497,0,,,OMSO2e,4,,0
2026-06-29,L100000100993,Jinling power station,Jiangsu,32.17178,119.01977,0,,,OMSO2e,4,,0
2026-06-29,L100000100997,Huaneng Taicang power station,Jiangsu,31.656908,121.17932,0,,,OMSO2e,4,,0
2026-06-29,L100000100998,Jianbi power station,Jiangsu,32.17693,119.57554,0,,,OMSO2e,4,,0
2026-06-29,L100000101000,Guoxin Jingjiang power station,Jiangsu,32.030487,120.383144,0,,,OMSO2e,4,,0
2026-06-29,L100000101005,Jiangsu Nantong power station,Jiangsu,32.03214,120.76956,0,,,OMSO2e,4,,0
2026-06-29,L100000101008,Jiangsu Sheyanggang power station,Jiangsu,33.8185009,120.4633498,0,,,OMSO2e,4,,0
2026-06-29,L100000101018,Ligang power station,Jiangsu,31.940813,120.0766476,0,,,OMSO2e,4,,0
2026-06-29,L100000101020,Lusigang power station,Jiangsu,32.05858,121.72669,0,,,OMSO2e,4,,0
2026-06-29,L100000101039,Xinhai power station,Jiangsu,34.57789,119.12671,0,,,OMSO2e,4,,0
2026-06-29,L100000101044,Xuzhou Pengcheng power station,Jiangsu,34.3779,117.17591,0,,,OMSO2e,4,,0
2026-06-29,L100000101047,Guoxin Yangzhou power station,Jiangsu,32.267778,119.419444,0,,,OMSO2e,4,,0
2026-06-29,L100000101053,Zhangjiagang Shazhou power station,Jiangsu,31.989733,120.6879258,0,,,OMSO2e,4,,0
2026-06-29,L100000101057,Fuzhou power station,Jiangxi,27.7844943,116.5644289,0,,,OMSO2e,4,,0
2026-06-29,L100000101058,Datang Xinyu power station,Jiangxi,27.679755,114.956506,0,,,OMSO2e,4,,0
2026-06-29,L100000101060,Fengcheng power station,Jiangxi,28.1943602,115.7088424,0,,,OMSO2e,4,,0
2026-06-29,L100000101063,Guixi power station,Jiangxi,28.28914,117.2235,0,,,OMSO2e,4,,0
2026-06-29,L100000101068,Jinggangshan power station,Jiangxi,27.0474697,115.0203859,0,,,OMSO2e,4,,0
2026-06-29,L100000101069,Ruijin power station,Jiangxi,25.9244055,115.1028219,0,,,OMSO2e,4,,0
2026-06-29,L100000101074,Shenhua Jiujiang power station,Jiangxi,29.826619,116.375973,0,,,OMSO2e,4,,0
2026-06-29,L100000101114,Shuangliao power station,Jilin,43.5282178,123.4633255,0,,,OMSO2e,4,,0
2026-06-29,L100000101160,Yingkou power station,Liaoning,40.303837,122.105968,0,,,OMSO2e,4,,0
2026-06-29,L100000101178,Suizhong power station,Liaoning,40.07962,120.00959,0,,,OMSO2e,4,,0
2026-06-29,L100000101181,Tieling power station,Liaoning,42.3450141,123.8030455,0,,,OMSO2e,4,,0
2026-06-29,L100000101187,Daba power station,Ningxia,37.9916691,105.9247833,0,,,OMSO2e,4,,0
2026-06-29,L100000101190,Ningdong Fangjiazhuang power station,Ningxia,37.837649,106.666501,0,,,OMSO2e,4,,0
2026-06-29,L100000101191,Shizuishan power station,Ningxia,39.2848224,106.7890371,0,,,OMSO2e,4,,0
2026-06-29,L100000101192,Ningdong power station,Ningxia,37.844757,106.786777,0,,,OMSO2e,4,,0
2026-06-29,L100000101203,Ningxia Lingwu power station,Ningxia,38.148333,106.345833,0,,,OMSO2e,4,,0
2026-06-29,L100000101219,Yuanyang Lake power station,Ningxia,38.0575,106.691389,0,,,OMSO2e,4,,0
2026-06-29,L100000101244,Fugu Qingshuichuan power station,Shaanxi,39.2048853,111.1190328,0,,,OMSO2e,4,-0.550000011920929,3
2026-06-29,L100000101246,Guodian Baoji-2 power station,Shaanxi,34.4980333,107.2181511,0,,,OMSO2e,4,,0
2026-06-29,L100000101252,Hancheng power station,Shaanxi,35.6007189,110.5557051,0,,,OMSO2e,4,,0
2026-06-29,L100000101265,Leilongwan power station,Shaanxi,37.925376,109.101678,0,,,OMSO2e,4,,0
2026-06-29,L100000101269,Pucheng power station,Shaanxi,34.9779314,109.7999759,0,,,OMSO2e,4,,0
2026-06-29,L100000101277,Fugu Miaogoumen power station,Shaanxi,39.208319,110.784956,0,,,OMSO2e,4,-0.550000011920929,3
2026-06-29,L100000101278,Jinjie power station,Shaanxi,38.7368389,110.1661297,0,,,OMSO2e,4,,0
2026-06-29,L100000101297,Yulin Hengshan power station,Shaanxi,38.03372,109.415067,0,,,OMSO2e,4,,0
2026-06-29,L100000101307,Binzhou Boxing power station,Shandong,37.27629,118.330855,0,,,OMSO2e,4,,0
2026-06-29,L100000101316,Datang Dongying power station,Shandong,38.113151,118.910229,0,,,OMSO2e,4,-0.1950000077486038,6
2026-06-29,L100000101332,Guohua Shouguang power station,Shandong,37.269686,118.906738,0,,,OMSO2e,4,0.1700000017881393,2
2026-06-29,L100000101339,Huadian Laizhou power station,Shandong,37.432222,120.018056,0,,,OMSO2e,4,-0.0439999997615814,5
2026-06-29,L100000101341,Shiliquan power station,Shandong,34.814444,117.573056,0,,,OMSO2e,4,,0
2026-06-29,L100000101342,Huadian Weifang power station,Shandong,36.6656392,119.2632115,0,,,OMSO2e,4,,0
2026-06-29,L100000101344,Huaneng Dezhou power station,Shandong,37.449349,116.2415516,0,,,OMSO2e,4,,0
2026-06-29,L100000101348,Huaneng Laiwu power station,Shandong,36.1342702,117.6849675,0,,,OMSO2e,4,,0
2026-06-29,L100000101383,Rizhao power station,Shandong,35.3454727,119.5104761,0,,,OMSO2e,4,-0.0299999993294477,2
2026-06-29,L100000101399,Shiheng-2 power station,Shandong,36.2123187,116.5136301,0,,,OMSO2e,4,,0
2026-06-29,L100000101409,Weihai power station,Shandong,37.44899,122.20724,0,,,OMSO2e,4,,0
2026-06-29,L100000101415,Weiqiao Huji power station,Shandong,37.347901,117.781587,0,,,OMSO2e,4,,0
2026-06-29,L100000101420,Weiqiao Zouping-1 power station,Shandong,36.9106725,117.7853572,0,,,OMSO2e,4,,0
2026-06-29,L100000101425,Weiqiao Zouping-7 power station,Shandong,36.896297,117.860459,0,,,OMSO2e,4,,0
2026-06-29,L100000101429,Shandong Xinfa Xinyuan power station,Shandong,36.615766,116.225215,0,,,OMSO2e,4,,0
2026-06-29,L100000101442,Zouxian power station,Shandong,35.3255698,116.9260912,0,,,OMSO2e,4,,0
2026-06-29,L100000101444,Shanghai Caojing power station,Shanghai,30.76073,121.4008,1,SH_pilot,2013.0,OMSO2e,4,,0
2026-06-29,L100000101447,Shanghai Shidongkou power station,Shanghai,31.4650719,121.4048433,1,SH_pilot,2013.0,OMSO2e,4,,0
2026-06-29,L100000101448,Waigaoqiao power station,Shanghai,31.3536333,121.6002746,1,SH_pilot,2013.0,OMSO2e,4,,0
2026-06-29,L100000101515,Shanxi Zhaoguang power station,Shanxi,36.5537987,111.6917736,0,,,OMSO2e,4,,0
2026-06-29,L100000101518,Shenhua Hequ power station,Shanxi,39.3830746,111.1843014,0,,,OMSO2e,4,-0.3220000267028808,5
2026-06-29,L100000101519,Shentou power station,Shanxi,39.550981,112.488736,0,,,OMSO2e,4,0.3816666603088379,6
2026-06-29,L100000101529,Tongmei Tashan power station,Shanxi,39.9249917,113.0839199,0,,,OMSO2e,4,0.3528571128845215,7
2026-06-29,L100000101542,Xishan Gujiao power station,Shanxi,37.8952266,112.0930982,0,,,OMSO2e,4,0.3000000119209289,2
2026-06-29,L100000101543,Yangcheng power station,Shanxi,35.466123,112.5742039,0,,,OMSO2e,4,,0
2026-06-29,L100000101551,Yuguang Coal power station,Shanxi,38.078135,113.482791,0,,,OMSO2e,4,,0
2026-06-29,L100000101554,Zhangshan power station,Shanxi,36.326115,113.081402,0,,,OMSO2e,4,,0
2026-06-29,L100000101555,Changzhi power station,Shanxi,36.3226498,113.0816012,0,,,OMSO2e,4,,0
2026-06-29,L100000101567,Guang'an power station,Sichuan,30.5288201,106.8264802,0,,,OMSO2e,4,,0
2026-06-29,L100000101580,Tianming power station,Sichuan,31.869616,104.910148,0,,,OMSO2e,4,,0
2026-06-29,L100000101588,Panshan power station,Tianjin,39.9801382,117.4630704,1,TJ_pilot,2013.0,OMSO2e,4,,0
2026-06-29,L100000101589,Tianjin Beijiang power station,Tianjin,39.2193209,117.9298639,1,TJ_pilot,2013.0,OMSO2e,4,0.145000010728836,2
2026-06-29,L100000101617,East Hope Metals Wucaiwan power station,Xinjiang,44.6829461,89.1158667,0,,,OMSO2e,4,,0
2026-06-29,L100000101668,Xinjiang Qiya Smelter power station,Xinjiang,44.8955881,89.049629,0,,,OMSO2e,4,,0
2026-06-29,L100000101675,Shenhua Guoneng Hami power station,Xinjiang,42.411226,93.009166,0,,,OMSO2e,4,,0
2026-06-29,L100000101677,Shenhua Zhundong Wucaiwan power station,Xinjiang,44.795533,89.149825,0,,,OMSO2e,4,,0
2026-06-29,L100000101681,Tianchi Changji cogen power station,Xinjiang,44.004362,87.171961,0,,,OMSO2e,4,0.3499999940395355,1
2026-06-29,L100000101682,Tianchi Energy Zhundong Wucaiwan power station,Xinjiang,44.8524482,89.1959171,0,,,OMSO2e,4,,0
2026-06-29,L100000101696,Wucaiwan Bei'er power station,Xinjiang,44.8388927,89.1908616,0,,,OMSO2e,4,,0
2026-06-29,L100000101697,Wujiaqu power station,Xinjiang,44.26892,87.687877,0,,,OMSO2e,4,0.2000000029802322,2
2026-06-29,L100000101709,XPCC Shihezi Cogen power station,Xinjiang,44.428094,86.093609,0,,,OMSO2e,4,-0.0057142889127135,7
2026-06-29,L100000101716,Diandong power station,Yunnan,25.19943,104.6819,0,,,OMSO2e,4,,0
2026-06-29,L100000101730,Wushashan power station,Zhejiang,29.505411,121.662934,0,,,OMSO2e,4,,0
2026-06-29,L100000101731,Beilun power station,Zhejiang,29.9427256,121.8131207,0,,,OMSO2e,4,,0
2026-06-29,L100000101732,Guohua Zhoushan power station,Zhejiang,30.103996,122.184817,0,,,OMSO2e,4,,0
2026-06-29,L100000101736,Yuhuan power station,Zhejiang,28.1151529,121.1391369,0,,,OMSO2e,4,-0.1075000017881393,4
2026-06-29,L100000101737,China Resources Wenzhou power station,Zhejiang,27.4974228,120.6631851,0,,,OMSO2e,4,-0.4283333718776703,6
2026-06-29,L100000101739,Jiaxing power station,Zhejiang,30.62804,121.14422,0,,,OMSO2e,4,,0
2026-06-29,L100000101742,Lanxi power station,Zhejiang,29.1866175,119.5068449,0,,,OMSO2e,4,,0
2026-06-29,L100000101747,Ninghai power station,Zhejiang,29.4817622,121.5114792,0,,,OMSO2e,4,,0
2026-06-29,L100000101750,Zhejiang Taizhou-2 power station,Zhejiang,29.012395,121.695507,0,,,OMSO2e,4,,0
2026-06-29,L100000101761,Zheneng Liuheng power station,Zhejiang,29.7593387,122.1266091,0,,,OMSO2e,4,,0
2026-06-29,L100000101762,Zheneng Wenzhou power station,Zhejiang,27.9957103,120.8358582,0,,,OMSO2e,4,-0.1299999952316284,5
2026-06-29,L100000101763,Zheneng Yueqing power station,Zhejiang,28.1704074,121.0889375,0,,,OMSO2e,4,-0.1075000017881393,4
2026-06-29,L100000104506,Fu County power station,Shaanxi,35.858656,109.2167,0,,,OMSO2e,4,,0
2026-06-29,L100000104758,Hubei Yicheng power station,Hubei,31.781843,112.129461,1,HB_pilot,2014.0,OMSO2e,4,,0
2026-06-29,L100000104917,Shanggao power station,Jiangxi,28.185566,114.825697,0,,,OMSO2e,4,,0
2026-06-29,L100000104944,Hami-Chongqing UHV Transmission Line power station,Xinjiang,44.53792,92.926001,0,,,OMSO2e,4,,0
2026-06-29,L100000104970,Jiangsu Guoxin Shazhou power station,Jiangsu,31.985654,120.684419,0,,,OMSO2e,4,,0
2026-06-29,L100000105025,Datong-2 power station,Shanxi,40.0279118,113.2933181,0,,,OMSO2e,4,0.4800000190734863,6
2026-06-28,L100000100200,Anhui Bengbu power station,Anhui,32.78444,117.11472,0,,,OMSO2e,4,,0
2026-06-28,L100000100201,Anhui Huainan Panji power station,Anhui,32.76917,116.759595,0,,,OMSO2e,4,,0
2026-06-28,L100000100205,Chizhou Jiuhua power station,Anhui,30.7531097,117.5906618,0,,,OMSO2e,4,,0
2026-06-28,L100000100206,Pingwei power station,Anhui,32.68417,116.901389,0,,,OMSO2e,4,,0
2026-06-28,L100000100211,Fuyang power station,Anhui,33.00444,115.845278,0,,,OMSO2e,4,,0
2026-06-28,L100000100218,Wuhu power station,Anhui,31.2372348,118.1497184,0,,,OMSO2e,4,,0
2026-06-28,L100000100222,Huaibei Pingshan power station,Anhui,33.83392,116.831102,0,,,OMSO2e,4,,0
2026-06-28,L100000100223,Huainan Fengtai power station,Anhui,32.758,116.65,0,,,OMSO2e,4,,0
2026-06-28,L100000100225,Huainan Luohe power station,Anhui,32.68455,117.07511,0,,,OMSO2e,4,,0
2026-06-28,L100000100226,Huainan Tianji power station,Anhui,32.7465,116.8127,0,,,OMSO2e,4,,0
2026-06-28,L100000100233,Lixin Banji power station,Anhui,32.897245,116.242561,0,,,OMSO2e,4,,0
2026-06-28,L100000100237,Anqing power station,Anhui,30.541,117.1717,0,,,OMSO2e,4,,0
2026-06-28,L100000100240,Suzhou Qianyingzi power station,Anhui,33.5107954,116.9261351,0,,,OMSO2e,4,,0
2026-06-28,L100000100242,Tongling Wanneng power station,Anhui,30.88181,117.76439,0,,,OMSO2e,4,,0
2026-06-28,L100000100245,Ma'anshan power station,Anhui,31.750737,118.4796925,0,,,OMSO2e,4,,0
2026-06-28,L100000100269,Chongqing Shuanghuai power station,Chongqing,30.1611074,106.5480599,1,CQ_pilot,2013.0,OMSO2e,4,,0
2026-06-28,L100000100272,Luohuang power station,Chongqing,29.347364,106.433182,1,CQ_pilot,2013.0,OMSO2e,4,,0
2026-06-28,L100000100276,Chongqing Wanzhou power station,Chongqing,30.677938,108.398976,1,CQ_pilot,2013.0,OMSO2e,4,,0
2026-06-28,L100000100283,Ningde power station,Fujian,26.7574469,119.7353942,1,FJ_pilot,2016.0,OMSO2e,4,,0
2026-06-28,L100000100285,Fujian Hongshan power station,Fujian,24.7272766,118.7496944,1,FJ_pilot,2016.0,OMSO2e,4,,0
2026-06-28,L100000100287,Fuzhou Kemen power station,Fujian,26.3734254,119.7622418,1,FJ_pilot,2016.0,OMSO2e,4,,0
2026-06-28,L100000100288,Fuzhou Jiangyin power station,Fujian,25.438464,119.3396226,1,FJ_pilot,2016.0,OMSO2e,4,,0
2026-06-28,L100000100291,Houshi power station,Fujian,24.3030594,118.1259157,1,FJ_pilot,2016.0,OMSO2e,4,,0
2026-06-28,L100000100293,Huaneng Fuzhou power station,Fujian,25.99083,119.4816,1,FJ_pilot,2016.0,OMSO2e,4,,0
2026-06-28,L100000100298,Luoyuan Bay power station,Fujian,26.385334,119.789459,1,FJ_pilot,2016.0,OMSO2e,4,,0
2026-06-28,L100000100299,Meizhouwan power station,Fujian,25.1608278,119.0333354,1,FJ_pilot,2016.0,OMSO2e,4,,0
2026-06-28,L100000100300,Nanpu Quanzhou power station,Fujian,25.2044,118.94385,1,FJ_pilot,2016.0,OMSO2e,4,,0
2026-06-28,L100000100303,Xiamen Songyu power station,Fujian,24.4460582,118.0267975,1,FJ_pilot,2016.0,OMSO2e,4,,0
2026-06-28,L100000100318,Guazhou Changle power station,Gansu,40.6599,96.513,0,,,OMSO2e,4,,0
2026-06-28,L100000100320,Zhangye power station,Gansu,39.071222,100.462929,0,,,OMSO2e,4,0.3949999809265136,6
2026-06-28,L100000100326,Pingliang power station,Gansu,35.5017,106.7861,0,,,OMSO2e,4,,0
2026-06-28,L100000100328,Gansu Zhengning power station,Gansu,35.268403,107.975564,0,,,OMSO2e,4,,0
2026-06-28,L100000100339,Lingtai power station,Gansu,35.0858218,107.7152829,0,,,OMSO2e,4,,0
2026-06-28,L100000100347,Chaozhou Sanbaimen power station,Guangdong,23.56645,117.0972,1,GD_pilot,2013.0,OMSO2e,4,,0
2026-06-28,L100000100354,Leizhou power station,Guangdong,20.51161,109.82803,1,GD_pilot,2013.0,OMSO2e,4,,0
2026-06-28,L100000100358,Guangdong Huilai power station,Guangdong,23.0047771,116.5472388,1,GD_pilot,2013.0,OMSO2e,4,,0
2026-06-28,L100000100359,Guangdong Huizhou Pinghai power station,Guangdong,22.6064638,114.741919,1,GD_pilot,2013.0,OMSO2e,4,,0
2026-06-28,L100000100361,Guangdong Shaoguan power station,Guangdong,24.682,113.605,1,GD_pilot,2013.0,OMSO2e,4,,0
2026-06-28,L100000100372,Taishan power station,Guangdong,21.8667,112.9228,1,GD_pilot,2013.0,OMSO2e,4,,0
2026-06-28,L100000100377,Heyuan power station,Guangdong,23.567222,114.640278,1,GD_pilot,2013.0,OMSO2e,4,,0
2026-06-28,L100000100381,Haimen power station,Guangdong,23.1899,116.6548,1,GD_pilot,2013.0,OMSO2e,4,,0
2026-06-28,L100000100390,Lufeng Jiahuwan power station,Guangdong,22.832499,115.985482,1,GD_pilot,2013.0,OMSO2e,4,,0
2026-06-28,L100000100392,Maoming Bohe power station,Guangdong,21.441033,111.289628,1,GD_pilot,2013.0,OMSO2e,4,,0
2026-06-28,L100000100402,Shenhua Qingyuan power station,Guangdong,24.417008,113.540884,1,GD_pilot,2013.0,OMSO2e,4,,0
2026-06-28,L100000100407,Shanwei Haifeng CCS power station,Guangdong,22.7545453,115.0419938,1,GD_pilot,2013.0,OMSO2e,4,,0
2026-06-28,L100000100408,Shanwei Honghaiwan power station,Guangdong,22.70695,115.55529,1,GD_pilot,2013.0,OMSO2e,4,,0
2026-06-28,L100000100417,Yangxi Zhujiang power station,Guangdong,21.54264,111.67033,1,GD_pilot,2013.0,OMSO2e,4,,0
2026-06-28,L100000100418,Dabu power station,Guangdong,24.4057171,116.5877945,1,GD_pilot,2013.0,OMSO2e,4,,0
2026-06-28,L100000100430,Beihai Bebuwan power station,Guangxi,21.5821851,109.5816259,0,,,OMSO2e,4,,0
2026-06-28,L100000100436,Fangchenggang Qisha power station,Guangxi,21.5914,108.3946,0,,,OMSO2e,4,,0
2026-06-28,L100000100437,Beihai power station,Guangxi,21.535871,109.590176,0,,,OMSO2e,4,,0
2026-06-28,L100000100444,Hezhou power station,Guangxi,24.73609,111.34667,0,,,OMSO2e,4,,0
2026-06-28,L100000100452,Qinzhou power station,Guangxi,21.7004655,108.6243063,0,,,OMSO2e,4,,0
2026-06-28,L100000100477,Guizhou Fa'er power station,Guizhou,26.3259319,104.7705622,0,,,OMSO2e,4,,0
2026-06-28,L100000100498,Panxian-2 power station,Guizhou,25.4686039,104.5924059,0,,,OMSO2e,4,,0
2026-06-28,L100000100502,Qianxi power station,Guizhou,27.0516899,106.1252456,0,,,OMSO2e,4,,0
2026-06-28,L100000100542,China Resources Caofeidian power station,Hebei,38.9960653,118.4875488,0,,,OMSO2e,4,,0
2026-06-28,L100000100551,Dingzhou power station,Hebei,38.5122064,114.8433969,0,,,OMSO2e,4,,0
2026-06-28,L100000100568,Shang'an power station,Hebei,38.05729,114.19627,0,,,OMSO2e,4,,0
2026-06-28,L100000100569,Hebei Cangdong power station,Hebei,38.31,117.8786111,0,,,OMSO2e,4,,0
2026-06-28,L100000100591,Xibaipo power station,Hebei,38.245068,114.2149428,0,,,OMSO2e,4,,0
2026-06-28,L100000100598,Zhangjiakou power station,Hebei,40.6595781,114.9438143,0,,,OMSO2e,4,,0
2026-06-28,L100000100610,Qitaihe power station,Heilongjiang,45.7604176,131.0533476,0,,,OMSO2e,4,,0
2026-06-28,L100000100647,Datang Sanmenxia power station,Henan,34.6855176,111.0274363,0,,,OMSO2e,4,,0
2026-06-28,L100000100648,Xinyang power station,Henan,32.109018,114.140877,0,,,OMSO2e,4,,0
2026-06-28,L100000100650,Dengfeng-2 power station,Henan,34.39274,113.19878,0,,,OMSO2e,4,,0
2026-06-28,L100000100657,Hebi power station,Henan,35.851366,114.1798126,0,,,OMSO2e,4,,0
2026-06-28,L100000100664,Henan Xin'an power station,Henan,34.7413202,112.0634119,0,,,OMSO2e,4,,0
2026-06-28,L100000100665,Henan Xinmi power station,Henan,34.50003,113.59801,0,,,OMSO2e,4,,0
2026-06-28,L100000100677,Qinbei power station,Henan,35.1676,112.71654,0,,,OMSO2e,4,,0
2026-06-28,L100000100680,Jiaozuo Danhe power station,Henan,35.188487,112.887561,0,,,OMSO2e,4,,0
2026-06-28,L100000100696,Nanyang Yahekou power station,Henan,33.3086427,112.644474,0,,,OMSO2e,4,,0
2026-06-28,L100000100697,Pingdingshan Luyang power station,Henan,33.82189,113.01438,0,,,OMSO2e,4,,0
2026-06-28,L100000100707,Nanyang Neixiang power station,Henan,33.086416,111.90004,0,,,OMSO2e,4,,0
2026-06-28,L100000100716,Xuchang Yulong power station,Henan,34.1751132,113.3581446,0,,,OMSO2e,4,,0
2026-06-28,L100000100717,Yaomeng power station,Henan,33.7379928,113.2418822,0,,,OMSO2e,4,,0
2026-06-28,L100000100730,Dabieshan power station,Hubei,31.1420662,114.8921871,1,HB_pilot,2014.0,OMSO2e,4,,0
2026-06-28,L100000100737,Hanchuan power station,Hubei,30.6566087,113.9172741,1,HB_pilot,2014.0,OMSO2e,4,,0
2026-06-28,L100000100740,Huadian Xisaishan power station,Hubei,30.203056,115.180278,1,HB_pilot,2014.0,OMSO2e,4,,0
2026-06-28,L100000100742,Yangluo power station,Hubei,30.6938889,114.5430556,1,HB_pilot,2014.0,OMSO2e,4,,0
2026-06-28,L100000100745,Hubei Ezhou power station,Hubei,30.5517656,114.6420121,1,HB_pilot,2014.0,OMSO2e,4,,0
2026-06-28,L100000100751,Puqi Xianning power station,Hubei,29.66523,113.87296,1,HB_pilot,2014.0,OMSO2e,4,,0
2026-06-28,L100000100760,Huadian Xiangyang power station,Hubei,31.9118256,112.16692,1,HB_pilot,2014.0,OMSO2e,4,,0
2026-06-28,L100000100771,Pingjiang power station,Hunan,28.808542,113.54144,0,,,OMSO2e,4,,0
2026-06-28,L100000100773,Huaneng Yueyang power station,Hunan,29.4497908,113.1623018,0,,,OMSO2e,4,,0
2026-06-28,L100000100779,Jinzhushan power station,Hunan,27.6252776,111.4823651,0,,,OMSO2e,4,,0
2026-06-28,L100000100782,Liyujiang power station,Hunan,25.940443,113.192476,0,,,OMSO2e,4,,0
2026-06-28,L100000100785,Shenhua Yongzhou power station,Hunan,26.56672,111.492692,0,,,OMSO2e,4,,0
2026-06-28,L100000100786,Guoneng Yueyang power station,Hunan,29.6129835,112.754572,0,,,OMSO2e,4,,0
2026-06-28,L100000100788,Xiangtan power station,Hunan,27.8282792,112.9968045,0,,,OMSO2e,4,,0
2026-06-28,L100000100789,Yiyang power station,Hunan,28.5966667,112.2686111,0,,,OMSO2e,4,,0
2026-06-28,L100000100795,Baotou Aluminum power station,Inner Mongolia,40.557202,110.148382,1,IM_voluntary,2015.0,OMSO2e,4,,0
2026-06-28,L100000100811,Chifeng Yuanbaoshan power station,Inner Mongolia,42.303333,119.324167,1,IM_voluntary,2015.0,OMSO2e,4,,0
2026-06-28,L100000100813,Chuangyuan Smelter power station,Inner Mongolia,45.437275,119.427496,1,IM_voluntary,2015.0,OMSO2e,4,,0
2026-06-28,L100000100822,Daihai power station,Inner Mongolia,40.519675,112.667725,1,IM_voluntary,2015.0,OMSO2e,4,,0
2026-06-28,L100000100823,Dalate power station,Inner Mongolia,40.36695,109.99604,1,IM_voluntary,2015.0,OMSO2e,4,,0
2026-06-28,L100000100830,Togtoh power station,Inner Mongolia,40.1952329,111.358881,1,IM_voluntary,2015.0,OMSO2e,4,,0
2026-06-28,L100000100845,Guoneng Shanghaimiao power station,Inner Mongolia,38.309587,106.679378,1,IM_voluntary,2015.0,OMSO2e,4,,0
2026-06-28,L100000100847,Jiangsu Energy Group Wulagai power station,Inner Mongolia,45.955947,119.106454,1,IM_voluntary,2015.0,OMSO2e,4,,0
2026-06-28,L100000100861,Hohhot Jinshan cogen power station,Inner Mongolia,40.7072133,111.4600879,1,IM_voluntary,2015.0,OMSO2e,4,,0
2026-06-28,L100000100863,Hongjun Aluminum power station,Inner Mongolia,45.5128784,119.6504373,1,IM_voluntary,2015.0,OMSO2e,4,,0
2026-06-28,L100000100887,Shangdu power station,Inner Mongolia,42.22369,116.029256,1,IM_voluntary,2015.0,OMSO2e,4,,0
2026-06-28,L100000100888,Inner Mongolia Changcheng power station,Inner Mongolia,38.249688,106.657876,1,IM_voluntary,2015.0,OMSO2e,4,,0
2026-06-28,L100000100894,Yimin power station,Inner Mongolia,48.549722,119.773889,1,IM_voluntary,2015.0,OMSO2e,4,,0
2026-06-28,L100000100899,Huolinhe Zhanute power station,Inner Mongolia,45.409847,119.596739,1,IM_voluntary,2015.0,OMSO2e,4,,0
2026-06-28,L100000100910,Jining power station,Inner Mongolia,41.053294,113.153289,1,IM_voluntary,2015.0,OMSO2e,4,,0
2026-06-28,L100000100913,Junggar Suancigou power station,Inner Mongolia,39.711744,111.200548,1,IM_voluntary,2015.0,OMSO2e,4,,0
2026-06-28,L100000100933,Mengtai Beijiao power station,Inner Mongolia,39.846004,109.984888,1,IM_voluntary,2015.0,OMSO2e,4,,0
2026-06-28,L100000100937,Ordos Power Qipanjing power station,Inner Mongolia,39.385235,106.965664,1,IM_voluntary,2015.0,OMSO2e,4,,0
2026-06-28,L100000100948,Inner Mongolia Shenglu power station,Inner Mongolia,38.373756,106.782583,1,IM_voluntary,2015.0,OMSO2e,4,,0
2026-06-28,L100000100954,Tongliao power station,Inner Mongolia,43.6713737,122.1535206,1,IM_voluntary,2015.0,OMSO2e,4,,0
2026-06-28,L100000100969,Changshu-1 power station,Jiangsu,31.753204,120.9634852,0,,,OMSO2e,4,,0
2026-06-28,L100000100970,Changshu-2 power station,Jiangsu,31.757764,120.97813,0,,,OMSO2e,4,,0
2026-06-28,L100000100973,Yancheng Binhai power station,Jiangsu,34.307421,120.246943,0,,,OMSO2e,4,-0.3440000116825104,5
2026-06-28,L100000100974,Changzhou power station,Jiangsu,31.9583333,119.9925,0,,,OMSO2e,4,,0
2026-06-28,L100000100982,Taizhou power station,Jiangsu,32.187206,119.914444,0,,,OMSO2e,4,,0
2026-06-28,L100000100984,Guohua Xuzhou power station,Jiangsu,34.395144,117.259705,0,,,OMSO2e,4,,0
2026-06-28,L100000100988,Jurong power station,Jiangsu,32.19575,119.2497,0,,,OMSO2e,4,,0
2026-06-28,L100000100993,Jinling power station,Jiangsu,32.17178,119.01977,0,,,OMSO2e,4,,0
2026-06-28,L100000100997,Huaneng Taicang power station,Jiangsu,31.656908,121.17932,0,,,OMSO2e,4,,0
2026-06-28,L100000100998,Jianbi power station,Jiangsu,32.17693,119.57554,0,,,OMSO2e,4,,0
2026-06-28,L100000101000,Guoxin Jingjiang power station,Jiangsu,32.030487,120.383144,0,,,OMSO2e,4,,0
2026-06-28,L100000101005,Jiangsu Nantong power station,Jiangsu,32.03214,120.76956,0,,,OMSO2e,4,,0
2026-06-28,L100000101008,Jiangsu Sheyanggang power station,Jiangsu,33.8185009,120.4633498,0,,,OMSO2e,4,-0.0299999974668025,5
2026-06-28,L100000101018,Ligang power station,Jiangsu,31.940813,120.0766476,0,,,OMSO2e,4,,0
2026-06-28,L100000101020,Lusigang power station,Jiangsu,32.05858,121.72669,0,,,OMSO2e,4,,0
2026-06-28,L100000101039,Xinhai power station,Jiangsu,34.57789,119.12671,0,,,OMSO2e,4,-0.0757142901420593,7
2026-06-28,L100000101044,Xuzhou Pengcheng power station,Jiangsu,34.3779,117.17591,0,,,OMSO2e,4,,0
2026-06-28,L100000101047,Guoxin Yangzhou power station,Jiangsu,32.267778,119.419444,0,,,OMSO2e,4,,0
2026-06-28,L100000101053,Zhangjiagang Shazhou power station,Jiangsu,31.989733,120.6879258,0,,,OMSO2e,4,,0
2026-06-28,L100000101057,Fuzhou power station,Jiangxi,27.7844943,116.5644289,0,,,OMSO2e,4,,0
2026-06-28,L100000101058,Datang Xinyu power station,Jiangxi,27.679755,114.956506,0,,,OMSO2e,4,,0
2026-06-28,L100000101060,Fengcheng power station,Jiangxi,28.1943602,115.7088424,0,,,OMSO2e,4,,0
2026-06-28,L100000101063,Guixi power station,Jiangxi,28.28914,117.2235,0,,,OMSO2e,4,,0
2026-06-28,L100000101068,Jinggangshan power station,Jiangxi,27.0474697,115.0203859,0,,,OMSO2e,4,,0
2026-06-28,L100000101069,Ruijin power station,Jiangxi,25.9244055,115.1028219,0,,,OMSO2e,4,,0
2026-06-28,L100000101074,Shenhua Jiujiang power station,Jiangxi,29.826619,116.375973,0,,,OMSO2e,4,,0
2026-06-28,L100000101114,Shuangliao power station,Jilin,43.5282178,123.4633255,0,,,OMSO2e,4,,0
2026-06-28,L100000101160,Yingkou power station,Liaoning,40.303837,122.105968,0,,,OMSO2e,4,,0
2026-06-28,L100000101178,Suizhong power station,Liaoning,40.07962,120.00959,0,,,OMSO2e,4,,0
2026-06-28,L100000101181,Tieling power station,Liaoning,42.3450141,123.8030455,0,,,OMSO2e,4,,0
2026-06-28,L100000101187,Daba power station,Ningxia,37.9916691,105.9247833,0,,,OMSO2e,4,0.0799999982118606,1
2026-06-28,L100000101190,Ningdong Fangjiazhuang power station,Ningxia,37.837649,106.666501,0,,,OMSO2e,4,,0
2026-06-28,L100000101191,Shizuishan power station,Ningxia,39.2848224,106.7890371,0,,,OMSO2e,4,,0
2026-06-28,L100000101192,Ningdong power station,Ningxia,37.844757,106.786777,0,,,OMSO2e,4,,0
2026-06-28,L100000101203,Ningxia Lingwu power station,Ningxia,38.148333,106.345833,0,,,OMSO2e,4,,0
2026-06-28,L100000101219,Yuanyang Lake power station,Ningxia,38.0575,106.691389,0,,,OMSO2e,4,,0
2026-06-28,L100000101244,Fugu Qingshuichuan power station,Shaanxi,39.2048853,111.1190328,0,,,OMSO2e,4,,0
2026-06-28,L100000101246,Guodian Baoji-2 power station,Shaanxi,34.4980333,107.2181511,0,,,OMSO2e,4,0.7300000190734863,1
2026-06-28,L100000101252,Hancheng power station,Shaanxi,35.6007189,110.5557051,0,,,OMSO2e,4,,0
2026-06-28,L100000101265,Leilongwan power station,Shaanxi,37.925376,109.101678,0,,,OMSO2e,4,,0
2026-06-28,L100000101269,Pucheng power station,Shaanxi,34.9779314,109.7999759,0,,,OMSO2e,4,,0
2026-06-28,L100000101277,Fugu Miaogoumen power station,Shaanxi,39.208319,110.784956,0,,,OMSO2e,4,,0
2026-06-28,L100000101278,Jinjie power station,Shaanxi,38.7368389,110.1661297,0,,,OMSO2e,4,,0
2026-06-28,L100000101297,Yulin Hengshan power station,Shaanxi,38.03372,109.415067,0,,,OMSO2e,4,,0
2026-06-28,L100000101307,Binzhou Boxing power station,Shandong,37.27629,118.330855,0,,,OMSO2e,4,,0
2026-06-28,L100000101316,Datang Dongying power station,Shandong,38.113151,118.910229,0,,,OMSO2e,4,,0
2026-06-28,L100000101332,Guohua Shouguang power station,Shandong,37.269686,118.906738,0,,,OMSO2e,4,,0
2026-06-28,L100000101339,Huadian Laizhou power station,Shandong,37.432222,120.018056,0,,,OMSO2e,4,,0
2026-06-28,L100000101341,Shiliquan power station,Shandong,34.814444,117.573056,0,,,OMSO2e,4,,0
2026-06-28,L100000101342,Huadian Weifang power station,Shandong,36.6656392,119.2632115,0,,,OMSO2e,4,,0
2026-06-28,L100000101344,Huaneng Dezhou power station,Shandong,37.449349,116.2415516,0,,,OMSO2e,4,,0
2026-06-28,L100000101348,Huaneng Laiwu power station,Shandong,36.1342702,117.6849675,0,,,OMSO2e,4,,0
2026-06-28,L100000101383,Rizhao power station,Shandong,35.3454727,119.5104761,0,,,OMSO2e,4,-0.3028571307659149,7
2026-06-28,L100000101399,Shiheng-2 power station,Shandong,36.2123187,116.5136301,0,,,OMSO2e,4,,0
2026-06-28,L100000101409,Weihai power station,Shandong,37.44899,122.20724,0,,,OMSO2e,4,,0
2026-06-28,L100000101415,Weiqiao Huji power station,Shandong,37.347901,117.781587,0,,,OMSO2e,4,,0
2026-06-28,L100000101420,Weiqiao Zouping-1 power station,Shandong,36.9106725,117.7853572,0,,,OMSO2e,4,,0
2026-06-28,L100000101425,Weiqiao Zouping-7 power station,Shandong,36.896297,117.860459,0,,,OMSO2e,4,,0
2026-06-28,L100000101429,Shandong Xinfa Xinyuan power station,Shandong,36.615766,116.225215,0,,,OMSO2e,4,,0
2026-06-28,L100000101442,Zouxian power station,Shandong,35.3255698,116.9260912,0,,,OMSO2e,4,,0
2026-06-28,L100000101444,Shanghai Caojing power station,Shanghai,30.76073,121.4008,1,SH_pilot,2013.0,OMSO2e,4,,0
2026-06-28,L100000101447,Shanghai Shidongkou power station,Shanghai,31.4650719,121.4048433,1,SH_pilot,2013.0,OMSO2e,4,,0
2026-06-28,L100000101448,Waigaoqiao power station,Shanghai,31.3536333,121.6002746,1,SH_pilot,2013.0,OMSO2e,4,,0
2026-06-28,L100000101515,Shanxi Zhaoguang power station,Shanxi,36.5537987,111.6917736,0,,,OMSO2e,4,,0
2026-06-28,L100000101518,Shenhua Hequ power station,Shanxi,39.3830746,111.1843014,0,,,OMSO2e,4,,0
2026-06-28,L100000101519,Shentou power station,Shanxi,39.550981,112.488736,0,,,OMSO2e,4,,0
2026-06-28,L100000101529,Tongmei Tashan power station,Shanxi,39.9249917,113.0839199,0,,,OMSO2e,4,,0
2026-06-28,L100000101542,Xishan Gujiao power station,Shanxi,37.8952266,112.0930982,0,,,OMSO2e,4,,0
2026-06-28,L100000101543,Yangcheng power station,Shanxi,35.466123,112.5742039,0,,,OMSO2e,4,,0
2026-06-28,L100000101551,Yuguang Coal power station,Shanxi,38.078135,113.482791,0,,,OMSO2e,4,,0
2026-06-28,L100000101554,Zhangshan power station,Shanxi,36.326115,113.081402,0,,,OMSO2e,4,,0
2026-06-28,L100000101555,Changzhi power station,Shanxi,36.3226498,113.0816012,0,,,OMSO2e,4,,0
2026-06-28,L100000101567,Guang'an power station,Sichuan,30.5288201,106.8264802,0,,,OMSO2e,4,,0
2026-06-28,L100000101580,Tianming power station,Sichuan,31.869616,104.910148,0,,,OMSO2e,4,,0
2026-06-28,L100000101588,Panshan power station,Tianjin,39.9801382,117.4630704,1,TJ_pilot,2013.0,OMSO2e,4,,0
2026-06-28,L100000101589,Tianjin Beijiang power station,Tianjin,39.2193209,117.9298639,1,TJ_pilot,2013.0,OMSO2e,4,,0
2026-06-28,L100000101617,East Hope Metals Wucaiwan power station,Xinjiang,44.6829461,89.1158667,0,,,OMSO2e,4,,0
2026-06-28,L100000101668,Xinjiang Qiya Smelter power station,Xinjiang,44.8955881,89.049629,0,,,OMSO2e,4,,0
2026-06-28,L100000101675,Shenhua Guoneng Hami power station,Xinjiang,42.411226,93.009166,0,,,OMSO2e,4,0.0925000011920929,8
2026-06-28,L100000101677,Shenhua Zhundong Wucaiwan power station,Xinjiang,44.795533,89.149825,0,,,OMSO2e,4,,0
2026-06-28,L100000101681,Tianchi Changji cogen power station,Xinjiang,44.004362,87.171961,0,,,OMSO2e,4,,0
2026-06-28,L100000101682,Tianchi Energy Zhundong Wucaiwan power station,Xinjiang,44.8524482,89.1959171,0,,,OMSO2e,4,,0
2026-06-28,L100000101696,Wucaiwan Bei'er power station,Xinjiang,44.8388927,89.1908616,0,,,OMSO2e,4,,0
2026-06-28,L100000101697,Wujiaqu power station,Xinjiang,44.26892,87.687877,0,,,OMSO2e,4,,0
2026-06-28,L100000101709,XPCC Shihezi Cogen power station,Xinjiang,44.428094,86.093609,0,,,OMSO2e,4,,0
2026-06-28,L100000101716,Diandong power station,Yunnan,25.19943,104.6819,0,,,OMSO2e,4,,0
2026-06-28,L100000101730,Wushashan power station,Zhejiang,29.505411,121.662934,0,,,OMSO2e,4,,0
2026-06-28,L100000101731,Beilun power station,Zhejiang,29.9427256,121.8131207,0,,,OMSO2e,4,,0
2026-06-28,L100000101732,Guohua Zhoushan power station,Zhejiang,30.103996,122.184817,0,,,OMSO2e,4,,0
2026-06-28,L100000101736,Yuhuan power station,Zhejiang,28.1151529,121.1391369,0,,,OMSO2e,4,,0
2026-06-28,L100000101737,China Resources Wenzhou power station,Zhejiang,27.4974228,120.6631851,0,,,OMSO2e,4,,0
2026-06-28,L100000101739,Jiaxing power station,Zhejiang,30.62804,121.14422,0,,,OMSO2e,4,,0
2026-06-28,L100000101742,Lanxi power station,Zhejiang,29.1866175,119.5068449,0,,,OMSO2e,4,,0
2026-06-28,L100000101747,Ninghai power station,Zhejiang,29.4817622,121.5114792,0,,,OMSO2e,4,,0
2026-06-28,L100000101750,Zhejiang Taizhou-2 power station,Zhejiang,29.012395,121.695507,0,,,OMSO2e,4,,0
2026-06-28,L100000101761,Zheneng Liuheng power station,Zhejiang,29.7593387,122.1266091,0,,,OMSO2e,4,,0
2026-06-28,L100000101762,Zheneng Wenzhou power station,Zhejiang,27.9957103,120.8358582,0,,,OMSO2e,4,,0
2026-06-28,L100000101763,Zheneng Yueqing power station,Zhejiang,28.1704074,121.0889375,0,,,OMSO2e,4,,0
2026-06-28,L100000104506,Fu County power station,Shaanxi,35.858656,109.2167,0,,,OMSO2e,4,,0
2026-06-28,L100000104758,Hubei Yicheng power station,Hubei,31.781843,112.129461,1,HB_pilot,2014.0,OMSO2e,4,,0
2026-06-28,L100000104917,Shanggao power station,Jiangxi,28.185566,114.825697,0,,,OMSO2e,4,,0
2026-06-28,L100000104944,Hami-Chongqing UHV Transmission Line power station,Xinjiang,44.53792,92.926001,0,,,OMSO2e,4,0.1899999976158142,3
2026-06-28,L100000104970,Jiangsu Guoxin Shazhou power station,Jiangsu,31.985654,120.684419,0,,,OMSO2e,4,,0
2026-06-28,L100000105025,Datong-2 power station,Shanxi,40.0279118,113.2933181,0,,,OMSO2e,4,,0
2026-06-27,L100000100200,Anhui Bengbu power station,Anhui,32.78444,117.11472,0,,,OMSO2e,4,-0.1933333426713943,3
2026-06-27,L100000100201,Anhui Huainan Panji power station,Anhui,32.76917,116.759595,0,,,OMSO2e,4,-0.0600000098347663,4
2026-06-27,L100000100205,Chizhou Jiuhua power station,Anhui,30.7531097,117.5906618,0,,,OMSO2e,4,,0
2026-06-27,L100000100206,Pingwei power station,Anhui,32.68417,116.901389,0,,,OMSO2e,4,-0.1933333277702331,6
2026-06-27,L100000100211,Fuyang power station,Anhui,33.00444,115.845278,0,,,OMSO2e,4,0.0049999989569187,4
2026-06-27,L100000100218,Wuhu power station,Anhui,31.2372348,118.1497184,0,,,OMSO2e,4,,0
2026-06-27,L100000100222,Huaibei Pingshan power station,Anhui,33.83392,116.831102,0,,,OMSO2e,4,-0.2199999988079071,2
2026-06-27,L100000100223,Huainan Fengtai power station,Anhui,32.758,116.65,0,,,OMSO2e,4,0.0116666657850146,6
2026-06-27,L100000100225,Huainan Luohe power station,Anhui,32.68455,117.07511,0,,,OMSO2e,4,-0.2599999904632568,4
2026-06-27,L100000100226,Huainan Tianji power station,Anhui,32.7465,116.8127,0,,,OMSO2e,4,-0.1399999856948852,5
2026-06-27,L100000100233,Lixin Banji power station,Anhui,32.897245,116.242561,0,,,OMSO2e,4,-0.0966666713356971,6
2026-06-27,L100000100237,Anqing power station,Anhui,30.541,117.1717,0,,,OMSO2e,4,,0
2026-06-27,L100000100240,Suzhou Qianyingzi power station,Anhui,33.5107954,116.9261351,0,,,OMSO2e,4,-0.7133333683013916,3
2026-06-27,L100000100242,Tongling Wanneng power station,Anhui,30.88181,117.76439,0,,,OMSO2e,4,,0
2026-06-27,L100000100245,Ma'anshan power station,Anhui,31.750737,118.4796925,0,,,OMSO2e,4,,0
2026-06-27,L100000100269,Chongqing Shuanghuai power station,Chongqing,30.1611074,106.5480599,1,CQ_pilot,2013.0,OMSO2e,4,,0
2026-06-27,L100000100272,Luohuang power station,Chongqing,29.347364,106.433182,1,CQ_pilot,2013.0,OMSO2e,4,,0
2026-06-27,L100000100276,Chongqing Wanzhou power station,Chongqing,30.677938,108.398976,1,CQ_pilot,2013.0,OMSO2e,4,,0
2026-06-27,L100000100283,Ningde power station,Fujian,26.7574469,119.7353942,1,FJ_pilot,2016.0,OMSO2e,4,,0
2026-06-27,L100000100285,Fujian Hongshan power station,Fujian,24.7272766,118.7496944,1,FJ_pilot,2016.0,OMSO2e,4,,0
2026-06-27,L100000100287,Fuzhou Kemen power station,Fujian,26.3734254,119.7622418,1,FJ_pilot,2016.0,OMSO2e,4,,0
2026-06-27,L100000100288,Fuzhou Jiangyin power station,Fujian,25.438464,119.3396226,1,FJ_pilot,2016.0,OMSO2e,4,,0
2026-06-27,L100000100291,Houshi power station,Fujian,24.3030594,118.1259157,1,FJ_pilot,2016.0,OMSO2e,4,,0
2026-06-27,L100000100293,Huaneng Fuzhou power station,Fujian,25.99083,119.4816,1,FJ_pilot,2016.0,OMSO2e,4,,0
2026-06-27,L100000100298,Luoyuan Bay power station,Fujian,26.385334,119.789459,1,FJ_pilot,2016.0,OMSO2e,4,,0
2026-06-27,L100000100299,Meizhouwan power station,Fujian,25.1608278,119.0333354,1,FJ_pilot,2016.0,OMSO2e,4,,0
2026-06-27,L100000100300,Nanpu Quanzhou power station,Fujian,25.2044,118.94385,1,FJ_pilot,2016.0,OMSO2e,4,,0
2026-06-27,L100000100303,Xiamen Songyu power station,Fujian,24.4460582,118.0267975,1,FJ_pilot,2016.0,OMSO2e,4,,0
2026-06-27,L100000100318,Guazhou Changle power station,Gansu,40.6599,96.513,0,,,OMSO2e,4,,0
2026-06-27,L100000100320,Zhangye power station,Gansu,39.071222,100.462929,0,,,OMSO2e,4,,0
2026-06-27,L100000100326,Pingliang power station,Gansu,35.5017,106.7861,0,,,OMSO2e,4,0.2866666615009308,3
2026-06-27,L100000100328,Gansu Zhengning power station,Gansu,35.268403,107.975564,0,,,OMSO2e,4,0.5359999537467957,5
2026-06-27,L100000100339,Lingtai power station,Gansu,35.0858218,107.7152829,0,,,OMSO2e,4,0.3883333206176758,6
2026-06-27,L100000100347,Chaozhou Sanbaimen power station,Guangdong,23.56645,117.0972,1,GD_pilot,2013.0,OMSO2e,4,,0
2026-06-27,L100000100354,Leizhou power station,Guangdong,20.51161,109.82803,1,GD_pilot,2013.0,OMSO2e,4,,0
2026-06-27,L100000100358,Guangdong Huilai power station,Guangdong,23.0047771,116.5472388,1,GD_pilot,2013.0,OMSO2e,4,,0
2026-06-27,L100000100359,Guangdong Huizhou Pinghai power station,Guangdong,22.6064638,114.741919,1,GD_pilot,2013.0,OMSO2e,4,,0
2026-06-27,L100000100361,Guangdong Shaoguan power station,Guangdong,24.682,113.605,1,GD_pilot,2013.0,OMSO2e,4,,0
2026-06-27,L100000100372,Taishan power station,Guangdong,21.8667,112.9228,1,GD_pilot,2013.0,OMSO2e,4,,0
2026-06-27,L100000100377,Heyuan power station,Guangdong,23.567222,114.640278,1,GD_pilot,2013.0,OMSO2e,4,,0
2026-06-27,L100000100381,Haimen power station,Guangdong,23.1899,116.6548,1,GD_pilot,2013.0,OMSO2e,4,,0
2026-06-27,L100000100390,Lufeng Jiahuwan power station,Guangdong,22.832499,115.985482,1,GD_pilot,2013.0,OMSO2e,4,,0
2026-06-27,L100000100392,Maoming Bohe power station,Guangdong,21.441033,111.289628,1,GD_pilot,2013.0,OMSO2e,4,,0
2026-06-27,L100000100402,Shenhua Qingyuan power station,Guangdong,24.417008,113.540884,1,GD_pilot,2013.0,OMSO2e,4,,0
2026-06-27,L100000100407,Shanwei Haifeng CCS power station,Guangdong,22.7545453,115.0419938,1,GD_pilot,2013.0,OMSO2e,4,,0
2026-06-27,L100000100408,Shanwei Honghaiwan power station,Guangdong,22.70695,115.55529,1,GD_pilot,2013.0,OMSO2e,4,,0
2026-06-27,L100000100417,Yangxi Zhujiang power station,Guangdong,21.54264,111.67033,1,GD_pilot,2013.0,OMSO2e,4,,0
2026-06-27,L100000100418,Dabu power station,Guangdong,24.4057171,116.5877945,1,GD_pilot,2013.0,OMSO2e,4,,0
2026-06-27,L100000100430,Beihai Bebuwan power station,Guangxi,21.5821851,109.5816259,0,,,OMSO2e,4,,0
2026-06-27,L100000100436,Fangchenggang Qisha power station,Guangxi,21.5914,108.3946,0,,,OMSO2e,4,,0
2026-06-27,L100000100437,Beihai power station,Guangxi,21.535871,109.590176,0,,,OMSO2e,4,,0
2026-06-27,L100000100444,Hezhou power station,Guangxi,24.73609,111.34667,0,,,OMSO2e,4,,0
2026-06-27,L100000100452,Qinzhou power station,Guangxi,21.7004655,108.6243063,0,,,OMSO2e,4,,0
2026-06-27,L100000100477,Guizhou Fa'er power station,Guizhou,26.3259319,104.7705622,0,,,OMSO2e,4,,0
2026-06-27,L100000100498,Panxian-2 power station,Guizhou,25.4686039,104.5924059,0,,,OMSO2e,4,,0
2026-06-27,L100000100502,Qianxi power station,Guizhou,27.0516899,106.1252456,0,,,OMSO2e,4,,0
2026-06-27,L100000100542,China Resources Caofeidian power station,Hebei,38.9960653,118.4875488,0,,,OMSO2e,4,,0
2026-06-27,L100000100551,Dingzhou power station,Hebei,38.5122064,114.8433969,0,,,OMSO2e,4,,0
2026-06-27,L100000100568,Shang'an power station,Hebei,38.05729,114.19627,0,,,OMSO2e,4,,0
2026-06-27,L100000100569,Hebei Cangdong power station,Hebei,38.31,117.8786111,0,,,OMSO2e,4,,0
2026-06-27,L100000100591,Xibaipo power station,Hebei,38.245068,114.2149428,0,,,OMSO2e,4,,0
2026-06-27,L100000100598,Zhangjiakou power station,Hebei,40.6595781,114.9438143,0,,,OMSO2e,4,,0
2026-06-27,L100000100610,Qitaihe power station,Heilongjiang,45.7604176,131.0533476,0,,,OMSO2e,4,0.2349999994039535,2
2026-06-27,L100000100647,Datang Sanmenxia power station,Henan,34.6855176,111.0274363,0,,,OMSO2e,4,0.0160000026226043,5
2026-06-27,L100000100648,Xinyang power station,Henan,32.109018,114.140877,0,,,OMSO2e,4,0.0516666769981384,6
2026-06-27,L100000100650,Dengfeng-2 power station,Henan,34.39274,113.19878,0,,,OMSO2e,4,0.1357142925262451,7
2026-06-27,L100000100657,Hebi power station,Henan,35.851366,114.1798126,0,,,OMSO2e,4,0.1449999958276748,4
2026-06-27,L100000100664,Henan Xin'an power station,Henan,34.7413202,112.0634119,0,,,OMSO2e,4,-0.1766666620969772,6
2026-06-27,L100000100665,Henan Xinmi power station,Henan,34.50003,113.59801,0,,,OMSO2e,4,0.4600000083446502,6
2026-06-27,L100000100677,Qinbei power station,Henan,35.1676,112.71654,0,,,OMSO2e,4,-0.1616666764020919,6
2026-06-27,L100000100680,Jiaozuo Danhe power station,Henan,35.188487,112.887561,0,,,OMSO2e,4,-0.1300000101327896,7
2026-06-27,L100000100696,Nanyang Yahekou power station,Henan,33.3086427,112.644474,0,,,OMSO2e,4,0.0666666701436042,6
2026-06-27,L100000100697,Pingdingshan Luyang power station,Henan,33.82189,113.01438,0,,,OMSO2e,4,0.3440000116825104,5
2026-06-27,L100000100707,Nanyang Neixiang power station,Henan,33.086416,111.90004,0,,,OMSO2e,4,0.0842857211828231,7
2026-06-27,L100000100716,Xuchang Yulong power station,Henan,34.1751132,113.3581446,0,,,OMSO2e,4,0.0114285731688141,7
2026-06-27,L100000100717,Yaomeng power station,Henan,33.7379928,113.2418822,0,,,OMSO2e,4,0.1924999952316284,4
2026-06-27,L100000100730,Dabieshan power station,Hubei,31.1420662,114.8921871,1,HB_pilot,2014.0,OMSO2e,4,0.0416666679084301,6
2026-06-27,L100000100737,Hanchuan power station,Hubei,30.6566087,113.9172741,1,HB_pilot,2014.0,OMSO2e,4,0.03999999538064,6
2026-06-27,L100000100740,Huadian Xisaishan power station,Hubei,30.203056,115.180278,1,HB_pilot,2014.0,OMSO2e,4,0.3100000023841858,5
2026-06-27,L100000100742,Yangluo power station,Hubei,30.6938889,114.5430556,1,HB_pilot,2014.0,OMSO2e,4,0.0340000018477439,5
2026-06-27,L100000100745,Hubei Ezhou power station,Hubei,30.5517656,114.6420121,1,HB_pilot,2014.0,OMSO2e,4,0.093333326280117,6
2026-06-27,L100000100751,Puqi Xianning power station,Hubei,29.66523,113.87296,1,HB_pilot,2014.0,OMSO2e,4,0.0216666664928197,6
2026-06-27,L100000100760,Huadian Xiangyang power station,Hubei,31.9118256,112.16692,1,HB_pilot,2014.0,OMSO2e,4,0.135000005364418,6
2026-06-27,L100000100771,Pingjiang power station,Hunan,28.808542,113.54144,0,,,OMSO2e,4,-0.3600000143051147,2
2026-06-27,L100000100773,Huaneng Yueyang power station,Hunan,29.4497908,113.1623018,0,,,OMSO2e,4,,0
2026-06-27,L100000100779,Jinzhushan power station,Hunan,27.6252776,111.4823651,0,,,OMSO2e,4,,0
2026-06-27,L100000100782,Liyujiang power station,Hunan,25.940443,113.192476,0,,,OMSO2e,4,,0
2026-06-27,L100000100785,Shenhua Yongzhou power station,Hunan,26.56672,111.492692,0,,,OMSO2e,4,,0
2026-06-27,L100000100786,Guoneng Yueyang power station,Hunan,29.6129835,112.754572,0,,,OMSO2e,4,,0
2026-06-27,L100000100788,Xiangtan power station,Hunan,27.8282792,112.9968045,0,,,OMSO2e,4,,0
2026-06-27,L100000100789,Yiyang power station,Hunan,28.5966667,112.2686111,0,,,OMSO2e,4,,0
2026-06-27,L100000100795,Baotou Aluminum power station,Inner Mongolia,40.557202,110.148382,1,IM_voluntary,2015.0,OMSO2e,4,,0
2026-06-27,L100000100811,Chifeng Yuanbaoshan power station,Inner Mongolia,42.303333,119.324167,1,IM_voluntary,2015.0,OMSO2e,4,,0
2026-06-27,L100000100813,Chuangyuan Smelter power station,Inner Mongolia,45.437275,119.427496,1,IM_voluntary,2015.0,OMSO2e,4,,0
2026-06-27,L100000100822,Daihai power station,Inner Mongolia,40.519675,112.667725,1,IM_voluntary,2015.0,OMSO2e,4,-0.2100000232458114,6
2026-06-27,L100000100823,Dalate power station,Inner Mongolia,40.36695,109.99604,1,IM_voluntary,2015.0,OMSO2e,4,-0.1199999973177909,1
2026-06-27,L100000100830,Togtoh power station,Inner Mongolia,40.1952329,111.358881,1,IM_voluntary,2015.0,OMSO2e,4,0.2166666537523269,6
2026-06-27,L100000100845,Guoneng Shanghaimiao power station,Inner Mongolia,38.309587,106.679378,1,IM_voluntary,2015.0,OMSO2e,4,,0
2026-06-27,L100000100847,Jiangsu Energy Group Wulagai power station,Inner Mongolia,45.955947,119.106454,1,IM_voluntary,2015.0,OMSO2e,4,,0
2026-06-27,L100000100861,Hohhot Jinshan cogen power station,Inner Mongolia,40.7072133,111.4600879,1,IM_voluntary,2015.0,OMSO2e,4,0.2000000029802322,6
2026-06-27,L100000100863,Hongjun Aluminum power station,Inner Mongolia,45.5128784,119.6504373,1,IM_voluntary,2015.0,OMSO2e,4,,0
2026-06-27,L100000100887,Shangdu power station,Inner Mongolia,42.22369,116.029256,1,IM_voluntary,2015.0,OMSO2e,4,,0
2026-06-27,L100000100888,Inner Mongolia Changcheng power station,Inner Mongolia,38.249688,106.657876,1,IM_voluntary,2015.0,OMSO2e,4,,0
2026-06-27,L100000100894,Yimin power station,Inner Mongolia,48.549722,119.773889,1,IM_voluntary,2015.0,OMSO2e,4,,0
2026-06-27,L100000100899,Huolinhe Zhanute power station,Inner Mongolia,45.409847,119.596739,1,IM_voluntary,2015.0,OMSO2e,4,,0
2026-06-27,L100000100910,Jining power station,Inner Mongolia,41.053294,113.153289,1,IM_voluntary,2015.0,OMSO2e,4,0.1800000071525573,4
2026-06-27,L100000100913,Junggar Suancigou power station,Inner Mongolia,39.711744,111.200548,1,IM_voluntary,2015.0,OMSO2e,4,,0
2026-06-27,L100000100933,Mengtai Beijiao power station,Inner Mongolia,39.846004,109.984888,1,IM_voluntary,2015.0,OMSO2e,4,-0.0171428564935922,7
2026-06-27,L100000100937,Ordos Power Qipanjing power station,Inner Mongolia,39.385235,106.965664,1,IM_voluntary,2015.0,OMSO2e,4,,0
2026-06-27,L100000100948,Inner Mongolia Shenglu power station,Inner Mongolia,38.373756,106.782583,1,IM_voluntary,2015.0,OMSO2e,4,,0
2026-06-27,L100000100954,Tongliao power station,Inner Mongolia,43.6713737,122.1535206,1,IM_voluntary,2015.0,OMSO2e,4,,0
2026-06-27,L100000100969,Changshu-1 power station,Jiangsu,31.753204,120.9634852,0,,,OMSO2e,4,,0
2026-06-27,L100000100970,Changshu-2 power station,Jiangsu,31.757764,120.97813,0,,,OMSO2e,4,,0
2026-06-27,L100000100973,Yancheng Binhai power station,Jiangsu,34.307421,120.246943,0,,,OMSO2e,4,,0
2026-06-27,L100000100974,Changzhou power station,Jiangsu,31.9583333,119.9925,0,,,OMSO2e,4,,0
2026-06-27,L100000100982,Taizhou power station,Jiangsu,32.187206,119.914444,0,,,OMSO2e,4,,0
2026-06-27,L100000100984,Guohua Xuzhou power station,Jiangsu,34.395144,117.259705,0,,,OMSO2e,4,,0
2026-06-27,L100000100988,Jurong power station,Jiangsu,32.19575,119.2497,0,,,OMSO2e,4,,0
2026-06-27,L100000100993,Jinling power station,Jiangsu,32.17178,119.01977,0,,,OMSO2e,4,,0
2026-06-27,L100000100997,Huaneng Taicang power station,Jiangsu,31.656908,121.17932,0,,,OMSO2e,4,,0
2026-06-27,L100000100998,Jianbi power station,Jiangsu,32.17693,119.57554,0,,,OMSO2e,4,,0
2026-06-27,L100000101000,Guoxin Jingjiang power station,Jiangsu,32.030487,120.383144,0,,,OMSO2e,4,,0
2026-06-27,L100000101005,Jiangsu Nantong power station,Jiangsu,32.03214,120.76956,0,,,OMSO2e,4,,0
2026-06-27,L100000101008,Jiangsu Sheyanggang power station,Jiangsu,33.8185009,120.4633498,0,,,OMSO2e,4,,0
2026-06-27,L100000101018,Ligang power station,Jiangsu,31.940813,120.0766476,0,,,OMSO2e,4,,0
2026-06-27,L100000101020,Lusigang power station,Jiangsu,32.05858,121.72669,0,,,OMSO2e,4,,0
2026-06-27,L100000101039,Xinhai power station,Jiangsu,34.57789,119.12671,0,,,OMSO2e,4,,0
2026-06-27,L100000101044,Xuzhou Pengcheng power station,Jiangsu,34.3779,117.17591,0,,,OMSO2e,4,,0
2026-06-27,L100000101047,Guoxin Yangzhou power station,Jiangsu,32.267778,119.419444,0,,,OMSO2e,4,,0
2026-06-27,L100000101053,Zhangjiagang Shazhou power station,Jiangsu,31.989733,120.6879258,0,,,OMSO2e,4,,0
2026-06-27,L100000101057,Fuzhou power station,Jiangxi,27.7844943,116.5644289,0,,,OMSO2e,4,,0
2026-06-27,L100000101058,Datang Xinyu power station,Jiangxi,27.679755,114.956506,0,,,OMSO2e,4,,0
2026-06-27,L100000101060,Fengcheng power station,Jiangxi,28.1943602,115.7088424,0,,,OMSO2e,4,0.1199999973177909,2
2026-06-27,L100000101063,Guixi power station,Jiangxi,28.28914,117.2235,0,,,OMSO2e,4,,0
2026-06-27,L100000101068,Jinggangshan power station,Jiangxi,27.0474697,115.0203859,0,,,OMSO2e,4,,0
2026-06-27,L100000101069,Ruijin power station,Jiangxi,25.9244055,115.1028219,0,,,OMSO2e,4,,0
2026-06-27,L100000101074,Shenhua Jiujiang power station,Jiangxi,29.826619,116.375973,0,,,OMSO2e,4,-0.1000000014901161,2
2026-06-27,L100000101114,Shuangliao power station,Jilin,43.5282178,123.4633255,0,,,OMSO2e,4,,0
2026-06-27,L100000101160,Yingkou power station,Liaoning,40.303837,122.105968,0,,,OMSO2e,4,,0
2026-06-27,L100000101178,Suizhong power station,Liaoning,40.07962,120.00959,0,,,OMSO2e,4,,0
2026-06-27,L100000101181,Tieling power station,Liaoning,42.3450141,123.8030455,0,,,OMSO2e,4,,0
2026-06-27,L100000101187,Daba power station,Ningxia,37.9916691,105.9247833,0,,,OMSO2e,4,,0
2026-06-27,L100000101190,Ningdong Fangjiazhuang power station,Ningxia,37.837649,106.666501,0,,,OMSO2e,4,,0
2026-06-27,L100000101191,Shizuishan power station,Ningxia,39.2848224,106.7890371,0,,,OMSO2e,4,,0
2026-06-27,L100000101192,Ningdong power station,Ningxia,37.844757,106.786777,0,,,OMSO2e,4,,0
2026-06-27,L100000101203,Ningxia Lingwu power station,Ningxia,38.148333,106.345833,0,,,OMSO2e,4,,0
2026-06-27,L100000101219,Yuanyang Lake power station,Ningxia,38.0575,106.691389,0,,,OMSO2e,4,,0
2026-06-27,L100000101244,Fugu Qingshuichuan power station,Shaanxi,39.2048853,111.1190328,0,,,OMSO2e,4,,0
2026-06-27,L100000101246,Guodian Baoji-2 power station,Shaanxi,34.4980333,107.2181511,0,,,OMSO2e,4,-0.2566666603088379,6
2026-06-27,L100000101252,Hancheng power station,Shaanxi,35.6007189,110.5557051,0,,,OMSO2e,4,0.1199999973177909,3
2026-06-27,L100000101265,Leilongwan power station,Shaanxi,37.925376,109.101678,0,,,OMSO2e,4,0.6399999856948853,2
2026-06-27,L100000101269,Pucheng power station,Shaanxi,34.9779314,109.7999759,0,,,OMSO2e,4,-0.1716666668653488,6
2026-06-27,L100000101277,Fugu Miaogoumen power station,Shaanxi,39.208319,110.784956,0,,,OMSO2e,4,,0
2026-06-27,L100000101278,Jinjie power station,Shaanxi,38.7368389,110.1661297,0,,,OMSO2e,4,,0
2026-06-27,L100000101297,Yulin Hengshan power station,Shaanxi,38.03372,109.415067,0,,,OMSO2e,4,0.6399999856948853,3
2026-06-27,L100000101307,Binzhou Boxing power station,Shandong,37.27629,118.330855,0,,,OMSO2e,4,,0
2026-06-27,L100000101316,Datang Dongying power station,Shandong,38.113151,118.910229,0,,,OMSO2e,4,,0
2026-06-27,L100000101332,Guohua Shouguang power station,Shandong,37.269686,118.906738,0,,,OMSO2e,4,,0
2026-06-27,L100000101339,Huadian Laizhou power station,Shandong,37.432222,120.018056,0,,,OMSO2e,4,,0
2026-06-27,L100000101341,Shiliquan power station,Shandong,34.814444,117.573056,0,,,OMSO2e,4,,0
2026-06-27,L100000101342,Huadian Weifang power station,Shandong,36.6656392,119.2632115,0,,,OMSO2e,4,,0
2026-06-27,L100000101344,Huaneng Dezhou power station,Shandong,37.449349,116.2415516,0,,,OMSO2e,4,,0
2026-06-27,L100000101348,Huaneng Laiwu power station,Shandong,36.1342702,117.6849675,0,,,OMSO2e,4,,0
2026-06-27,L100000101383,Rizhao power station,Shandong,35.3454727,119.5104761,0,,,OMSO2e,4,,0
2026-06-27,L100000101399,Shiheng-2 power station,Shandong,36.2123187,116.5136301,0,,,OMSO2e,4,,0
2026-06-27,L100000101409,Weihai power station,Shandong,37.44899,122.20724,0,,,OMSO2e,4,,0
2026-06-27,L100000101415,Weiqiao Huji power station,Shandong,37.347901,117.781587,0,,,OMSO2e,4,,0
2026-06-27,L100000101420,Weiqiao Zouping-1 power station,Shandong,36.9106725,117.7853572,0,,,OMSO2e,4,,0
2026-06-27,L100000101425,Weiqiao Zouping-7 power station,Shandong,36.896297,117.860459,0,,,OMSO2e,4,,0
2026-06-27,L100000101429,Shandong Xinfa Xinyuan power station,Shandong,36.615766,116.225215,0,,,OMSO2e,4,0.050000000745058,1
2026-06-27,L100000101442,Zouxian power station,Shandong,35.3255698,116.9260912,0,,,OMSO2e,4,,0
2026-06-27,L100000101444,Shanghai Caojing power station,Shanghai,30.76073,121.4008,1,SH_pilot,2013.0,OMSO2e,4,,0
2026-06-27,L100000101447,Shanghai Shidongkou power station,Shanghai,31.4650719,121.4048433,1,SH_pilot,2013.0,OMSO2e,4,,0
2026-06-27,L100000101448,Waigaoqiao power station,Shanghai,31.3536333,121.6002746,1,SH_pilot,2013.0,OMSO2e,4,,0
2026-06-27,L100000101515,Shanxi Zhaoguang power station,Shanxi,36.5537987,111.6917736,0,,,OMSO2e,4,,0
2026-06-27,L100000101518,Shenhua Hequ power station,Shanxi,39.3830746,111.1843014,0,,,OMSO2e,4,,0
2026-06-27,L100000101519,Shentou power station,Shanxi,39.550981,112.488736,0,,,OMSO2e,4,,0
2026-06-27,L100000101529,Tongmei Tashan power station,Shanxi,39.9249917,113.0839199,0,,,OMSO2e,4,-0.496666669845581,3
2026-06-27,L100000101542,Xishan Gujiao power station,Shanxi,37.8952266,112.0930982,0,,,OMSO2e,4,,0
2026-06-27,L100000101543,Yangcheng power station,Shanxi,35.466123,112.5742039,0,,,OMSO2e,4,0.1916666626930236,6
2026-06-27,L100000101551,Yuguang Coal power station,Shanxi,38.078135,113.482791,0,,,OMSO2e,4,,0
2026-06-27,L100000101554,Zhangshan power station,Shanxi,36.326115,113.081402,0,,,OMSO2e,4,,0
2026-06-27,L100000101555,Changzhi power station,Shanxi,36.3226498,113.0816012,0,,,OMSO2e,4,,0
2026-06-27,L100000101567,Guang'an power station,Sichuan,30.5288201,106.8264802,0,,,OMSO2e,4,,0
2026-06-27,L100000101580,Tianming power station,Sichuan,31.869616,104.910148,0,,,OMSO2e,4,,0
2026-06-27,L100000101588,Panshan power station,Tianjin,39.9801382,117.4630704,1,TJ_pilot,2013.0,OMSO2e,4,,0
2026-06-27,L100000101589,Tianjin Beijiang power station,Tianjin,39.2193209,117.9298639,1,TJ_pilot,2013.0,OMSO2e,4,,0
2026-06-27,L100000101617,East Hope Metals Wucaiwan power station,Xinjiang,44.6829461,89.1158667,0,,,OMSO2e,4,,0
2026-06-27,L100000101668,Xinjiang Qiya Smelter power station,Xinjiang,44.8955881,89.049629,0,,,OMSO2e,4,,0
2026-06-27,L100000101675,Shenhua Guoneng Hami power station,Xinjiang,42.411226,93.009166,0,,,OMSO2e,4,,0
2026-06-27,L100000101677,Shenhua Zhundong Wucaiwan power station,Xinjiang,44.795533,89.149825,0,,,OMSO2e,4,,0
2026-06-27,L100000101681,Tianchi Changji cogen power station,Xinjiang,44.004362,87.171961,0,,,OMSO2e,4,0.1266666650772094,6
2026-06-27,L100000101682,Tianchi Energy Zhundong Wucaiwan power station,Xinjiang,44.8524482,89.1959171,0,,,OMSO2e,4,,0
2026-06-27,L100000101696,Wucaiwan Bei'er power station,Xinjiang,44.8388927,89.1908616,0,,,OMSO2e,4,,0
2026-06-27,L100000101697,Wujiaqu power station,Xinjiang,44.26892,87.687877,0,,,OMSO2e,4,0.6749999523162842,6
2026-06-27,L100000101709,XPCC Shihezi Cogen power station,Xinjiang,44.428094,86.093609,0,,,OMSO2e,4,0.3699999749660492,7
2026-06-27,L100000101716,Diandong power station,Yunnan,25.19943,104.6819,0,,,OMSO2e,4,,0
2026-06-27,L100000101730,Wushashan power station,Zhejiang,29.505411,121.662934,0,,,OMSO2e,4,,0
2026-06-27,L100000101731,Beilun power station,Zhejiang,29.9427256,121.8131207,0,,,OMSO2e,4,,0
2026-06-27,L100000101732,Guohua Zhoushan power station,Zhejiang,30.103996,122.184817,0,,,OMSO2e,4,,0
2026-06-27,L100000101736,Yuhuan power station,Zhejiang,28.1151529,121.1391369,0,,,OMSO2e,4,,0
2026-06-27,L100000101737,China Resources Wenzhou power station,Zhejiang,27.4974228,120.6631851,0,,,OMSO2e,4,,0
2026-06-27,L100000101739,Jiaxing power station,Zhejiang,30.62804,121.14422,0,,,OMSO2e,4,,0
2026-06-27,L100000101742,Lanxi power station,Zhejiang,29.1866175,119.5068449,0,,,OMSO2e,4,,0
2026-06-27,L100000101747,Ninghai power station,Zhejiang,29.4817622,121.5114792,0,,,OMSO2e,4,,0
2026-06-27,L100000101750,Zhejiang Taizhou-2 power station,Zhejiang,29.012395,121.695507,0,,,OMSO2e,4,,0
2026-06-27,L100000101761,Zheneng Liuheng power station,Zhejiang,29.7593387,122.1266091,0,,,OMSO2e,4,,0
2026-06-27,L100000101762,Zheneng Wenzhou power station,Zhejiang,27.9957103,120.8358582,0,,,OMSO2e,4,,0
2026-06-27,L100000101763,Zheneng Yueqing power station,Zhejiang,28.1704074,121.0889375,0,,,OMSO2e,4,,0
2026-06-27,L100000104506,Fu County power station,Shaanxi,35.858656,109.2167,0,,,OMSO2e,4,,0
2026-06-27,L100000104758,Hubei Yicheng power station,Hubei,31.781843,112.129461,1,HB_pilot,2014.0,OMSO2e,4,0.2033333331346511,6
2026-06-27,L100000104917,Shanggao power station,Jiangxi,28.185566,114.825697,0,,,OMSO2e,4,,0
2026-06-27,L100000104944,Hami-Chongqing UHV Transmission Line power station,Xinjiang,44.53792,92.926001,0,,,OMSO2e,4,,0
2026-06-27,L100000104970,Jiangsu Guoxin Shazhou power station,Jiangsu,31.985654,120.684419,0,,,OMSO2e,4,,0
2026-06-27,L100000105025,Datong-2 power station,Shanxi,40.0279118,113.2933181,0,,,OMSO2e,4,-0.3133333325386047,3
2026-06-26,L100000100200,Anhui Bengbu power station,Anhui,32.78444,117.11472,0,,,OMSO2e,4,,0
2026-06-26,L100000100201,Anhui Huainan Panji power station,Anhui,32.76917,116.759595,0,,,OMSO2e,4,,0
2026-06-26,L100000100205,Chizhou Jiuhua power station,Anhui,30.7531097,117.5906618,0,,,OMSO2e,4,,0
2026-06-26,L100000100206,Pingwei power station,Anhui,32.68417,116.901389,0,,,OMSO2e,4,,0
2026-06-26,L100000100211,Fuyang power station,Anhui,33.00444,115.845278,0,,,OMSO2e,4,,0
2026-06-26,L100000100218,Wuhu power station,Anhui,31.2372348,118.1497184,0,,,OMSO2e,4,,0
2026-06-26,L100000100222,Huaibei Pingshan power station,Anhui,33.83392,116.831102,0,,,OMSO2e,4,,0
2026-06-26,L100000100223,Huainan Fengtai power station,Anhui,32.758,116.65,0,,,OMSO2e,4,,0
2026-06-26,L100000100225,Huainan Luohe power station,Anhui,32.68455,117.07511,0,,,OMSO2e,4,,0
2026-06-26,L100000100226,Huainan Tianji power station,Anhui,32.7465,116.8127,0,,,OMSO2e,4,,0
2026-06-26,L100000100233,Lixin Banji power station,Anhui,32.897245,116.242561,0,,,OMSO2e,4,,0
2026-06-26,L100000100237,Anqing power station,Anhui,30.541,117.1717,0,,,OMSO2e,4,,0
2026-06-26,L100000100240,Suzhou Qianyingzi power station,Anhui,33.5107954,116.9261351,0,,,OMSO2e,4,,0
2026-06-26,L100000100242,Tongling Wanneng power station,Anhui,30.88181,117.76439,0,,,OMSO2e,4,,0
2026-06-26,L100000100245,Ma'anshan power station,Anhui,31.750737,118.4796925,0,,,OMSO2e,4,,0
2026-06-26,L100000100269,Chongqing Shuanghuai power station,Chongqing,30.1611074,106.5480599,1,CQ_pilot,2013.0,OMSO2e,4,,0
2026-06-26,L100000100272,Luohuang power station,Chongqing,29.347364,106.433182,1,CQ_pilot,2013.0,OMSO2e,4,,0
2026-06-26,L100000100276,Chongqing Wanzhou power station,Chongqing,30.677938,108.398976,1,CQ_pilot,2013.0,OMSO2e,4,,0
2026-06-26,L100000100283,Ningde power station,Fujian,26.7574469,119.7353942,1,FJ_pilot,2016.0,OMSO2e,4,,0
2026-06-26,L100000100285,Fujian Hongshan power station,Fujian,24.7272766,118.7496944,1,FJ_pilot,2016.0,OMSO2e,4,,0
2026-06-26,L100000100287,Fuzhou Kemen power station,Fujian,26.3734254,119.7622418,1,FJ_pilot,2016.0,OMSO2e,4,,0
2026-06-26,L100000100288,Fuzhou Jiangyin power station,Fujian,25.438464,119.3396226,1,FJ_pilot,2016.0,OMSO2e,4,,0
2026-06-26,L100000100291,Houshi power station,Fujian,24.3030594,118.1259157,1,FJ_pilot,2016.0,OMSO2e,4,,0
2026-06-26,L100000100293,Huaneng Fuzhou power station,Fujian,25.99083,119.4816,1,FJ_pilot,2016.0,OMSO2e,4,,0
2026-06-26,L100000100298,Luoyuan Bay power station,Fujian,26.385334,119.789459,1,FJ_pilot,2016.0,OMSO2e,4,,0
2026-06-26,L100000100299,Meizhouwan power station,Fujian,25.1608278,119.0333354,1,FJ_pilot,2016.0,OMSO2e,4,,0
2026-06-26,L100000100300,Nanpu Quanzhou power station,Fujian,25.2044,118.94385,1,FJ_pilot,2016.0,OMSO2e,4,,0
2026-06-26,L100000100303,Xiamen Songyu power station,Fujian,24.4460582,118.0267975,1,FJ_pilot,2016.0,OMSO2e,4,,0
2026-06-26,L100000100318,Guazhou Changle power station,Gansu,40.6599,96.513,0,,,OMSO2e,4,0.0312499962747097,8
2026-06-26,L100000100320,Zhangye power station,Gansu,39.071222,100.462929,0,,,OMSO2e,4,0.1800000071525573,1
2026-06-26,L100000100326,Pingliang power station,Gansu,35.5017,106.7861,0,,,OMSO2e,4,,0
2026-06-26,L100000100328,Gansu Zhengning power station,Gansu,35.268403,107.975564,0,,,OMSO2e,4,,0
2026-06-26,L100000100339,Lingtai power station,Gansu,35.0858218,107.7152829,0,,,OMSO2e,4,,0
2026-06-26,L100000100347,Chaozhou Sanbaimen power station,Guangdong,23.56645,117.0972,1,GD_pilot,2013.0,OMSO2e,4,,0
2026-06-26,L100000100354,Leizhou power station,Guangdong,20.51161,109.82803,1,GD_pilot,2013.0,OMSO2e,4,,0
2026-06-26,L100000100358,Guangdong Huilai power station,Guangdong,23.0047771,116.5472388,1,GD_pilot,2013.0,OMSO2e,4,0.5600000023841858,2
2026-06-26,L100000100359,Guangdong Huizhou Pinghai power station,Guangdong,22.6064638,114.741919,1,GD_pilot,2013.0,OMSO2e,4,,0
2026-06-26,L100000100361,Guangdong Shaoguan power station,Guangdong,24.682,113.605,1,GD_pilot,2013.0,OMSO2e,4,,0
2026-06-26,L100000100372,Taishan power station,Guangdong,21.8667,112.9228,1,GD_pilot,2013.0,OMSO2e,4,,0
2026-06-26,L100000100377,Heyuan power station,Guangdong,23.567222,114.640278,1,GD_pilot,2013.0,OMSO2e,4,,0
2026-06-26,L100000100381,Haimen power station,Guangdong,23.1899,116.6548,1,GD_pilot,2013.0,OMSO2e,4,,0
2026-06-26,L100000100390,Lufeng Jiahuwan power station,Guangdong,22.832499,115.985482,1,GD_pilot,2013.0,OMSO2e,4,0.0299999993294477,2
2026-06-26,L100000100392,Maoming Bohe power station,Guangdong,21.441033,111.289628,1,GD_pilot,2013.0,OMSO2e,4,,0
2026-06-26,L100000100402,Shenhua Qingyuan power station,Guangdong,24.417008,113.540884,1,GD_pilot,2013.0,OMSO2e,4,,0
2026-06-26,L100000100407,Shanwei Haifeng CCS power station,Guangdong,22.7545453,115.0419938,1,GD_pilot,2013.0,OMSO2e,4,,0
2026-06-26,L100000100408,Shanwei Honghaiwan power station,Guangdong,22.70695,115.55529,1,GD_pilot,2013.0,OMSO2e,4,0.0299999993294477,2
2026-06-26,L100000100417,Yangxi Zhujiang power station,Guangdong,21.54264,111.67033,1,GD_pilot,2013.0,OMSO2e,4,,0
2026-06-26,L100000100418,Dabu power station,Guangdong,24.4057171,116.5877945,1,GD_pilot,2013.0,OMSO2e,4,,0
2026-06-26,L100000100430,Beihai Bebuwan power station,Guangxi,21.5821851,109.5816259,0,,,OMSO2e,4,,0
2026-06-26,L100000100436,Fangchenggang Qisha power station,Guangxi,21.5914,108.3946,0,,,OMSO2e,4,,0
2026-06-26,L100000100437,Beihai power station,Guangxi,21.535871,109.590176,0,,,OMSO2e,4,,0
2026-06-26,L100000100444,Hezhou power station,Guangxi,24.73609,111.34667,0,,,OMSO2e,4,,0
2026-06-26,L100000100452,Qinzhou power station,Guangxi,21.7004655,108.6243063,0,,,OMSO2e,4,,0
2026-06-26,L100000100477,Guizhou Fa'er power station,Guizhou,26.3259319,104.7705622,0,,,OMSO2e,4,,0
2026-06-26,L100000100498,Panxian-2 power station,Guizhou,25.4686039,104.5924059,0,,,OMSO2e,4,,0
2026-06-26,L100000100502,Qianxi power station,Guizhou,27.0516899,106.1252456,0,,,OMSO2e,4,,0
2026-06-26,L100000100542,China Resources Caofeidian power station,Hebei,38.9960653,118.4875488,0,,,OMSO2e,4,,0
2026-06-26,L100000100551,Dingzhou power station,Hebei,38.5122064,114.8433969,0,,,OMSO2e,4,0.5699999928474426,3
2026-06-26,L100000100568,Shang'an power station,Hebei,38.05729,114.19627,0,,,OMSO2e,4,,0
2026-06-26,L100000100569,Hebei Cangdong power station,Hebei,38.31,117.8786111,0,,,OMSO2e,4,,0
2026-06-26,L100000100591,Xibaipo power station,Hebei,38.245068,114.2149428,0,,,OMSO2e,4,0.1700000017881393,2
2026-06-26,L100000100598,Zhangjiakou power station,Hebei,40.6595781,114.9438143,0,,,OMSO2e,4,,0
2026-06-26,L100000100610,Qitaihe power station,Heilongjiang,45.7604176,131.0533476,0,,,OMSO2e,4,,0
2026-06-26,L100000100647,Datang Sanmenxia power station,Henan,34.6855176,111.0274363,0,,,OMSO2e,4,,0
2026-06-26,L100000100648,Xinyang power station,Henan,32.109018,114.140877,0,,,OMSO2e,4,0.270000010728836,2
2026-06-26,L100000100650,Dengfeng-2 power station,Henan,34.39274,113.19878,0,,,OMSO2e,4,,0
2026-06-26,L100000100657,Hebi power station,Henan,35.851366,114.1798126,0,,,OMSO2e,4,0.6399999856948853,1
2026-06-26,L100000100664,Henan Xin'an power station,Henan,34.7413202,112.0634119,0,,,OMSO2e,4,,0
2026-06-26,L100000100665,Henan Xinmi power station,Henan,34.50003,113.59801,0,,,OMSO2e,4,,0
2026-06-26,L100000100677,Qinbei power station,Henan,35.1676,112.71654,0,,,OMSO2e,4,,0
2026-06-26,L100000100680,Jiaozuo Danhe power station,Henan,35.188487,112.887561,0,,,OMSO2e,4,,0
2026-06-26,L100000100696,Nanyang Yahekou power station,Henan,33.3086427,112.644474,0,,,OMSO2e,4,,0
2026-06-26,L100000100697,Pingdingshan Luyang power station,Henan,33.82189,113.01438,0,,,OMSO2e,4,,0
2026-06-26,L100000100707,Nanyang Neixiang power station,Henan,33.086416,111.90004,0,,,OMSO2e,4,,0
2026-06-26,L100000100716,Xuchang Yulong power station,Henan,34.1751132,113.3581446,0,,,OMSO2e,4,,0
2026-06-26,L100000100717,Yaomeng power station,Henan,33.7379928,113.2418822,0,,,OMSO2e,4,,0
2026-06-26,L100000100730,Dabieshan power station,Hubei,31.1420662,114.8921871,1,HB_pilot,2014.0,OMSO2e,4,,0
2026-06-26,L100000100737,Hanchuan power station,Hubei,30.6566087,113.9172741,1,HB_pilot,2014.0,OMSO2e,4,0.0683333352208137,6
2026-06-26,L100000100740,Huadian Xisaishan power station,Hubei,30.203056,115.180278,1,HB_pilot,2014.0,OMSO2e,4,,0
2026-06-26,L100000100742,Yangluo power station,Hubei,30.6938889,114.5430556,1,HB_pilot,2014.0,OMSO2e,4,0.1666666716337204,3
2026-06-26,L100000100745,Hubei Ezhou power station,Hubei,30.5517656,114.6420121,1,HB_pilot,2014.0,OMSO2e,4,-0.0549999997019767,4
2026-06-26,L100000100751,Puqi Xianning power station,Hubei,29.66523,113.87296,1,HB_pilot,2014.0,OMSO2e,4,,0
2026-06-26,L100000100760,Huadian Xiangyang power station,Hubei,31.9118256,112.16692,1,HB_pilot,2014.0,OMSO2e,4,,0
2026-06-26,L100000100771,Pingjiang power station,Hunan,28.808542,113.54144,0,,,OMSO2e,4,,0
2026-06-26,L100000100773,Huaneng Yueyang power station,Hunan,29.4497908,113.1623018,0,,,OMSO2e,4,,0
2026-06-26,L100000100779,Jinzhushan power station,Hunan,27.6252776,111.4823651,0,,,OMSO2e,4,,0
2026-06-26,L100000100782,Liyujiang power station,Hunan,25.940443,113.192476,0,,,OMSO2e,4,,0
2026-06-26,L100000100785,Shenhua Yongzhou power station,Hunan,26.56672,111.492692,0,,,OMSO2e,4,,0
2026-06-26,L100000100786,Guoneng Yueyang power station,Hunan,29.6129835,112.754572,0,,,OMSO2e,4,,0
2026-06-26,L100000100788,Xiangtan power station,Hunan,27.8282792,112.9968045,0,,,OMSO2e,4,,0
2026-06-26,L100000100789,Yiyang power station,Hunan,28.5966667,112.2686111,0,,,OMSO2e,4,,0
2026-06-26,L100000100795,Baotou Aluminum power station,Inner Mongolia,40.557202,110.148382,1,IM_voluntary,2015.0,OMSO2e,4,,0
2026-06-26,L100000100811,Chifeng Yuanbaoshan power station,Inner Mongolia,42.303333,119.324167,1,IM_voluntary,2015.0,OMSO2e,4,-0.085999995470047,5
2026-06-26,L100000100813,Chuangyuan Smelter power station,Inner Mongolia,45.437275,119.427496,1,IM_voluntary,2015.0,OMSO2e,4,,0
2026-06-26,L100000100822,Daihai power station,Inner Mongolia,40.519675,112.667725,1,IM_voluntary,2015.0,OMSO2e,4,,0
2026-06-26,L100000100823,Dalate power station,Inner Mongolia,40.36695,109.99604,1,IM_voluntary,2015.0,OMSO2e,4,,0
2026-06-26,L100000100830,Togtoh power station,Inner Mongolia,40.1952329,111.358881,1,IM_voluntary,2015.0,OMSO2e,4,,0
2026-06-26,L100000100845,Guoneng Shanghaimiao power station,Inner Mongolia,38.309587,106.679378,1,IM_voluntary,2015.0,OMSO2e,4,,0
2026-06-26,L100000100847,Jiangsu Energy Group Wulagai power station,Inner Mongolia,45.955947,119.106454,1,IM_voluntary,2015.0,OMSO2e,4,-0.3666666746139526,3
2026-06-26,L100000100861,Hohhot Jinshan cogen power station,Inner Mongolia,40.7072133,111.4600879,1,IM_voluntary,2015.0,OMSO2e,4,,0
2026-06-26,L100000100863,Hongjun Aluminum power station,Inner Mongolia,45.5128784,119.6504373,1,IM_voluntary,2015.0,OMSO2e,4,,0
2026-06-26,L100000100887,Shangdu power station,Inner Mongolia,42.22369,116.029256,1,IM_voluntary,2015.0,OMSO2e,4,,0
2026-06-26,L100000100888,Inner Mongolia Changcheng power station,Inner Mongolia,38.249688,106.657876,1,IM_voluntary,2015.0,OMSO2e,4,,0
2026-06-26,L100000100894,Yimin power station,Inner Mongolia,48.549722,119.773889,1,IM_voluntary,2015.0,OMSO2e,4,0.0820000022649765,5
2026-06-26,L100000100899,Huolinhe Zhanute power station,Inner Mongolia,45.409847,119.596739,1,IM_voluntary,2015.0,OMSO2e,4,,0
2026-06-26,L100000100910,Jining power station,Inner Mongolia,41.053294,113.153289,1,IM_voluntary,2015.0,OMSO2e,4,,0
2026-06-26,L100000100913,Junggar Suancigou power station,Inner Mongolia,39.711744,111.200548,1,IM_voluntary,2015.0,OMSO2e,4,,0
2026-06-26,L100000100933,Mengtai Beijiao power station,Inner Mongolia,39.846004,109.984888,1,IM_voluntary,2015.0,OMSO2e,4,,0
2026-06-26,L100000100937,Ordos Power Qipanjing power station,Inner Mongolia,39.385235,106.965664,1,IM_voluntary,2015.0,OMSO2e,4,,0
2026-06-26,L100000100948,Inner Mongolia Shenglu power station,Inner Mongolia,38.373756,106.782583,1,IM_voluntary,2015.0,OMSO2e,4,,0
2026-06-26,L100000100954,Tongliao power station,Inner Mongolia,43.6713737,122.1535206,1,IM_voluntary,2015.0,OMSO2e,4,0.2357142716646194,7
2026-06-26,L100000100969,Changshu-1 power station,Jiangsu,31.753204,120.9634852,0,,,OMSO2e,4,,0
2026-06-26,L100000100970,Changshu-2 power station,Jiangsu,31.757764,120.97813,0,,,OMSO2e,4,,0
2026-06-26,L100000100973,Yancheng Binhai power station,Jiangsu,34.307421,120.246943,0,,,OMSO2e,4,,0
2026-06-26,L100000100974,Changzhou power station,Jiangsu,31.9583333,119.9925,0,,,OMSO2e,4,,0
2026-06-26,L100000100982,Taizhou power station,Jiangsu,32.187206,119.914444,0,,,OMSO2e,4,,0
2026-06-26,L100000100984,Guohua Xuzhou power station,Jiangsu,34.395144,117.259705,0,,,OMSO2e,4,,0
2026-06-26,L100000100988,Jurong power station,Jiangsu,32.19575,119.2497,0,,,OMSO2e,4,,0
2026-06-26,L100000100993,Jinling power station,Jiangsu,32.17178,119.01977,0,,,OMSO2e,4,,0
2026-06-26,L100000100997,Huaneng Taicang power station,Jiangsu,31.656908,121.17932,0,,,OMSO2e,4,,0
2026-06-26,L100000100998,Jianbi power station,Jiangsu,32.17693,119.57554,0,,,OMSO2e,4,,0
2026-06-26,L100000101000,Guoxin Jingjiang power station,Jiangsu,32.030487,120.383144,0,,,OMSO2e,4,,0
2026-06-26,L100000101005,Jiangsu Nantong power station,Jiangsu,32.03214,120.76956,0,,,OMSO2e,4,,0
2026-06-26,L100000101008,Jiangsu Sheyanggang power station,Jiangsu,33.8185009,120.4633498,0,,,OMSO2e,4,,0
2026-06-26,L100000101018,Ligang power station,Jiangsu,31.940813,120.0766476,0,,,OMSO2e,4,,0
2026-06-26,L100000101020,Lusigang power station,Jiangsu,32.05858,121.72669,0,,,OMSO2e,4,,0
2026-06-26,L100000101039,Xinhai power station,Jiangsu,34.57789,119.12671,0,,,OMSO2e,4,,0
2026-06-26,L100000101044,Xuzhou Pengcheng power station,Jiangsu,34.3779,117.17591,0,,,OMSO2e,4,,0
2026-06-26,L100000101047,Guoxin Yangzhou power station,Jiangsu,32.267778,119.419444,0,,,OMSO2e,4,,0
2026-06-26,L100000101053,Zhangjiagang Shazhou power station,Jiangsu,31.989733,120.6879258,0,,,OMSO2e,4,,0
2026-06-26,L100000101057,Fuzhou power station,Jiangxi,27.7844943,116.5644289,0,,,OMSO2e,4,,0
2026-06-26,L100000101058,Datang Xinyu power station,Jiangxi,27.679755,114.956506,0,,,OMSO2e,4,,0
2026-06-26,L100000101060,Fengcheng power station,Jiangxi,28.1943602,115.7088424,0,,,OMSO2e,4,,0
2026-06-26,L100000101063,Guixi power station,Jiangxi,28.28914,117.2235,0,,,OMSO2e,4,,0
2026-06-26,L100000101068,Jinggangshan power station,Jiangxi,27.0474697,115.0203859,0,,,OMSO2e,4,,0
2026-06-26,L100000101069,Ruijin power station,Jiangxi,25.9244055,115.1028219,0,,,OMSO2e,4,,0
2026-06-26,L100000101074,Shenhua Jiujiang power station,Jiangxi,29.826619,116.375973,0,,,OMSO2e,4,,0
2026-06-26,L100000101114,Shuangliao power station,Jilin,43.5282178,123.4633255,0,,,OMSO2e,4,,0
2026-06-26,L100000101160,Yingkou power station,Liaoning,40.303837,122.105968,0,,,OMSO2e,4,0.2466666549444198,6
2026-06-26,L100000101178,Suizhong power station,Liaoning,40.07962,120.00959,0,,,OMSO2e,4,0.4916666448116302,6
2026-06-26,L100000101181,Tieling power station,Liaoning,42.3450141,123.8030455,0,,,OMSO2e,4,,0
2026-06-26,L100000101187,Daba power station,Ningxia,37.9916691,105.9247833,0,,,OMSO2e,4,,0
2026-06-26,L100000101190,Ningdong Fangjiazhuang power station,Ningxia,37.837649,106.666501,0,,,OMSO2e,4,,0
2026-06-26,L100000101191,Shizuishan power station,Ningxia,39.2848224,106.7890371,0,,,OMSO2e,4,,0
2026-06-26,L100000101192,Ningdong power station,Ningxia,37.844757,106.786777,0,,,OMSO2e,4,,0
2026-06-26,L100000101203,Ningxia Lingwu power station,Ningxia,38.148333,106.345833,0,,,OMSO2e,4,,0
2026-06-26,L100000101219,Yuanyang Lake power station,Ningxia,38.0575,106.691389,0,,,OMSO2e,4,,0
2026-06-26,L100000101244,Fugu Qingshuichuan power station,Shaanxi,39.2048853,111.1190328,0,,,OMSO2e,4,,0
2026-06-26,L100000101246,Guodian Baoji-2 power station,Shaanxi,34.4980333,107.2181511,0,,,OMSO2e,4,,0
2026-06-26,L100000101252,Hancheng power station,Shaanxi,35.6007189,110.5557051,0,,,OMSO2e,4,,0
2026-06-26,L100000101265,Leilongwan power station,Shaanxi,37.925376,109.101678,0,,,OMSO2e,4,,0
2026-06-26,L100000101269,Pucheng power station,Shaanxi,34.9779314,109.7999759,0,,,OMSO2e,4,,0
2026-06-26,L100000101277,Fugu Miaogoumen power station,Shaanxi,39.208319,110.784956,0,,,OMSO2e,4,,0
2026-06-26,L100000101278,Jinjie power station,Shaanxi,38.7368389,110.1661297,0,,,OMSO2e,4,,0
2026-06-26,L100000101297,Yulin Hengshan power station,Shaanxi,38.03372,109.415067,0,,,OMSO2e,4,,0
2026-06-26,L100000101307,Binzhou Boxing power station,Shandong,37.27629,118.330855,0,,,OMSO2e,4,,0
2026-06-26,L100000101316,Datang Dongying power station,Shandong,38.113151,118.910229,0,,,OMSO2e,4,,0
2026-06-26,L100000101332,Guohua Shouguang power station,Shandong,37.269686,118.906738,0,,,OMSO2e,4,,0
2026-06-26,L100000101339,Huadian Laizhou power station,Shandong,37.432222,120.018056,0,,,OMSO2e,4,,0
2026-06-26,L100000101341,Shiliquan power station,Shandong,34.814444,117.573056,0,,,OMSO2e,4,,0
2026-06-26,L100000101342,Huadian Weifang power station,Shandong,36.6656392,119.2632115,0,,,OMSO2e,4,,0
2026-06-26,L100000101344,Huaneng Dezhou power station,Shandong,37.449349,116.2415516,0,,,OMSO2e,4,,0
2026-06-26,L100000101348,Huaneng Laiwu power station,Shandong,36.1342702,117.6849675,0,,,OMSO2e,4,,0
2026-06-26,L100000101383,Rizhao power station,Shandong,35.3454727,119.5104761,0,,,OMSO2e,4,,0
2026-06-26,L100000101399,Shiheng-2 power station,Shandong,36.2123187,116.5136301,0,,,OMSO2e,4,,0
2026-06-26,L100000101409,Weihai power station,Shandong,37.44899,122.20724,0,,,OMSO2e,4,0.0180000010877847,5
2026-06-26,L100000101415,Weiqiao Huji power station,Shandong,37.347901,117.781587,0,,,OMSO2e,4,,0
2026-06-26,L100000101420,Weiqiao Zouping-1 power station,Shandong,36.9106725,117.7853572,0,,,OMSO2e,4,,0
2026-06-26,L100000101425,Weiqiao Zouping-7 power station,Shandong,36.896297,117.860459,0,,,OMSO2e,4,,0
2026-06-26,L100000101429,Shandong Xinfa Xinyuan power station,Shandong,36.615766,116.225215,0,,,OMSO2e,4,,0
2026-06-26,L100000101442,Zouxian power station,Shandong,35.3255698,116.9260912,0,,,OMSO2e,4,,0
2026-06-26,L100000101444,Shanghai Caojing power station,Shanghai,30.76073,121.4008,1,SH_pilot,2013.0,OMSO2e,4,-0.2399999946355819,1
2026-06-26,L100000101447,Shanghai Shidongkou power station,Shanghai,31.4650719,121.4048433,1,SH_pilot,2013.0,OMSO2e,4,,0
2026-06-26,L100000101448,Waigaoqiao power station,Shanghai,31.3536333,121.6002746,1,SH_pilot,2013.0,OMSO2e,4,-0.2399999946355819,1
2026-06-26,L100000101515,Shanxi Zhaoguang power station,Shanxi,36.5537987,111.6917736,0,,,OMSO2e,4,,0
2026-06-26,L100000101518,Shenhua Hequ power station,Shanxi,39.3830746,111.1843014,0,,,OMSO2e,4,,0
2026-06-26,L100000101519,Shentou power station,Shanxi,39.550981,112.488736,0,,,OMSO2e,4,,0
2026-06-26,L100000101529,Tongmei Tashan power station,Shanxi,39.9249917,113.0839199,0,,,OMSO2e,4,,0
2026-06-26,L100000101542,Xishan Gujiao power station,Shanxi,37.8952266,112.0930982,0,,,OMSO2e,4,,0
2026-06-26,L100000101543,Yangcheng power station,Shanxi,35.466123,112.5742039,0,,,OMSO2e,4,,0
2026-06-26,L100000101551,Yuguang Coal power station,Shanxi,38.078135,113.482791,0,,,OMSO2e,4,0.1700000017881393,1
2026-06-26,L100000101554,Zhangshan power station,Shanxi,36.326115,113.081402,0,,,OMSO2e,4,0.4350000023841858,2
2026-06-26,L100000101555,Changzhi power station,Shanxi,36.3226498,113.0816012,0,,,OMSO2e,4,0.4350000023841858,2
2026-06-26,L100000101567,Guang'an power station,Sichuan,30.5288201,106.8264802,0,,,OMSO2e,4,,0
2026-06-26,L100000101580,Tianming power station,Sichuan,31.869616,104.910148,0,,,OMSO2e,4,,0
2026-06-26,L100000101588,Panshan power station,Tianjin,39.9801382,117.4630704,1,TJ_pilot,2013.0,OMSO2e,4,,0
2026-06-26,L100000101589,Tianjin Beijiang power station,Tianjin,39.2193209,117.9298639,1,TJ_pilot,2013.0,OMSO2e,4,,0
2026-06-26,L100000101617,East Hope Metals Wucaiwan power station,Xinjiang,44.6829461,89.1158667,0,,,OMSO2e,4,0.050000000745058,1
2026-06-26,L100000101668,Xinjiang Qiya Smelter power station,Xinjiang,44.8955881,89.049629,0,,,OMSO2e,4,-0.2899999916553497,1
2026-06-26,L100000101675,Shenhua Guoneng Hami power station,Xinjiang,42.411226,93.009166,0,,,OMSO2e,4,,0
2026-06-26,L100000101677,Shenhua Zhundong Wucaiwan power station,Xinjiang,44.795533,89.149825,0,,,OMSO2e,4,,0
2026-06-26,L100000101681,Tianchi Changji cogen power station,Xinjiang,44.004362,87.171961,0,,,OMSO2e,4,0.135000005364418,6
2026-06-26,L100000101682,Tianchi Energy Zhundong Wucaiwan power station,Xinjiang,44.8524482,89.1959171,0,,,OMSO2e,4,,0
2026-06-26,L100000101696,Wucaiwan Bei'er power station,Xinjiang,44.8388927,89.1908616,0,,,OMSO2e,4,,0
2026-06-26,L100000101697,Wujiaqu power station,Xinjiang,44.26892,87.687877,0,,,OMSO2e,4,-0.0483333356678485,6
2026-06-26,L100000101709,XPCC Shihezi Cogen power station,Xinjiang,44.428094,86.093609,0,,,OMSO2e,4,-0.3271428644657135,7
2026-06-26,L100000101716,Diandong power station,Yunnan,25.19943,104.6819,0,,,OMSO2e,4,,0
2026-06-26,L100000101730,Wushashan power station,Zhejiang,29.505411,121.662934,0,,,OMSO2e,4,0.3183332979679107,6
2026-06-26,L100000101731,Beilun power station,Zhejiang,29.9427256,121.8131207,0,,,OMSO2e,4,0.3119999766349792,5
2026-06-26,L100000101732,Guohua Zhoushan power station,Zhejiang,30.103996,122.184817,0,,,OMSO2e,4,-0.0749999955296516,6
2026-06-26,L100000101736,Yuhuan power station,Zhejiang,28.1151529,121.1391369,0,,,OMSO2e,4,0.061999998986721,5
2026-06-26,L100000101737,China Resources Wenzhou power station,Zhejiang,27.4974228,120.6631851,0,,,OMSO2e,4,0.2266666740179062,3
2026-06-26,L100000101739,Jiaxing power station,Zhejiang,30.62804,121.14422,0,,,OMSO2e,4,,0
2026-06-26,L100000101742,Lanxi power station,Zhejiang,29.1866175,119.5068449,0,,,OMSO2e,4,,0
2026-06-26,L100000101747,Ninghai power station,Zhejiang,29.4817622,121.5114792,0,,,OMSO2e,4,0.3449999988079071,4
2026-06-26,L100000101750,Zhejiang Taizhou-2 power station,Zhejiang,29.012395,121.695507,0,,,OMSO2e,4,0.3466666936874389,6
2026-06-26,L100000101761,Zheneng Liuheng power station,Zhejiang,29.7593387,122.1266091,0,,,OMSO2e,4,0.0649999976158142,6
2026-06-26,L100000101762,Zheneng Wenzhou power station,Zhejiang,27.9957103,120.8358582,0,,,OMSO2e,4,-0.01999999769032,6
2026-06-26,L100000101763,Zheneng Yueqing power station,Zhejiang,28.1704074,121.0889375,0,,,OMSO2e,4,0.0033333350438624,6
2026-06-26,L100000104506,Fu County power station,Shaanxi,35.858656,109.2167,0,,,OMSO2e,4,,0
2026-06-26,L100000104758,Hubei Yicheng power station,Hubei,31.781843,112.129461,1,HB_pilot,2014.0,OMSO2e,4,,0
2026-06-26,L100000104917,Shanggao power station,Jiangxi,28.185566,114.825697,0,,,OMSO2e,4,,0
2026-06-26,L100000104944,Hami-Chongqing UHV Transmission Line power station,Xinjiang,44.53792,92.926001,0,,,OMSO2e,4,0.449999988079071,1
2026-06-26,L100000104970,Jiangsu Guoxin Shazhou power station,Jiangsu,31.985654,120.684419,0,,,OMSO2e,4,,0
2026-06-26,L100000105025,Datong-2 power station,Shanxi,40.0279118,113.2933181,0,,,OMSO2e,4,,0
2026-06-25,L100000100200,Anhui Bengbu power station,Anhui,32.78444,117.11472,0,,,OMSO2e,4,,0
2026-06-25,L100000100201,Anhui Huainan Panji power station,Anhui,32.76917,116.759595,0,,,OMSO2e,4,,0
2026-06-25,L100000100205,Chizhou Jiuhua power station,Anhui,30.7531097,117.5906618,0,,,OMSO2e,4,,0
2026-06-25,L100000100206,Pingwei power station,Anhui,32.68417,116.901389,0,,,OMSO2e,4,,0
2026-06-25,L100000100211,Fuyang power station,Anhui,33.00444,115.845278,0,,,OMSO2e,4,,0
2026-06-25,L100000100218,Wuhu power station,Anhui,31.2372348,118.1497184,0,,,OMSO2e,4,,0
2026-06-25,L100000100222,Huaibei Pingshan power station,Anhui,33.83392,116.831102,0,,,OMSO2e,4,,0
2026-06-25,L100000100223,Huainan Fengtai power station,Anhui,32.758,116.65,0,,,OMSO2e,4,,0
2026-06-25,L100000100225,Huainan Luohe power station,Anhui,32.68455,117.07511,0,,,OMSO2e,4,,0
2026-06-25,L100000100226,Huainan Tianji power station,Anhui,32.7465,116.8127,0,,,OMSO2e,4,,0
2026-06-25,L100000100233,Lixin Banji power station,Anhui,32.897245,116.242561,0,,,OMSO2e,4,,0
2026-06-25,L100000100237,Anqing power station,Anhui,30.541,117.1717,0,,,OMSO2e,4,,0
2026-06-25,L100000100240,Suzhou Qianyingzi power station,Anhui,33.5107954,116.9261351,0,,,OMSO2e,4,,0
2026-06-25,L100000100242,Tongling Wanneng power station,Anhui,30.88181,117.76439,0,,,OMSO2e,4,,0
2026-06-25,L100000100245,Ma'anshan power station,Anhui,31.750737,118.4796925,0,,,OMSO2e,4,,0
2026-06-25,L100000100269,Chongqing Shuanghuai power station,Chongqing,30.1611074,106.5480599,1,CQ_pilot,2013.0,OMSO2e,4,,0
2026-06-25,L100000100272,Luohuang power station,Chongqing,29.347364,106.433182,1,CQ_pilot,2013.0,OMSO2e,4,,0
2026-06-25,L100000100276,Chongqing Wanzhou power station,Chongqing,30.677938,108.398976,1,CQ_pilot,2013.0,OMSO2e,4,,0
2026-06-25,L100000100283,Ningde power station,Fujian,26.7574469,119.7353942,1,FJ_pilot,2016.0,OMSO2e,4,,0
2026-06-25,L100000100285,Fujian Hongshan power station,Fujian,24.7272766,118.7496944,1,FJ_pilot,2016.0,OMSO2e,4,,0
2026-06-25,L100000100287,Fuzhou Kemen power station,Fujian,26.3734254,119.7622418,1,FJ_pilot,2016.0,OMSO2e,4,,0
2026-06-25,L100000100288,Fuzhou Jiangyin power station,Fujian,25.438464,119.3396226,1,FJ_pilot,2016.0,OMSO2e,4,,0
2026-06-25,L100000100291,Houshi power station,Fujian,24.3030594,118.1259157,1,FJ_pilot,2016.0,OMSO2e,4,,0
2026-06-25,L100000100293,Huaneng Fuzhou power station,Fujian,25.99083,119.4816,1,FJ_pilot,2016.0,OMSO2e,4,,0
2026-06-25,L100000100298,Luoyuan Bay power station,Fujian,26.385334,119.789459,1,FJ_pilot,2016.0,OMSO2e,4,,0
2026-06-25,L100000100299,Meizhouwan power station,Fujian,25.1608278,119.0333354,1,FJ_pilot,2016.0,OMSO2e,4,,0
2026-06-25,L100000100300,Nanpu Quanzhou power station,Fujian,25.2044,118.94385,1,FJ_pilot,2016.0,OMSO2e,4,,0
2026-06-25,L100000100303,Xiamen Songyu power station,Fujian,24.4460582,118.0267975,1,FJ_pilot,2016.0,OMSO2e,4,,0
2026-06-25,L100000100318,Guazhou Changle power station,Gansu,40.6599,96.513,0,,,OMSO2e,4,-0.25,1
2026-06-25,L100000100320,Zhangye power station,Gansu,39.071222,100.462929,0,,,OMSO2e,4,0.1600000113248825,6
2026-06-25,L100000100326,Pingliang power station,Gansu,35.5017,106.7861,0,,,OMSO2e,4,,0
2026-06-25,L100000100328,Gansu Zhengning power station,Gansu,35.268403,107.975564,0,,,OMSO2e,4,,0
2026-06-25,L100000100339,Lingtai power station,Gansu,35.0858218,107.7152829,0,,,OMSO2e,4,,0
2026-06-25,L100000100347,Chaozhou Sanbaimen power station,Guangdong,23.56645,117.0972,1,GD_pilot,2013.0,OMSO2e,4,,0
2026-06-25,L100000100354,Leizhou power station,Guangdong,20.51161,109.82803,1,GD_pilot,2013.0,OMSO2e,4,0.1749999970197677,2
2026-06-25,L100000100358,Guangdong Huilai power station,Guangdong,23.0047771,116.5472388,1,GD_pilot,2013.0,OMSO2e,4,,0
2026-06-25,L100000100359,Guangdong Huizhou Pinghai power station,Guangdong,22.6064638,114.741919,1,GD_pilot,2013.0,OMSO2e,4,,0
2026-06-25,L100000100361,Guangdong Shaoguan power station,Guangdong,24.682,113.605,1,GD_pilot,2013.0,OMSO2e,4,-0.2399999946355819,4
2026-06-25,L100000100372,Taishan power station,Guangdong,21.8667,112.9228,1,GD_pilot,2013.0,OMSO2e,4,,0
2026-06-25,L100000100377,Heyuan power station,Guangdong,23.567222,114.640278,1,GD_pilot,2013.0,OMSO2e,4,,0
2026-06-25,L100000100381,Haimen power station,Guangdong,23.1899,116.6548,1,GD_pilot,2013.0,OMSO2e,4,,0
2026-06-25,L100000100390,Lufeng Jiahuwan power station,Guangdong,22.832499,115.985482,1,GD_pilot,2013.0,OMSO2e,4,,0
2026-06-25,L100000100392,Maoming Bohe power station,Guangdong,21.441033,111.289628,1,GD_pilot,2013.0,OMSO2e,4,,0
2026-06-25,L100000100402,Shenhua Qingyuan power station,Guangdong,24.417008,113.540884,1,GD_pilot,2013.0,OMSO2e,4,-0.1783333271741867,6
2026-06-25,L100000100407,Shanwei Haifeng CCS power station,Guangdong,22.7545453,115.0419938,1,GD_pilot,2013.0,OMSO2e,4,,0
2026-06-25,L100000100408,Shanwei Honghaiwan power station,Guangdong,22.70695,115.55529,1,GD_pilot,2013.0,OMSO2e,4,,0
2026-06-25,L100000100417,Yangxi Zhujiang power station,Guangdong,21.54264,111.67033,1,GD_pilot,2013.0,OMSO2e,4,,0
2026-06-25,L100000100418,Dabu power station,Guangdong,24.4057171,116.5877945,1,GD_pilot,2013.0,OMSO2e,4,,0
2026-06-25,L100000100430,Beihai Bebuwan power station,Guangxi,21.5821851,109.5816259,0,,,OMSO2e,4,,0
2026-06-25,L100000100436,Fangchenggang Qisha power station,Guangxi,21.5914,108.3946,0,,,OMSO2e,4,,0
2026-06-25,L100000100437,Beihai power station,Guangxi,21.535871,109.590176,0,,,OMSO2e,4,,0
2026-06-25,L100000100444,Hezhou power station,Guangxi,24.73609,111.34667,0,,,OMSO2e,4,,0
2026-06-25,L100000100452,Qinzhou power station,Guangxi,21.7004655,108.6243063,0,,,OMSO2e,4,,0
2026-06-25,L100000100477,Guizhou Fa'er power station,Guizhou,26.3259319,104.7705622,0,,,OMSO2e,4,,0
2026-06-25,L100000100498,Panxian-2 power station,Guizhou,25.4686039,104.5924059,0,,,OMSO2e,4,,0
2026-06-25,L100000100502,Qianxi power station,Guizhou,27.0516899,106.1252456,0,,,OMSO2e,4,,0
2026-06-25,L100000100542,China Resources Caofeidian power station,Hebei,38.9960653,118.4875488,0,,,OMSO2e,4,,0
2026-06-25,L100000100551,Dingzhou power station,Hebei,38.5122064,114.8433969,0,,,OMSO2e,4,,0
2026-06-25,L100000100568,Shang'an power station,Hebei,38.05729,114.19627,0,,,OMSO2e,4,,0
2026-06-25,L100000100569,Hebei Cangdong power station,Hebei,38.31,117.8786111,0,,,OMSO2e,4,,0
2026-06-25,L100000100591,Xibaipo power station,Hebei,38.245068,114.2149428,0,,,OMSO2e,4,,0
2026-06-25,L100000100598,Zhangjiakou power station,Hebei,40.6595781,114.9438143,0,,,OMSO2e,4,,0
2026-06-25,L100000100610,Qitaihe power station,Heilongjiang,45.7604176,131.0533476,0,,,OMSO2e,4,,0
2026-06-25,L100000100647,Datang Sanmenxia power station,Henan,34.6855176,111.0274363,0,,,OMSO2e,4,0.2899999916553497,1
2026-06-25,L100000100648,Xinyang power station,Henan,32.109018,114.140877,0,,,OMSO2e,4,,0
2026-06-25,L100000100650,Dengfeng-2 power station,Henan,34.39274,113.19878,0,,,OMSO2e,4,,0
2026-06-25,L100000100657,Hebi power station,Henan,35.851366,114.1798126,0,,,OMSO2e,4,,0
2026-06-25,L100000100664,Henan Xin'an power station,Henan,34.7413202,112.0634119,0,,,OMSO2e,4,,0
2026-06-25,L100000100665,Henan Xinmi power station,Henan,34.50003,113.59801,0,,,OMSO2e,4,,0
2026-06-25,L100000100677,Qinbei power station,Henan,35.1676,112.71654,0,,,OMSO2e,4,,0
2026-06-25,L100000100680,Jiaozuo Danhe power station,Henan,35.188487,112.887561,0,,,OMSO2e,4,,0
2026-06-25,L100000100696,Nanyang Yahekou power station,Henan,33.3086427,112.644474,0,,,OMSO2e,4,,0
2026-06-25,L100000100697,Pingdingshan Luyang power station,Henan,33.82189,113.01438,0,,,OMSO2e,4,,0
2026-06-25,L100000100707,Nanyang Neixiang power station,Henan,33.086416,111.90004,0,,,OMSO2e,4,,0
2026-06-25,L100000100716,Xuchang Yulong power station,Henan,34.1751132,113.3581446,0,,,OMSO2e,4,,0
2026-06-25,L100000100717,Yaomeng power station,Henan,33.7379928,113.2418822,0,,,OMSO2e,4,,0
2026-06-25,L100000100730,Dabieshan power station,Hubei,31.1420662,114.8921871,1,HB_pilot,2014.0,OMSO2e,4,,0
2026-06-25,L100000100737,Hanchuan power station,Hubei,30.6566087,113.9172741,1,HB_pilot,2014.0,OMSO2e,4,,0
2026-06-25,L100000100740,Huadian Xisaishan power station,Hubei,30.203056,115.180278,1,HB_pilot,2014.0,OMSO2e,4,,0
2026-06-25,L100000100742,Yangluo power station,Hubei,30.6938889,114.5430556,1,HB_pilot,2014.0,OMSO2e,4,,0
2026-06-25,L100000100745,Hubei Ezhou power station,Hubei,30.5517656,114.6420121,1,HB_pilot,2014.0,OMSO2e,4,,0
2026-06-25,L100000100751,Puqi Xianning power station,Hubei,29.66523,113.87296,1,HB_pilot,2014.0,OMSO2e,4,,0
2026-06-25,L100000100760,Huadian Xiangyang power station,Hubei,31.9118256,112.16692,1,HB_pilot,2014.0,OMSO2e,4,-0.0299999993294477,1
2026-06-25,L100000100771,Pingjiang power station,Hunan,28.808542,113.54144,0,,,OMSO2e,4,,0
2026-06-25,L100000100773,Huaneng Yueyang power station,Hunan,29.4497908,113.1623018,0,,,OMSO2e,4,,0
2026-06-25,L100000100779,Jinzhushan power station,Hunan,27.6252776,111.4823651,0,,,OMSO2e,4,,0
2026-06-25,L100000100782,Liyujiang power station,Hunan,25.940443,113.192476,0,,,OMSO2e,4,,0
2026-06-25,L100000100785,Shenhua Yongzhou power station,Hunan,26.56672,111.492692,0,,,OMSO2e,4,,0
2026-06-25,L100000100786,Guoneng Yueyang power station,Hunan,29.6129835,112.754572,0,,,OMSO2e,4,,0
2026-06-25,L100000100788,Xiangtan power station,Hunan,27.8282792,112.9968045,0,,,OMSO2e,4,,0
2026-06-25,L100000100789,Yiyang power station,Hunan,28.5966667,112.2686111,0,,,OMSO2e,4,,0
2026-06-25,L100000100795,Baotou Aluminum power station,Inner Mongolia,40.557202,110.148382,1,IM_voluntary,2015.0,OMSO2e,4,,0
2026-06-25,L100000100811,Chifeng Yuanbaoshan power station,Inner Mongolia,42.303333,119.324167,1,IM_voluntary,2015.0,OMSO2e,4,,0
2026-06-25,L100000100813,Chuangyuan Smelter power station,Inner Mongolia,45.437275,119.427496,1,IM_voluntary,2015.0,OMSO2e,4,,0
2026-06-25,L100000100822,Daihai power station,Inner Mongolia,40.519675,112.667725,1,IM_voluntary,2015.0,OMSO2e,4,,0
2026-06-25,L100000100823,Dalate power station,Inner Mongolia,40.36695,109.99604,1,IM_voluntary,2015.0,OMSO2e,4,,0
2026-06-25,L100000100830,Togtoh power station,Inner Mongolia,40.1952329,111.358881,1,IM_voluntary,2015.0,OMSO2e,4,,0
2026-06-25,L100000100845,Guoneng Shanghaimiao power station,Inner Mongolia,38.309587,106.679378,1,IM_voluntary,2015.0,OMSO2e,4,,0
2026-06-25,L100000100847,Jiangsu Energy Group Wulagai power station,Inner Mongolia,45.955947,119.106454,1,IM_voluntary,2015.0,OMSO2e,4,,0
2026-06-25,L100000100861,Hohhot Jinshan cogen power station,Inner Mongolia,40.7072133,111.4600879,1,IM_voluntary,2015.0,OMSO2e,4,,0
2026-06-25,L100000100863,Hongjun Aluminum power station,Inner Mongolia,45.5128784,119.6504373,1,IM_voluntary,2015.0,OMSO2e,4,,0
2026-06-25,L100000100887,Shangdu power station,Inner Mongolia,42.22369,116.029256,1,IM_voluntary,2015.0,OMSO2e,4,,0
2026-06-25,L100000100888,Inner Mongolia Changcheng power station,Inner Mongolia,38.249688,106.657876,1,IM_voluntary,2015.0,OMSO2e,4,,0
2026-06-25,L100000100894,Yimin power station,Inner Mongolia,48.549722,119.773889,1,IM_voluntary,2015.0,OMSO2e,4,-0.0185714270919561,7
2026-06-25,L100000100899,Huolinhe Zhanute power station,Inner Mongolia,45.409847,119.596739,1,IM_voluntary,2015.0,OMSO2e,4,,0
2026-06-25,L100000100910,Jining power station,Inner Mongolia,41.053294,113.153289,1,IM_voluntary,2015.0,OMSO2e,4,,0
2026-06-25,L100000100913,Junggar Suancigou power station,Inner Mongolia,39.711744,111.200548,1,IM_voluntary,2015.0,OMSO2e,4,,0
2026-06-25,L100000100933,Mengtai Beijiao power station,Inner Mongolia,39.846004,109.984888,1,IM_voluntary,2015.0,OMSO2e,4,,0
2026-06-25,L100000100937,Ordos Power Qipanjing power station,Inner Mongolia,39.385235,106.965664,1,IM_voluntary,2015.0,OMSO2e,4,,0
2026-06-25,L100000100948,Inner Mongolia Shenglu power station,Inner Mongolia,38.373756,106.782583,1,IM_voluntary,2015.0,OMSO2e,4,,0
2026-06-25,L100000100954,Tongliao power station,Inner Mongolia,43.6713737,122.1535206,1,IM_voluntary,2015.0,OMSO2e,4,0.0285714287310838,7
2026-06-25,L100000100969,Changshu-1 power station,Jiangsu,31.753204,120.9634852,0,,,OMSO2e,4,,0
2026-06-25,L100000100970,Changshu-2 power station,Jiangsu,31.757764,120.97813,0,,,OMSO2e,4,,0
2026-06-25,L100000100973,Yancheng Binhai power station,Jiangsu,34.307421,120.246943,0,,,OMSO2e,4,,0
2026-06-25,L100000100974,Changzhou power station,Jiangsu,31.9583333,119.9925,0,,,OMSO2e,4,,0
2026-06-25,L100000100982,Taizhou power station,Jiangsu,32.187206,119.914444,0,,,OMSO2e,4,,0
2026-06-25,L100000100984,Guohua Xuzhou power station,Jiangsu,34.395144,117.259705,0,,,OMSO2e,4,,0
2026-06-25,L100000100988,Jurong power station,Jiangsu,32.19575,119.2497,0,,,OMSO2e,4,,0
2026-06-25,L100000100993,Jinling power station,Jiangsu,32.17178,119.01977,0,,,OMSO2e,4,,0
2026-06-25,L100000100997,Huaneng Taicang power station,Jiangsu,31.656908,121.17932,0,,,OMSO2e,4,,0
2026-06-25,L100000100998,Jianbi power station,Jiangsu,32.17693,119.57554,0,,,OMSO2e,4,,0
2026-06-25,L100000101000,Guoxin Jingjiang power station,Jiangsu,32.030487,120.383144,0,,,OMSO2e,4,,0
2026-06-25,L100000101005,Jiangsu Nantong power station,Jiangsu,32.03214,120.76956,0,,,OMSO2e,4,,0
2026-06-25,L100000101008,Jiangsu Sheyanggang power station,Jiangsu,33.8185009,120.4633498,0,,,OMSO2e,4,,0
2026-06-25,L100000101018,Ligang power station,Jiangsu,31.940813,120.0766476,0,,,OMSO2e,4,,0
2026-06-25,L100000101020,Lusigang power station,Jiangsu,32.05858,121.72669,0,,,OMSO2e,4,,0
2026-06-25,L100000101039,Xinhai power station,Jiangsu,34.57789,119.12671,0,,,OMSO2e,4,,0
2026-06-25,L100000101044,Xuzhou Pengcheng power station,Jiangsu,34.3779,117.17591,0,,,OMSO2e,4,,0
2026-06-25,L100000101047,Guoxin Yangzhou power station,Jiangsu,32.267778,119.419444,0,,,OMSO2e,4,,0
2026-06-25,L100000101053,Zhangjiagang Shazhou power station,Jiangsu,31.989733,120.6879258,0,,,OMSO2e,4,,0
2026-06-25,L100000101057,Fuzhou power station,Jiangxi,27.7844943,116.5644289,0,,,OMSO2e,4,,0
2026-06-25,L100000101058,Datang Xinyu power station,Jiangxi,27.679755,114.956506,0,,,OMSO2e,4,,0
2026-06-25,L100000101060,Fengcheng power station,Jiangxi,28.1943602,115.7088424,0,,,OMSO2e,4,,0
2026-06-25,L100000101063,Guixi power station,Jiangxi,28.28914,117.2235,0,,,OMSO2e,4,,0
2026-06-25,L100000101068,Jinggangshan power station,Jiangxi,27.0474697,115.0203859,0,,,OMSO2e,4,,0
2026-06-25,L100000101069,Ruijin power station,Jiangxi,25.9244055,115.1028219,0,,,OMSO2e,4,,0
2026-06-25,L100000101074,Shenhua Jiujiang power station,Jiangxi,29.826619,116.375973,0,,,OMSO2e,4,,0
2026-06-25,L100000101114,Shuangliao power station,Jilin,43.5282178,123.4633255,0,,,OMSO2e,4,-0.342857152223587,7
2026-06-25,L100000101160,Yingkou power station,Liaoning,40.303837,122.105968,0,,,OMSO2e,4,0.3899999856948852,3
2026-06-25,L100000101178,Suizhong power station,Liaoning,40.07962,120.00959,0,,,OMSO2e,4,,0
2026-06-25,L100000101181,Tieling power station,Liaoning,42.3450141,123.8030455,0,,,OMSO2e,4,0.3042857348918915,7
2026-06-25,L100000101187,Daba power station,Ningxia,37.9916691,105.9247833,0,,,OMSO2e,4,,0
2026-06-25,L100000101190,Ningdong Fangjiazhuang power station,Ningxia,37.837649,106.666501,0,,,OMSO2e,4,,0
2026-06-25,L100000101191,Shizuishan power station,Ningxia,39.2848224,106.7890371,0,,,OMSO2e,4,,0
2026-06-25,L100000101192,Ningdong power station,Ningxia,37.844757,106.786777,0,,,OMSO2e,4,,0
2026-06-25,L100000101203,Ningxia Lingwu power station,Ningxia,38.148333,106.345833,0,,,OMSO2e,4,,0
2026-06-25,L100000101219,Yuanyang Lake power station,Ningxia,38.0575,106.691389,0,,,OMSO2e,4,,0
2026-06-25,L100000101244,Fugu Qingshuichuan power station,Shaanxi,39.2048853,111.1190328,0,,,OMSO2e,4,,0
2026-06-25,L100000101246,Guodian Baoji-2 power station,Shaanxi,34.4980333,107.2181511,0,,,OMSO2e,4,,0
2026-06-25,L100000101252,Hancheng power station,Shaanxi,35.6007189,110.5557051,0,,,OMSO2e,4,,0
2026-06-25,L100000101265,Leilongwan power station,Shaanxi,37.925376,109.101678,0,,,OMSO2e,4,,0
2026-06-25,L100000101269,Pucheng power station,Shaanxi,34.9779314,109.7999759,0,,,OMSO2e,4,,0
2026-06-25,L100000101277,Fugu Miaogoumen power station,Shaanxi,39.208319,110.784956,0,,,OMSO2e,4,,0
2026-06-25,L100000101278,Jinjie power station,Shaanxi,38.7368389,110.1661297,0,,,OMSO2e,4,,0
2026-06-25,L100000101297,Yulin Hengshan power station,Shaanxi,38.03372,109.415067,0,,,OMSO2e,4,0.0700000002980232,2
2026-06-25,L100000101307,Binzhou Boxing power station,Shandong,37.27629,118.330855,0,,,OMSO2e,4,,0
2026-06-25,L100000101316,Datang Dongying power station,Shandong,38.113151,118.910229,0,,,OMSO2e,4,,0
2026-06-25,L100000101332,Guohua Shouguang power station,Shandong,37.269686,118.906738,0,,,OMSO2e,4,,0
2026-06-25,L100000101339,Huadian Laizhou power station,Shandong,37.432222,120.018056,0,,,OMSO2e,4,,0
2026-06-25,L100000101341,Shiliquan power station,Shandong,34.814444,117.573056,0,,,OMSO2e,4,,0
2026-06-25,L100000101342,Huadian Weifang power station,Shandong,36.6656392,119.2632115,0,,,OMSO2e,4,,0
2026-06-25,L100000101344,Huaneng Dezhou power station,Shandong,37.449349,116.2415516,0,,,OMSO2e,4,,0
2026-06-25,L100000101348,Huaneng Laiwu power station,Shandong,36.1342702,117.6849675,0,,,OMSO2e,4,,0
2026-06-25,L100000101383,Rizhao power station,Shandong,35.3454727,119.5104761,0,,,OMSO2e,4,,0
2026-06-25,L100000101399,Shiheng-2 power station,Shandong,36.2123187,116.5136301,0,,,OMSO2e,4,,0
2026-06-25,L100000101409,Weihai power station,Shandong,37.44899,122.20724,0,,,OMSO2e,4,0.9300000071525574,2
2026-06-25,L100000101415,Weiqiao Huji power station,Shandong,37.347901,117.781587,0,,,OMSO2e,4,,0
2026-06-25,L100000101420,Weiqiao Zouping-1 power station,Shandong,36.9106725,117.7853572,0,,,OMSO2e,4,,0
2026-06-25,L100000101425,Weiqiao Zouping-7 power station,Shandong,36.896297,117.860459,0,,,OMSO2e,4,,0
2026-06-25,L100000101429,Shandong Xinfa Xinyuan power station,Shandong,36.615766,116.225215,0,,,OMSO2e,4,,0
2026-06-25,L100000101442,Zouxian power station,Shandong,35.3255698,116.9260912,0,,,OMSO2e,4,,0
2026-06-25,L100000101444,Shanghai Caojing power station,Shanghai,30.76073,121.4008,1,SH_pilot,2013.0,OMSO2e,4,,0
2026-06-25,L100000101447,Shanghai Shidongkou power station,Shanghai,31.4650719,121.4048433,1,SH_pilot,2013.0,OMSO2e,4,,0
2026-06-25,L100000101448,Waigaoqiao power station,Shanghai,31.3536333,121.6002746,1,SH_pilot,2013.0,OMSO2e,4,,0
2026-06-25,L100000101515,Shanxi Zhaoguang power station,Shanxi,36.5537987,111.6917736,0,,,OMSO2e,4,,0
2026-06-25,L100000101518,Shenhua Hequ power station,Shanxi,39.3830746,111.1843014,0,,,OMSO2e,4,,0
2026-06-25,L100000101519,Shentou power station,Shanxi,39.550981,112.488736,0,,,OMSO2e,4,,0
2026-06-25,L100000101529,Tongmei Tashan power station,Shanxi,39.9249917,113.0839199,0,,,OMSO2e,4,,0
2026-06-25,L100000101542,Xishan Gujiao power station,Shanxi,37.8952266,112.0930982,0,,,OMSO2e,4,,0
2026-06-25,L100000101543,Yangcheng power station,Shanxi,35.466123,112.5742039,0,,,OMSO2e,4,,0
2026-06-25,L100000101551,Yuguang Coal power station,Shanxi,38.078135,113.482791,0,,,OMSO2e,4,,0
2026-06-25,L100000101554,Zhangshan power station,Shanxi,36.326115,113.081402,0,,,OMSO2e,4,,0
2026-06-25,L100000101555,Changzhi power station,Shanxi,36.3226498,113.0816012,0,,,OMSO2e,4,,0
2026-06-25,L100000101567,Guang'an power station,Sichuan,30.5288201,106.8264802,0,,,OMSO2e,4,,0
2026-06-25,L100000101580,Tianming power station,Sichuan,31.869616,104.910148,0,,,OMSO2e,4,,0
2026-06-25,L100000101588,Panshan power station,Tianjin,39.9801382,117.4630704,1,TJ_pilot,2013.0,OMSO2e,4,,0
2026-06-25,L100000101589,Tianjin Beijiang power station,Tianjin,39.2193209,117.9298639,1,TJ_pilot,2013.0,OMSO2e,4,,0
2026-06-25,L100000101617,East Hope Metals Wucaiwan power station,Xinjiang,44.6829461,89.1158667,0,,,OMSO2e,4,,0
2026-06-25,L100000101668,Xinjiang Qiya Smelter power station,Xinjiang,44.8955881,89.049629,0,,,OMSO2e,4,,0
2026-06-25,L100000101675,Shenhua Guoneng Hami power station,Xinjiang,42.411226,93.009166,0,,,OMSO2e,4,,0
2026-06-25,L100000101677,Shenhua Zhundong Wucaiwan power station,Xinjiang,44.795533,89.149825,0,,,OMSO2e,4,,0
2026-06-25,L100000101681,Tianchi Changji cogen power station,Xinjiang,44.004362,87.171961,0,,,OMSO2e,4,,0
2026-06-25,L100000101682,Tianchi Energy Zhundong Wucaiwan power station,Xinjiang,44.8524482,89.1959171,0,,,OMSO2e,4,,0
2026-06-25,L100000101696,Wucaiwan Bei'er power station,Xinjiang,44.8388927,89.1908616,0,,,OMSO2e,4,,0
2026-06-25,L100000101697,Wujiaqu power station,Xinjiang,44.26892,87.687877,0,,,OMSO2e,4,,0
2026-06-25,L100000101709,XPCC Shihezi Cogen power station,Xinjiang,44.428094,86.093609,0,,,OMSO2e,4,,0
2026-06-25,L100000101716,Diandong power station,Yunnan,25.19943,104.6819,0,,,OMSO2e,4,,0
2026-06-25,L100000101730,Wushashan power station,Zhejiang,29.505411,121.662934,0,,,OMSO2e,4,,0
2026-06-25,L100000101731,Beilun power station,Zhejiang,29.9427256,121.8131207,0,,,OMSO2e,4,,0
2026-06-25,L100000101732,Guohua Zhoushan power station,Zhejiang,30.103996,122.184817,0,,,OMSO2e,4,,0
2026-06-25,L100000101736,Yuhuan power station,Zhejiang,28.1151529,121.1391369,0,,,OMSO2e,4,,0
2026-06-25,L100000101737,China Resources Wenzhou power station,Zhejiang,27.4974228,120.6631851,0,,,OMSO2e,4,,0
2026-06-25,L100000101739,Jiaxing power station,Zhejiang,30.62804,121.14422,0,,,OMSO2e,4,,0
2026-06-25,L100000101742,Lanxi power station,Zhejiang,29.1866175,119.5068449,0,,,OMSO2e,4,,0
2026-06-25,L100000101747,Ninghai power station,Zhejiang,29.4817622,121.5114792,0,,,OMSO2e,4,,0
2026-06-25,L100000101750,Zhejiang Taizhou-2 power station,Zhejiang,29.012395,121.695507,0,,,OMSO2e,4,,0
2026-06-25,L100000101761,Zheneng Liuheng power station,Zhejiang,29.7593387,122.1266091,0,,,OMSO2e,4,,0
2026-06-25,L100000101762,Zheneng Wenzhou power station,Zhejiang,27.9957103,120.8358582,0,,,OMSO2e,4,,0
2026-06-25,L100000101763,Zheneng Yueqing power station,Zhejiang,28.1704074,121.0889375,0,,,OMSO2e,4,,0
2026-06-25,L100000104506,Fu County power station,Shaanxi,35.858656,109.2167,0,,,OMSO2e,4,,0
2026-06-25,L100000104758,Hubei Yicheng power station,Hubei,31.781843,112.129461,1,HB_pilot,2014.0,OMSO2e,4,-0.0299999993294477,2
2026-06-25,L100000104917,Shanggao power station,Jiangxi,28.185566,114.825697,0,,,OMSO2e,4,,0
2026-06-25,L100000104944,Hami-Chongqing UHV Transmission Line power station,Xinjiang,44.53792,92.926001,0,,,OMSO2e,4,,0
2026-06-25,L100000104970,Jiangsu Guoxin Shazhou power station,Jiangsu,31.985654,120.684419,0,,,OMSO2e,4,,0
2026-06-25,L100000105025,Datong-2 power station,Shanxi,40.0279118,113.2933181,0,,,OMSO2e,4,,0
2026-06-24,L100000100200,Anhui Bengbu power station,Anhui,32.78444,117.11472,0,,,OMSO2e,4,,0
2026-06-24,L100000100201,Anhui Huainan Panji power station,Anhui,32.76917,116.759595,0,,,OMSO2e,4,,0
2026-06-24,L100000100205,Chizhou Jiuhua power station,Anhui,30.7531097,117.5906618,0,,,OMSO2e,4,,0
2026-06-24,L100000100206,Pingwei power station,Anhui,32.68417,116.901389,0,,,OMSO2e,4,,0
2026-06-24,L100000100211,Fuyang power station,Anhui,33.00444,115.845278,0,,,OMSO2e,4,,0
2026-06-24,L100000100218,Wuhu power station,Anhui,31.2372348,118.1497184,0,,,OMSO2e,4,,0
2026-06-24,L100000100222,Huaibei Pingshan power station,Anhui,33.83392,116.831102,0,,,OMSO2e,4,,0
2026-06-24,L100000100223,Huainan Fengtai power station,Anhui,32.758,116.65,0,,,OMSO2e,4,,0
2026-06-24,L100000100225,Huainan Luohe power station,Anhui,32.68455,117.07511,0,,,OMSO2e,4,,0
2026-06-24,L100000100226,Huainan Tianji power station,Anhui,32.7465,116.8127,0,,,OMSO2e,4,,0
2026-06-24,L100000100233,Lixin Banji power station,Anhui,32.897245,116.242561,0,,,OMSO2e,4,,0
2026-06-24,L100000100237,Anqing power station,Anhui,30.541,117.1717,0,,,OMSO2e,4,,0
2026-06-24,L100000100240,Suzhou Qianyingzi power station,Anhui,33.5107954,116.9261351,0,,,OMSO2e,4,,0
2026-06-24,L100000100242,Tongling Wanneng power station,Anhui,30.88181,117.76439,0,,,OMSO2e,4,,0
2026-06-24,L100000100245,Ma'anshan power station,Anhui,31.750737,118.4796925,0,,,OMSO2e,4,,0
2026-06-24,L100000100269,Chongqing Shuanghuai power station,Chongqing,30.1611074,106.5480599,1,CQ_pilot,2013.0,OMSO2e,4,,0
2026-06-24,L100000100272,Luohuang power station,Chongqing,29.347364,106.433182,1,CQ_pilot,2013.0,OMSO2e,4,,0
2026-06-24,L100000100276,Chongqing Wanzhou power station,Chongqing,30.677938,108.398976,1,CQ_pilot,2013.0,OMSO2e,4,,0
2026-06-24,L100000100283,Ningde power station,Fujian,26.7574469,119.7353942,1,FJ_pilot,2016.0,OMSO2e,4,-0.0549999997019767,4
2026-06-24,L100000100285,Fujian Hongshan power station,Fujian,24.7272766,118.7496944,1,FJ_pilot,2016.0,OMSO2e,4,,0
2026-06-24,L100000100287,Fuzhou Kemen power station,Fujian,26.3734254,119.7622418,1,FJ_pilot,2016.0,OMSO2e,4,-0.1416666656732559,6
2026-06-24,L100000100288,Fuzhou Jiangyin power station,Fujian,25.438464,119.3396226,1,FJ_pilot,2016.0,OMSO2e,4,,0
2026-06-24,L100000100291,Houshi power station,Fujian,24.3030594,118.1259157,1,FJ_pilot,2016.0,OMSO2e,4,,0
2026-06-24,L100000100293,Huaneng Fuzhou power station,Fujian,25.99083,119.4816,1,FJ_pilot,2016.0,OMSO2e,4,-0.1400000005960464,3
2026-06-24,L100000100298,Luoyuan Bay power station,Fujian,26.385334,119.789459,1,FJ_pilot,2016.0,OMSO2e,4,-0.0957142859697341,7
2026-06-24,L100000100299,Meizhouwan power station,Fujian,25.1608278,119.0333354,1,FJ_pilot,2016.0,OMSO2e,4,,0
2026-06-24,L100000100300,Nanpu Quanzhou power station,Fujian,25.2044,118.94385,1,FJ_pilot,2016.0,OMSO2e,4,,0
2026-06-24,L100000100303,Xiamen Songyu power station,Fujian,24.4460582,118.0267975,1,FJ_pilot,2016.0,OMSO2e,4,,0
2026-06-24,L100000100318,Guazhou Changle power station,Gansu,40.6599,96.513,0,,,OMSO2e,4,,0
2026-06-24,L100000100320,Zhangye power station,Gansu,39.071222,100.462929,0,,,OMSO2e,4,,0
2026-06-24,L100000100326,Pingliang power station,Gansu,35.5017,106.7861,0,,,OMSO2e,4,,0
2026-06-24,L100000100328,Gansu Zhengning power station,Gansu,35.268403,107.975564,0,,,OMSO2e,4,,0
2026-06-24,L100000100339,Lingtai power station,Gansu,35.0858218,107.7152829,0,,,OMSO2e,4,,0
2026-06-24,L100000100347,Chaozhou Sanbaimen power station,Guangdong,23.56645,117.0972,1,GD_pilot,2013.0,OMSO2e,4,,0
2026-06-24,L100000100354,Leizhou power station,Guangdong,20.51161,109.82803,1,GD_pilot,2013.0,OMSO2e,4,-0.0350000001490116,2
2026-06-24,L100000100358,Guangdong Huilai power station,Guangdong,23.0047771,116.5472388,1,GD_pilot,2013.0,OMSO2e,4,-0.0099999997764825,4
2026-06-24,L100000100359,Guangdong Huizhou Pinghai power station,Guangdong,22.6064638,114.741919,1,GD_pilot,2013.0,OMSO2e,4,,0
2026-06-24,L100000100361,Guangdong Shaoguan power station,Guangdong,24.682,113.605,1,GD_pilot,2013.0,OMSO2e,4,,0
2026-06-24,L100000100372,Taishan power station,Guangdong,21.8667,112.9228,1,GD_pilot,2013.0,OMSO2e,4,0.0599999986588954,1
2026-06-24,L100000100377,Heyuan power station,Guangdong,23.567222,114.640278,1,GD_pilot,2013.0,OMSO2e,4,,0
2026-06-24,L100000100381,Haimen power station,Guangdong,23.1899,116.6548,1,GD_pilot,2013.0,OMSO2e,4,-0.0099999997764825,3
2026-06-24,L100000100390,Lufeng Jiahuwan power station,Guangdong,22.832499,115.985482,1,GD_pilot,2013.0,OMSO2e,4,-0.0966666638851165,3
2026-06-24,L100000100392,Maoming Bohe power station,Guangdong,21.441033,111.289628,1,GD_pilot,2013.0,OMSO2e,4,-0.0600000023841857,4
2026-06-24,L100000100402,Shenhua Qingyuan power station,Guangdong,24.417008,113.540884,1,GD_pilot,2013.0,OMSO2e,4,,0
2026-06-24,L100000100407,Shanwei Haifeng CCS power station,Guangdong,22.7545453,115.0419938,1,GD_pilot,2013.0,OMSO2e,4,,0
2026-06-24,L100000100408,Shanwei Honghaiwan power station,Guangdong,22.70695,115.55529,1,GD_pilot,2013.0,OMSO2e,4,-0.1400000005960464,3
2026-06-24,L100000100417,Yangxi Zhujiang power station,Guangdong,21.54264,111.67033,1,GD_pilot,2013.0,OMSO2e,4,0.0860000029206276,5
2026-06-24,L100000100418,Dabu power station,Guangdong,24.4057171,116.5877945,1,GD_pilot,2013.0,OMSO2e,4,,0
2026-06-24,L100000100430,Beihai Bebuwan power station,Guangxi,21.5821851,109.5816259,0,,,OMSO2e,4,,0
2026-06-24,L100000100436,Fangchenggang Qisha power station,Guangxi,21.5914,108.3946,0,,,OMSO2e,4,,0
2026-06-24,L100000100437,Beihai power station,Guangxi,21.535871,109.590176,0,,,OMSO2e,4,,0
2026-06-24,L100000100444,Hezhou power station,Guangxi,24.73609,111.34667,0,,,OMSO2e,4,,0
2026-06-24,L100000100452,Qinzhou power station,Guangxi,21.7004655,108.6243063,0,,,OMSO2e,4,,0
2026-06-24,L100000100477,Guizhou Fa'er power station,Guizhou,26.3259319,104.7705622,0,,,OMSO2e,4,,0
2026-06-24,L100000100498,Panxian-2 power station,Guizhou,25.4686039,104.5924059,0,,,OMSO2e,4,,0
2026-06-24,L100000100502,Qianxi power station,Guizhou,27.0516899,106.1252456,0,,,OMSO2e,4,,0
2026-06-24,L100000100542,China Resources Caofeidian power station,Hebei,38.9960653,118.4875488,0,,,OMSO2e,4,,0
2026-06-24,L100000100551,Dingzhou power station,Hebei,38.5122064,114.8433969,0,,,OMSO2e,4,,0
2026-06-24,L100000100568,Shang'an power station,Hebei,38.05729,114.19627,0,,,OMSO2e,4,,0
2026-06-24,L100000100569,Hebei Cangdong power station,Hebei,38.31,117.8786111,0,,,OMSO2e,4,,0
2026-06-24,L100000100591,Xibaipo power station,Hebei,38.245068,114.2149428,0,,,OMSO2e,4,,0
2026-06-24,L100000100598,Zhangjiakou power station,Hebei,40.6595781,114.9438143,0,,,OMSO2e,4,0.1366666704416275,6
2026-06-24,L100000100610,Qitaihe power station,Heilongjiang,45.7604176,131.0533476,0,,,OMSO2e,4,,0
2026-06-24,L100000100647,Datang Sanmenxia power station,Henan,34.6855176,111.0274363,0,,,OMSO2e,4,,0
2026-06-24,L100000100648,Xinyang power station,Henan,32.109018,114.140877,0,,,OMSO2e,4,,0
2026-06-24,L100000100650,Dengfeng-2 power station,Henan,34.39274,113.19878,0,,,OMSO2e,4,,0
2026-06-24,L100000100657,Hebi power station,Henan,35.851366,114.1798126,0,,,OMSO2e,4,0.270000010728836,2
2026-06-24,L100000100664,Henan Xin'an power station,Henan,34.7413202,112.0634119,0,,,OMSO2e,4,,0
2026-06-24,L100000100665,Henan Xinmi power station,Henan,34.50003,113.59801,0,,,OMSO2e,4,,0
2026-06-24,L100000100677,Qinbei power station,Henan,35.1676,112.71654,0,,,OMSO2e,4,0.0,2
2026-06-24,L100000100680,Jiaozuo Danhe power station,Henan,35.188487,112.887561,0,,,OMSO2e,4,0.0,3
2026-06-24,L100000100696,Nanyang Yahekou power station,Henan,33.3086427,112.644474,0,,,OMSO2e,4,,0
2026-06-24,L100000100697,Pingdingshan Luyang power station,Henan,33.82189,113.01438,0,,,OMSO2e,4,,0
2026-06-24,L100000100707,Nanyang Neixiang power station,Henan,33.086416,111.90004,0,,,OMSO2e,4,,0
2026-06-24,L100000100716,Xuchang Yulong power station,Henan,34.1751132,113.3581446,0,,,OMSO2e,4,,0
2026-06-24,L100000100717,Yaomeng power station,Henan,33.7379928,113.2418822,0,,,OMSO2e,4,,0
2026-06-24,L100000100730,Dabieshan power station,Hubei,31.1420662,114.8921871,1,HB_pilot,2014.0,OMSO2e,4,,0
2026-06-24,L100000100737,Hanchuan power station,Hubei,30.6566087,113.9172741,1,HB_pilot,2014.0,OMSO2e,4,,0
2026-06-24,L100000100740,Huadian Xisaishan power station,Hubei,30.203056,115.180278,1,HB_pilot,2014.0,OMSO2e,4,,0
2026-06-24,L100000100742,Yangluo power station,Hubei,30.6938889,114.5430556,1,HB_pilot,2014.0,OMSO2e,4,,0
2026-06-24,L100000100745,Hubei Ezhou power station,Hubei,30.5517656,114.6420121,1,HB_pilot,2014.0,OMSO2e,4,,0
2026-06-24,L100000100751,Puqi Xianning power station,Hubei,29.66523,113.87296,1,HB_pilot,2014.0,OMSO2e,4,,0
2026-06-24,L100000100760,Huadian Xiangyang power station,Hubei,31.9118256,112.16692,1,HB_pilot,2014.0,OMSO2e,4,,0
2026-06-24,L100000100771,Pingjiang power station,Hunan,28.808542,113.54144,0,,,OMSO2e,4,,0
2026-06-24,L100000100773,Huaneng Yueyang power station,Hunan,29.4497908,113.1623018,0,,,OMSO2e,4,,0
2026-06-24,L100000100779,Jinzhushan power station,Hunan,27.6252776,111.4823651,0,,,OMSO2e,4,,0
2026-06-24,L100000100782,Liyujiang power station,Hunan,25.940443,113.192476,0,,,OMSO2e,4,,0
2026-06-24,L100000100785,Shenhua Yongzhou power station,Hunan,26.56672,111.492692,0,,,OMSO2e,4,,0
2026-06-24,L100000100786,Guoneng Yueyang power station,Hunan,29.6129835,112.754572,0,,,OMSO2e,4,,0
2026-06-24,L100000100788,Xiangtan power station,Hunan,27.8282792,112.9968045,0,,,OMSO2e,4,,0
2026-06-24,L100000100789,Yiyang power station,Hunan,28.5966667,112.2686111,0,,,OMSO2e,4,,0
2026-06-24,L100000100795,Baotou Aluminum power station,Inner Mongolia,40.557202,110.148382,1,IM_voluntary,2015.0,OMSO2e,4,0.1200000271201133,6
2026-06-24,L100000100811,Chifeng Yuanbaoshan power station,Inner Mongolia,42.303333,119.324167,1,IM_voluntary,2015.0,OMSO2e,4,,0
2026-06-24,L100000100813,Chuangyuan Smelter power station,Inner Mongolia,45.437275,119.427496,1,IM_voluntary,2015.0,OMSO2e,4,,0
2026-06-24,L100000100822,Daihai power station,Inner Mongolia,40.519675,112.667725,1,IM_voluntary,2015.0,OMSO2e,4,0.3933333158493042,6
2026-06-24,L100000100823,Dalate power station,Inner Mongolia,40.36695,109.99604,1,IM_voluntary,2015.0,OMSO2e,4,0.293749988079071,8
2026-06-24,L100000100830,Togtoh power station,Inner Mongolia,40.1952329,111.358881,1,IM_voluntary,2015.0,OMSO2e,4,0.3816666603088379,6
2026-06-24,L100000100845,Guoneng Shanghaimiao power station,Inner Mongolia,38.309587,106.679378,1,IM_voluntary,2015.0,OMSO2e,4,,0
2026-06-24,L100000100847,Jiangsu Energy Group Wulagai power station,Inner Mongolia,45.955947,119.106454,1,IM_voluntary,2015.0,OMSO2e,4,,0
2026-06-24,L100000100861,Hohhot Jinshan cogen power station,Inner Mongolia,40.7072133,111.4600879,1,IM_voluntary,2015.0,OMSO2e,4,-0.2549999952316284,6
2026-06-24,L100000100863,Hongjun Aluminum power station,Inner Mongolia,45.5128784,119.6504373,1,IM_voluntary,2015.0,OMSO2e,4,,0
2026-06-24,L100000100887,Shangdu power station,Inner Mongolia,42.22369,116.029256,1,IM_voluntary,2015.0,OMSO2e,4,0.0399999991059303,1
2026-06-24,L100000100888,Inner Mongolia Changcheng power station,Inner Mongolia,38.249688,106.657876,1,IM_voluntary,2015.0,OMSO2e,4,,0
2026-06-24,L100000100894,Yimin power station,Inner Mongolia,48.549722,119.773889,1,IM_voluntary,2015.0,OMSO2e,4,,0
2026-06-24,L100000100899,Huolinhe Zhanute power station,Inner Mongolia,45.409847,119.596739,1,IM_voluntary,2015.0,OMSO2e,4,,0
2026-06-24,L100000100910,Jining power station,Inner Mongolia,41.053294,113.153289,1,IM_voluntary,2015.0,OMSO2e,4,-0.2849999964237213,6
2026-06-24,L100000100913,Junggar Suancigou power station,Inner Mongolia,39.711744,111.200548,1,IM_voluntary,2015.0,OMSO2e,4,0.1799999922513961,6
2026-06-24,L100000100933,Mengtai Beijiao power station,Inner Mongolia,39.846004,109.984888,1,IM_voluntary,2015.0,OMSO2e,4,0.2649999856948852,8
2026-06-24,L100000100937,Ordos Power Qipanjing power station,Inner Mongolia,39.385235,106.965664,1,IM_voluntary,2015.0,OMSO2e,4,-0.2300000041723251,2
2026-06-24,L100000100948,Inner Mongolia Shenglu power station,Inner Mongolia,38.373756,106.782583,1,IM_voluntary,2015.0,OMSO2e,4,,0
2026-06-24,L100000100954,Tongliao power station,Inner Mongolia,43.6713737,122.1535206,1,IM_voluntary,2015.0,OMSO2e,4,,0
2026-06-24,L100000100969,Changshu-1 power station,Jiangsu,31.753204,120.9634852,0,,,OMSO2e,4,,0
2026-06-24,L100000100970,Changshu-2 power station,Jiangsu,31.757764,120.97813,0,,,OMSO2e,4,,0
2026-06-24,L100000100973,Yancheng Binhai power station,Jiangsu,34.307421,120.246943,0,,,OMSO2e,4,,0
2026-06-24,L100000100974,Changzhou power station,Jiangsu,31.9583333,119.9925,0,,,OMSO2e,4,,0
2026-06-24,L100000100982,Taizhou power station,Jiangsu,32.187206,119.914444,0,,,OMSO2e,4,,0
2026-06-24,L100000100984,Guohua Xuzhou power station,Jiangsu,34.395144,117.259705,0,,,OMSO2e,4,,0
2026-06-24,L100000100988,Jurong power station,Jiangsu,32.19575,119.2497,0,,,OMSO2e,4,,0
2026-06-24,L100000100993,Jinling power station,Jiangsu,32.17178,119.01977,0,,,OMSO2e,4,,0
2026-06-24,L100000100997,Huaneng Taicang power station,Jiangsu,31.656908,121.17932,0,,,OMSO2e,4,,0
2026-06-24,L100000100998,Jianbi power station,Jiangsu,32.17693,119.57554,0,,,OMSO2e,4,,0
2026-06-24,L100000101000,Guoxin Jingjiang power station,Jiangsu,32.030487,120.383144,0,,,OMSO2e,4,,0
2026-06-24,L100000101005,Jiangsu Nantong power station,Jiangsu,32.03214,120.76956,0,,,OMSO2e,4,,0
2026-06-24,L100000101008,Jiangsu Sheyanggang power station,Jiangsu,33.8185009,120.4633498,0,,,OMSO2e,4,,0
2026-06-24,L100000101018,Ligang power station,Jiangsu,31.940813,120.0766476,0,,,OMSO2e,4,,0
2026-06-24,L100000101020,Lusigang power station,Jiangsu,32.05858,121.72669,0,,,OMSO2e,4,,0
2026-06-24,L100000101039,Xinhai power station,Jiangsu,34.57789,119.12671,0,,,OMSO2e,4,-0.0874999985098838,4
2026-06-24,L100000101044,Xuzhou Pengcheng power station,Jiangsu,34.3779,117.17591,0,,,OMSO2e,4,,0
2026-06-24,L100000101047,Guoxin Yangzhou power station,Jiangsu,32.267778,119.419444,0,,,OMSO2e,4,,0
2026-06-24,L100000101053,Zhangjiagang Shazhou power station,Jiangsu,31.989733,120.6879258,0,,,OMSO2e,4,,0
2026-06-24,L100000101057,Fuzhou power station,Jiangxi,27.7844943,116.5644289,0,,,OMSO2e,4,,0
2026-06-24,L100000101058,Datang Xinyu power station,Jiangxi,27.679755,114.956506,0,,,OMSO2e,4,,0
2026-06-24,L100000101060,Fengcheng power station,Jiangxi,28.1943602,115.7088424,0,,,OMSO2e,4,,0
2026-06-24,L100000101063,Guixi power station,Jiangxi,28.28914,117.2235,0,,,OMSO2e,4,,0
2026-06-24,L100000101068,Jinggangshan power station,Jiangxi,27.0474697,115.0203859,0,,,OMSO2e,4,,0
2026-06-24,L100000101069,Ruijin power station,Jiangxi,25.9244055,115.1028219,0,,,OMSO2e,4,,0
2026-06-24,L100000101074,Shenhua Jiujiang power station,Jiangxi,29.826619,116.375973,0,,,OMSO2e,4,,0
2026-06-24,L100000101114,Shuangliao power station,Jilin,43.5282178,123.4633255,0,,,OMSO2e,4,,0
2026-06-24,L100000101160,Yingkou power station,Liaoning,40.303837,122.105968,0,,,OMSO2e,4,,0
2026-06-24,L100000101178,Suizhong power station,Liaoning,40.07962,120.00959,0,,,OMSO2e,4,,0
2026-06-24,L100000101181,Tieling power station,Liaoning,42.3450141,123.8030455,0,,,OMSO2e,4,,0
2026-06-24,L100000101187,Daba power station,Ningxia,37.9916691,105.9247833,0,,,OMSO2e,4,,0
2026-06-24,L100000101190,Ningdong Fangjiazhuang power station,Ningxia,37.837649,106.666501,0,,,OMSO2e,4,,0
2026-06-24,L100000101191,Shizuishan power station,Ningxia,39.2848224,106.7890371,0,,,OMSO2e,4,,0
2026-06-24,L100000101192,Ningdong power station,Ningxia,37.844757,106.786777,0,,,OMSO2e,4,,0
2026-06-24,L100000101203,Ningxia Lingwu power station,Ningxia,38.148333,106.345833,0,,,OMSO2e,4,,0
2026-06-24,L100000101219,Yuanyang Lake power station,Ningxia,38.0575,106.691389,0,,,OMSO2e,4,,0
2026-06-24,L100000101244,Fugu Qingshuichuan power station,Shaanxi,39.2048853,111.1190328,0,,,OMSO2e,4,0.1899999976158142,4
2026-06-24,L100000101246,Guodian Baoji-2 power station,Shaanxi,34.4980333,107.2181511,0,,,OMSO2e,4,,0
2026-06-24,L100000101252,Hancheng power station,Shaanxi,35.6007189,110.5557051,0,,,OMSO2e,4,-0.2299999892711639,5
2026-06-24,L100000101265,Leilongwan power station,Shaanxi,37.925376,109.101678,0,,,OMSO2e,4,0.3300000131130218,3
2026-06-24,L100000101269,Pucheng power station,Shaanxi,34.9779314,109.7999759,0,,,OMSO2e,4,-0.3300000131130218,3
2026-06-24,L100000101277,Fugu Miaogoumen power station,Shaanxi,39.208319,110.784956,0,,,OMSO2e,4,0.1119999885559082,5
2026-06-24,L100000101278,Jinjie power station,Shaanxi,38.7368389,110.1661297,0,,,OMSO2e,4,,0
2026-06-24,L100000101297,Yulin Hengshan power station,Shaanxi,38.03372,109.415067,0,,,OMSO2e,4,0.3300000131130218,3
2026-06-24,L100000101307,Binzhou Boxing power station,Shandong,37.27629,118.330855,0,,,OMSO2e,4,0.25,2
2026-06-24,L100000101316,Datang Dongying power station,Shandong,38.113151,118.910229,0,,,OMSO2e,4,0.0600000098347663,7
2026-06-24,L100000101332,Guohua Shouguang power station,Shandong,37.269686,118.906738,0,,,OMSO2e,4,0.2800000011920929,6
2026-06-24,L100000101339,Huadian Laizhou power station,Shandong,37.432222,120.018056,0,,,OMSO2e,4,0.1866666674613952,3
2026-06-24,L100000101341,Shiliquan power station,Shandong,34.814444,117.573056,0,,,OMSO2e,4,-0.1325000077486038,4
2026-06-24,L100000101342,Huadian Weifang power station,Shandong,36.6656392,119.2632115,0,,,OMSO2e,4,0.0225000046193599,8
2026-06-24,L100000101344,Huaneng Dezhou power station,Shandong,37.449349,116.2415516,0,,,OMSO2e,4,,0
2026-06-24,L100000101348,Huaneng Laiwu power station,Shandong,36.1342702,117.6849675,0,,,OMSO2e,4,-0.0539999976754188,5
2026-06-24,L100000101383,Rizhao power station,Shandong,35.3454727,119.5104761,0,,,OMSO2e,4,-0.0185714345425367,7
2026-06-24,L100000101399,Shiheng-2 power station,Shandong,36.2123187,116.5136301,0,,,OMSO2e,4,,0
2026-06-24,L100000101409,Weihai power station,Shandong,37.44899,122.20724,0,,,OMSO2e,4,,0
2026-06-24,L100000101415,Weiqiao Huji power station,Shandong,37.347901,117.781587,0,,,OMSO2e,4,,0
2026-06-24,L100000101420,Weiqiao Zouping-1 power station,Shandong,36.9106725,117.7853572,0,,,OMSO2e,4,,0
2026-06-24,L100000101425,Weiqiao Zouping-7 power station,Shandong,36.896297,117.860459,0,,,OMSO2e,4,,0
2026-06-24,L100000101429,Shandong Xinfa Xinyuan power station,Shandong,36.615766,116.225215,0,,,OMSO2e,4,0.4350000023841858,4
2026-06-24,L100000101442,Zouxian power station,Shandong,35.3255698,116.9260912,0,,,OMSO2e,4,-0.1749999970197677,4
2026-06-24,L100000101444,Shanghai Caojing power station,Shanghai,30.76073,121.4008,1,SH_pilot,2013.0,OMSO2e,4,,0
2026-06-24,L100000101447,Shanghai Shidongkou power station,Shanghai,31.4650719,121.4048433,1,SH_pilot,2013.0,OMSO2e,4,,0
2026-06-24,L100000101448,Waigaoqiao power station,Shanghai,31.3536333,121.6002746,1,SH_pilot,2013.0,OMSO2e,4,,0
2026-06-24,L100000101515,Shanxi Zhaoguang power station,Shanxi,36.5537987,111.6917736,0,,,OMSO2e,4,,0
2026-06-24,L100000101518,Shenhua Hequ power station,Shanxi,39.3830746,111.1843014,0,,,OMSO2e,4,0.164000004529953,5
2026-06-24,L100000101519,Shentou power station,Shanxi,39.550981,112.488736,0,,,OMSO2e,4,0.0966666713356971,6
2026-06-24,L100000101529,Tongmei Tashan power station,Shanxi,39.9249917,113.0839199,0,,,OMSO2e,4,0.3271428644657135,7
2026-06-24,L100000101542,Xishan Gujiao power station,Shanxi,37.8952266,112.0930982,0,,,OMSO2e,4,,0
2026-06-24,L100000101543,Yangcheng power station,Shanxi,35.466123,112.5742039,0,,,OMSO2e,4,-0.1466666609048843,6
2026-06-24,L100000101551,Yuguang Coal power station,Shanxi,38.078135,113.482791,0,,,OMSO2e,4,,0
2026-06-24,L100000101554,Zhangshan power station,Shanxi,36.326115,113.081402,0,,,OMSO2e,4,,0
2026-06-24,L100000101555,Changzhi power station,Shanxi,36.3226498,113.0816012,0,,,OMSO2e,4,,0
2026-06-24,L100000101567,Guang'an power station,Sichuan,30.5288201,106.8264802,0,,,OMSO2e,4,,0
2026-06-24,L100000101580,Tianming power station,Sichuan,31.869616,104.910148,0,,,OMSO2e,4,,0
2026-06-24,L100000101588,Panshan power station,Tianjin,39.9801382,117.4630704,1,TJ_pilot,2013.0,OMSO2e,4,,0
2026-06-24,L100000101589,Tianjin Beijiang power station,Tianjin,39.2193209,117.9298639,1,TJ_pilot,2013.0,OMSO2e,4,,0
2026-06-24,L100000101617,East Hope Metals Wucaiwan power station,Xinjiang,44.6829461,89.1158667,0,,,OMSO2e,4,0.0785714238882064,7
2026-06-24,L100000101668,Xinjiang Qiya Smelter power station,Xinjiang,44.8955881,89.049629,0,,,OMSO2e,4,0.0662499964237213,8
2026-06-24,L100000101675,Shenhua Guoneng Hami power station,Xinjiang,42.411226,93.009166,0,,,OMSO2e,4,0.125,8
2026-06-24,L100000101677,Shenhua Zhundong Wucaiwan power station,Xinjiang,44.795533,89.149825,0,,,OMSO2e,4,0.1016666665673255,6
2026-06-24,L100000101681,Tianchi Changji cogen power station,Xinjiang,44.004362,87.171961,0,,,OMSO2e,4,-0.0449999868869781,6
2026-06-24,L100000101682,Tianchi Energy Zhundong Wucaiwan power station,Xinjiang,44.8524482,89.1959171,0,,,OMSO2e,4,-0.0575000047683715,8
2026-06-24,L100000101696,Wucaiwan Bei'er power station,Xinjiang,44.8388927,89.1908616,0,,,OMSO2e,4,0.006666662171483,9
2026-06-24,L100000101697,Wujiaqu power station,Xinjiang,44.26892,87.687877,0,,,OMSO2e,4,-0.0949999988079071,6
2026-06-24,L100000101709,XPCC Shihezi Cogen power station,Xinjiang,44.428094,86.093609,0,,,OMSO2e,4,-0.1942857354879379,7
2026-06-24,L100000101716,Diandong power station,Yunnan,25.19943,104.6819,0,,,OMSO2e,4,,0
2026-06-24,L100000101730,Wushashan power station,Zhejiang,29.505411,121.662934,0,,,OMSO2e,4,,0
2026-06-24,L100000101731,Beilun power station,Zhejiang,29.9427256,121.8131207,0,,,OMSO2e,4,,0
2026-06-24,L100000101732,Guohua Zhoushan power station,Zhejiang,30.103996,122.184817,0,,,OMSO2e,4,,0
2026-06-24,L100000101736,Yuhuan power station,Zhejiang,28.1151529,121.1391369,0,,,OMSO2e,4,0.0075000002980232,4
2026-06-24,L100000101737,China Resources Wenzhou power station,Zhejiang,27.4974228,120.6631851,0,,,OMSO2e,4,-0.2216666489839553,6
2026-06-24,L100000101739,Jiaxing power station,Zhejiang,30.62804,121.14422,0,,,OMSO2e,4,,0
2026-06-24,L100000101742,Lanxi power station,Zhejiang,29.1866175,119.5068449,0,,,OMSO2e,4,,0
2026-06-24,L100000101747,Ninghai power station,Zhejiang,29.4817622,121.5114792,0,,,OMSO2e,4,,0
2026-06-24,L100000101750,Zhejiang Taizhou-2 power station,Zhejiang,29.012395,121.695507,0,,,OMSO2e,4,,0
2026-06-24,L100000101761,Zheneng Liuheng power station,Zhejiang,29.7593387,122.1266091,0,,,OMSO2e,4,,0
2026-06-24,L100000101762,Zheneng Wenzhou power station,Zhejiang,27.9957103,120.8358582,0,,,OMSO2e,4,-0.0549999959766864,6
2026-06-24,L100000101763,Zheneng Yueqing power station,Zhejiang,28.1704074,121.0889375,0,,,OMSO2e,4,0.0075000002980232,4
2026-06-24,L100000104506,Fu County power station,Shaanxi,35.858656,109.2167,0,,,OMSO2e,4,0.3880000114440918,5
2026-06-24,L100000104758,Hubei Yicheng power station,Hubei,31.781843,112.129461,1,HB_pilot,2014.0,OMSO2e,4,,0
2026-06-24,L100000104917,Shanggao power station,Jiangxi,28.185566,114.825697,0,,,OMSO2e,4,,0
2026-06-24,L100000104944,Hami-Chongqing UHV Transmission Line power station,Xinjiang,44.53792,92.926001,0,,,OMSO2e,4,,0
2026-06-24,L100000104970,Jiangsu Guoxin Shazhou power station,Jiangsu,31.985654,120.684419,0,,,OMSO2e,4,,0
2026-06-24,L100000105025,Datong-2 power station,Shanxi,40.0279118,113.2933181,0,,,OMSO2e,4,0.3916666805744171,6
